train_id,date,day_of_week,origin_station,destination_station,scheduled_departure,scheduled_arrival,actual_departure,actual_arrival,current_delay_min,distance_km,weather,congestion_level,hour_of_day,is_weekend,is_holiday,future_delay_min,future_delay_hms
T100,2024-01-01,Monday,Howrah,Bardhaman,05:00,06:30,05:00,06:57,0.0,95,Clear,High,5,False,False,27.8,0h 27m 48s
T100,2024-01-01,Monday,Bardhaman,Durgapur,06:30,07:20,06:57,07:57,27.8,55,Clear,Low,6,False,False,37.4,0h 37m 24s
T100,2024-01-01,Monday,Durgapur,Asansol,07:20,08:00,07:57,08:44,37.4,40,Clear,Medium,7,False,False,44.7,0h 44m 42s
T100,2024-01-01,Monday,Asansol,Dhanbad,08:00,09:00,08:44,10:07,44.7,60,Clear,Medium,8,False,False,67.4,1h 7m 24s
T101,2024-01-01,Monday,Howrah,Bardhaman,07:00,08:30,07:00,08:49,0.0,95,Clear,High,7,False,False,19.5,0h 19m 30s
T101,2024-01-01,Monday,Bardhaman,Durgapur,08:30,09:20,08:49,09:50,19.5,55,Clear,Medium,8,False,False,30.2,0h 30m 12s
T101,2024-01-01,Monday,Durgapur,Asansol,09:20,10:00,09:50,10:51,30.2,40,Clear,High,9,False,False,51.7,0h 51m 42s
T101,2024-01-01,Monday,Asansol,Dhanbad,10:00,11:00,10:51,12:09,51.7,60,Clear,High,10,False,False,69.6,1h 9m 36s
T102,2024-01-01,Monday,Howrah,Bardhaman,09:00,10:30,09:00,10:44,0.0,95,Clear,High,9,False,False,14.1,0h 14m 6s
T102,2024-01-01,Monday,Bardhaman,Durgapur,10:30,11:20,10:44,12:12,14.1,55,Fog,Medium,10,False,False,52.1,0h 52m 6s
T102,2024-01-01,Monday,Durgapur,Asansol,11:20,12:00,12:12,13:02,52.1,40,Clear,Low,11,False,False,62.0,1h 2m 0s
T102,2024-01-01,Monday,Asansol,Dhanbad,12:00,13:00,13:02,14:11,62.0,60,Clear,Low,12,False,False,71.3,1h 11m 18s
T103,2024-01-01,Monday,Howrah,Bardhaman,11:00,12:30,11:00,12:50,0.0,95,Rain,Low,11,False,False,20.5,0h 20m 30s
T103,2024-01-01,Monday,Bardhaman,Durgapur,12:30,13:20,12:50,14:04,20.5,55,Clear,Medium,12,False,False,44.7,0h 44m 42s
T103,2024-01-01,Monday,Durgapur,Asansol,13:20,14:00,14:04,15:15,44.7,40,Clear,Medium,13,False,False,75.9,1h 15m 54s
T103,2024-01-01,Monday,Asansol,Dhanbad,14:00,15:00,15:15,16:37,75.9,60,Rain,Low,14,False,False,97.9,1h 37m 54s
T104,2024-01-01,Monday,Howrah,Bardhaman,13:00,14:30,13:00,14:42,0.0,95,Rain,Medium,13,False,False,12.7,0h 12m 42s
T104,2024-01-01,Monday,Bardhaman,Durgapur,14:30,15:20,14:42,15:38,12.7,55,Clear,Medium,14,False,False,18.9,0h 18m 54s
T104,2024-01-01,Monday,Durgapur,Asansol,15:20,16:00,15:38,16:34,18.9,40,Clear,Medium,15,False,False,34.7,0h 34m 42s
T104,2024-01-01,Monday,Asansol,Dhanbad,16:00,17:00,16:34,17:47,34.7,60,Rain,Low,16,False,False,47.7,0h 47m 42s
T105,2024-01-01,Monday,Howrah,Bardhaman,15:00,16:30,15:00,16:37,0.0,95,Clear,Low,15,False,False,7.0,0h 7m 0s
T105,2024-01-01,Monday,Bardhaman,Durgapur,16:30,17:20,16:37,17:33,7.0,55,Clear,Medium,16,False,False,13.1,0h 13m 6s
T105,2024-01-01,Monday,Durgapur,Asansol,17:20,18:00,17:33,18:45,13.1,40,Fog,Medium,17,False,False,45.8,0h 45m 48s
T105,2024-01-01,Monday,Asansol,Dhanbad,18:00,19:00,18:45,20:28,45.8,60,Fog,High,18,False,False,88.8,1h 28m 48s
T106,2024-01-01,Monday,Howrah,Bardhaman,17:00,18:30,17:00,19:06,0.0,95,Rain,Medium,17,False,False,36.7,0h 36m 42s
T106,2024-01-01,Monday,Bardhaman,Durgapur,18:30,19:20,19:06,20:32,36.7,55,Clear,High,18,False,False,72.5,1h 12m 30s
T106,2024-01-01,Monday,Durgapur,Asansol,19:20,20:00,20:32,21:49,72.5,40,Clear,High,19,False,False,109.4,1h 49m 24s
T106,2024-01-01,Monday,Asansol,Dhanbad,20:00,21:00,21:49,23:05,109.4,60,Clear,Low,20,False,False,125.7,2h 5m 42s
T107,2024-01-01,Monday,Howrah,Bardhaman,19:00,20:30,19:00,21:19,0.0,95,Fog,Medium,19,False,False,49.3,0h 49m 18s
T107,2024-01-01,Monday,Bardhaman,Durgapur,20:30,21:20,21:19,22:29,49.3,55,Fog,Low,20,False,False,69.6,1h 9m 36s
T107,2024-01-01,Monday,Durgapur,Asansol,21:20,22:00,22:29,23:20,69.6,40,Clear,Low,21,False,False,80.7,1h 20m 42s
T107,2024-01-01,Monday,Asansol,Dhanbad,22:00,23:00,23:20,00:39,80.7,60,Clear,Medium,22,False,False,100.0,1h 40m 0s
T100,2024-01-02,Tuesday,Howrah,Bardhaman,05:00,06:30,05:00,06:44,0.0,95,Clear,Low,5,False,False,14.4,0h 14m 24s
T100,2024-01-02,Tuesday,Bardhaman,Durgapur,06:30,07:20,06:44,07:58,14.4,55,Clear,Medium,6,False,False,38.2,0h 38m 12s
T100,2024-01-02,Tuesday,Durgapur,Asansol,07:20,08:00,07:58,08:54,38.2,40,Clear,High,7,False,False,54.0,0h 54m 0s
T100,2024-01-02,Tuesday,Asansol,Dhanbad,08:00,09:00,08:54,10:13,54.0,60,Clear,High,8,False,False,73.8,1h 13m 48s
T101,2024-01-02,Tuesday,Howrah,Bardhaman,07:00,08:30,07:00,08:37,0.0,95,Clear,Medium,7,False,False,7.8,0h 7m 48s
T101,2024-01-02,Tuesday,Bardhaman,Durgapur,08:30,09:20,08:37,10:01,7.8,55,Fog,Medium,8,False,False,41.5,0h 41m 30s
T101,2024-01-02,Tuesday,Durgapur,Asansol,09:20,10:00,10:01,11:16,41.5,40,Fog,High,9,False,False,76.7,1h 16m 42s
T101,2024-01-02,Tuesday,Asansol,Dhanbad,10:00,11:00,11:16,12:24,76.7,60,Clear,Low,10,False,False,84.5,1h 24m 30s
T102,2024-01-02,Tuesday,Howrah,Bardhaman,09:00,10:30,09:00,11:05,0.0,95,Clear,High,9,False,False,36.0,0h 36m 0s
T102,2024-01-02,Tuesday,Bardhaman,Durgapur,10:30,11:20,11:05,12:07,36.0,55,Clear,Low,10,False,False,47.6,0h 47m 36s
T102,2024-01-02,Tuesday,Durgapur,Asansol,11:20,12:00,12:07,13:15,47.6,40,Rain,Medium,11,False,False,75.0,1h 15m 0s
T102,2024-01-02,Tuesday,Asansol,Dhanbad,12:00,13:00,13:15,14:45,75.0,60,Clear,High,12,False,False,105.4,1h 45m 24s
T103,2024-01-02,Tuesday,Howrah,Bardhaman,11:00,12:30,11:00,12:56,0.0,95,Clear,Low,11,False,False,26.0,0h 26m 0s
T103,2024-01-02,Tuesday,Bardhaman,Durgapur,12:30,13:20,12:56,14:04,26.0,55,Clear,Low,12,False,False,44.5,0h 44m 30s
T103,2024-01-02,Tuesday,Durgapur,Asansol,13:20,14:00,14:04,15:04,44.5,40,Clear,Low,13,False,False,64.0,1h 4m 0s
T103,2024-01-02,Tuesday,Asansol,Dhanbad,14:00,15:00,15:04,16:28,64.0,60,Clear,Medium,14,False,False,88.4,1h 28m 24s
T104,2024-01-02,Tuesday,Howrah,Bardhaman,13:00,14:30,13:00,14:42,0.0,95,Clear,Low,13,False,False,12.1,0h 12m 6s
T104,2024-01-02,Tuesday,Bardhaman,Durgapur,14:30,15:20,14:42,15:35,12.1,55,Clear,Low,14,False,False,15.1,0h 15m 6s
T104,2024-01-02,Tuesday,Durgapur,Asansol,15:20,16:00,15:35,16:40,15.1,40,Rain,Medium,15,False,False,40.8,0h 40m 48s
T104,2024-01-02,Tuesday,Asansol,Dhanbad,16:00,17:00,16:40,17:45,40.8,60,Clear,Low,16,False,False,45.8,0h 45m 48s
T105,2024-01-02,Tuesday,Howrah,Bardhaman,15:00,16:30,15:00,16:30,0.0,95,Clear,Low,15,False,False,0.0,0h 0m 0s
T105,2024-01-02,Tuesday,Bardhaman,Durgapur,16:30,17:20,16:30,17:22,0.0,55,Clear,Low,16,False,False,2.5,0h 2m 30s
T105,2024-01-02,Tuesday,Durgapur,Asansol,17:20,18:00,17:22,18:32,2.5,40,Clear,High,17,False,False,32.3,0h 32m 18s
T105,2024-01-02,Tuesday,Asansol,Dhanbad,18:00,19:00,18:32,19:58,32.3,60,Fog,High,18,False,False,58.6,0h 58m 36s
T106,2024-01-02,Tuesday,Howrah,Bardhaman,17:00,18:30,17:00,19:02,0.0,95,Rain,Medium,17,False,False,32.5,0h 32m 30s
T106,2024-01-02,Tuesday,Bardhaman,Durgapur,18:30,19:20,19:02,20:11,32.5,55,Clear,Low,18,False,False,51.2,0h 51m 12s
T106,2024-01-02,Tuesday,Durgapur,Asansol,19:20,20:00,20:11,21:27,51.2,40,Clear,High,19,False,False,87.1,1h 27m 6s
T106,2024-01-02,Tuesday,Asansol,Dhanbad,20:00,21:00,21:27,23:08,87.1,60,Rain,Medium,20,False,False,128.2,2h 8m 12s
T107,2024-01-02,Tuesday,Howrah,Bardhaman,19:00,20:30,19:00,21:28,0.0,95,Rain,High,19,False,False,58.9,0h 58m 54s
T107,2024-01-02,Tuesday,Bardhaman,Durgapur,20:30,21:20,21:28,22:54,58.9,55,Rain,Medium,20,False,False,94.5,1h 34m 30s
T107,2024-01-02,Tuesday,Durgapur,Asansol,21:20,22:00,22:54,23:47,94.5,40,Clear,Low,21,False,False,107.2,1h 47m 12s
T107,2024-01-02,Tuesday,Asansol,Dhanbad,22:00,23:00,23:47,01:05,107.2,60,Clear,Low,22,False,False,125.3,2h 5m 18s
T100,2024-01-03,Wednesday,Howrah,Bardhaman,05:00,06:30,05:00,06:37,0.0,95,Clear,Medium,5,False,False,7.3,0h 7m 18s
T100,2024-01-03,Wednesday,Bardhaman,Durgapur,06:30,07:20,06:37,07:46,7.3,55,Clear,Medium,6,False,False,26.6,0h 26m 36s
T100,2024-01-03,Wednesday,Durgapur,Asansol,07:20,08:00,07:46,08:36,26.6,40,Clear,Low,7,False,False,37.0,0h 37m 0s
T100,2024-01-03,Wednesday,Asansol,Dhanbad,08:00,09:00,08:36,10:24,37.0,60,Clear,High,8,False,False,85.0,1h 25m 0s
T101,2024-01-03,Wednesday,Howrah,Bardhaman,07:00,08:30,07:00,08:38,0.0,95,Clear,High,7,False,False,8.6,0h 8m 36s
T101,2024-01-03,Wednesday,Bardhaman,Durgapur,08:30,09:20,08:38,09:47,8.6,55,Rain,Medium,8,False,False,27.4,0h 27m 24s
T101,2024-01-03,Wednesday,Durgapur,Asansol,09:20,10:00,09:47,10:41,27.4,40,Clear,Medium,9,False,False,41.8,0h 41m 48s
T101,2024-01-03,Wednesday,Asansol,Dhanbad,10:00,11:00,10:41,11:47,41.8,60,Clear,Medium,10,False,False,47.3,0h 47m 18s
T102,2024-01-03,Wednesday,Howrah,Bardhaman,09:00,10:30,09:00,11:43,0.0,95,Fog,High,9,False,False,73.5,1h 13m 30s
T102,2024-01-03,Wednesday,Bardhaman,Durgapur,10:30,11:20,11:43,12:47,73.5,55,Clear,Low,10,False,False,87.2,1h 27m 12s
T102,2024-01-03,Wednesday,Durgapur,Asansol,11:20,12:00,12:47,13:35,87.2,40,Clear,Low,11,False,False,95.9,1h 35m 54s
T102,2024-01-03,Wednesday,Asansol,Dhanbad,12:00,13:00,13:35,14:47,95.9,60,Clear,Low,12,False,False,107.4,1h 47m 24s
T103,2024-01-03,Wednesday,Howrah,Bardhaman,11:00,12:30,11:00,12:50,0.0,95,Clear,Low,11,False,False,20.9,0h 20m 54s
T103,2024-01-03,Wednesday,Bardhaman,Durgapur,12:30,13:20,12:50,13:57,20.9,55,Clear,Low,12,False,False,37.4,0h 37m 24s
T103,2024-01-03,Wednesday,Durgapur,Asansol,13:20,14:00,13:57,14:56,37.4,40,Clear,Medium,13,False,False,56.7,0h 56m 42s
T103,2024-01-03,Wednesday,Asansol,Dhanbad,14:00,15:00,14:56,16:25,56.7,60,Clear,Medium,14,False,False,85.9,1h 25m 54s
T104,2024-01-03,Wednesday,Howrah,Bardhaman,13:00,14:30,13:00,14:33,0.0,95,Clear,Low,13,False,False,3.2,0h 3m 12s
T104,2024-01-03,Wednesday,Bardhaman,Durgapur,14:30,15:20,14:33,15:33,3.2,55,Clear,Medium,14,False,False,13.5,0h 13m 30s
T104,2024-01-03,Wednesday,Durgapur,Asansol,15:20,16:00,15:33,16:50,13.5,40,Fog,Medium,15,False,False,50.1,0h 50m 6s
T104,2024-01-03,Wednesday,Asansol,Dhanbad,16:00,17:00,16:50,17:55,50.1,60,Fog,Low,16,False,False,55.4,0h 55m 24s
T105,2024-01-03,Wednesday,Howrah,Bardhaman,15:00,16:30,15:00,16:30,0.0,95,Clear,Low,15,False,False,0.2,0h 0m 12s
T105,2024-01-03,Wednesday,Bardhaman,Durgapur,16:30,17:20,16:30,17:32,0.2,55,Rain,Low,16,False,False,12.7,0h 12m 42s
T105,2024-01-03,Wednesday,Durgapur,Asansol,17:20,18:00,17:32,18:43,12.7,40,Clear,High,17,False,False,43.6,0h 43m 36s
T105,2024-01-03,Wednesday,Asansol,Dhanbad,18:00,19:00,18:43,19:58,43.6,60,Clear,High,18,False,False,58.4,0h 58m 24s
T106,2024-01-03,Wednesday,Howrah,Bardhaman,17:00,18:30,17:00,19:24,0.0,95,Rain,High,17,False,False,54.5,0h 54m 30s
T106,2024-01-03,Wednesday,Bardhaman,Durgapur,18:30,19:20,19:24,20:46,54.5,55,Clear,High,18,False,False,86.8,1h 26m 48s
T106,2024-01-03,Wednesday,Durgapur,Asansol,19:20,20:00,20:46,22:30,86.8,40,Rain,High,19,False,False,150.5,2h 30m 30s
T106,2024-01-03,Wednesday,Asansol,Dhanbad,20:00,21:00,22:30,00:10,150.5,60,Clear,High,20,False,False,190.3,3h 10m 18s
T107,2024-01-03,Wednesday,Howrah,Bardhaman,19:00,20:30,19:00,21:22,0.0,95,Fog,High,19,False,False,52.4,0h 52m 24s
T107,2024-01-03,Wednesday,Bardhaman,Durgapur,20:30,21:20,21:22,22:28,52.4,55,Clear,Medium,20,False,False,68.4,1h 8m 24s
T107,2024-01-03,Wednesday,Durgapur,Asansol,21:20,22:00,22:28,23:20,68.4,40,Clear,Low,21,False,False,80.8,1h 20m 48s
T107,2024-01-03,Wednesday,Asansol,Dhanbad,22:00,23:00,23:20,00:43,80.8,60,Clear,Medium,22,False,False,103.4,1h 43m 24s
T100,2024-01-04,Thursday,Howrah,Bardhaman,05:00,06:30,05:00,06:40,0.0,95,Clear,Low,5,False,False,10.9,0h 10m 54s
T100,2024-01-04,Thursday,Bardhaman,Durgapur,06:30,07:20,06:40,07:38,10.9,55,Clear,Low,6,False,False,18.4,0h 18m 24s
T100,2024-01-04,Thursday,Durgapur,Asansol,07:20,08:00,07:38,08:44,18.4,40,Clear,High,7,False,False,44.0,0h 44m 0s
T100,2024-01-04,Thursday,Asansol,Dhanbad,08:00,09:00,08:44,09:57,44.0,60,Clear,High,8,False,False,57.2,0h 57m 12s
T101,2024-01-04,Thursday,Howrah,Bardhaman,07:00,08:30,07:00,09:00,0.0,95,Rain,High,7,False,False,30.1,0h 30m 6s
T101,2024-01-04,Thursday,Bardhaman,Durgapur,08:30,09:20,09:00,10:25,30.1,55,Clear,High,8,False,False,65.7,1h 5m 42s
T101,2024-01-04,Thursday,Durgapur,Asansol,09:20,10:00,10:25,11:22,65.7,40,Clear,High,9,False,False,82.2,1h 22m 12s
T101,2024-01-04,Thursday,Asansol,Dhanbad,10:00,11:00,11:22,12:30,82.2,60,Clear,Medium,10,False,False,90.5,1h 30m 30s
T102,2024-01-04,Thursday,Howrah,Bardhaman,09:00,10:30,09:00,11:04,0.0,95,Clear,High,9,False,False,34.5,0h 34m 30s
T102,2024-01-04,Thursday,Bardhaman,Durgapur,10:30,11:20,11:04,12:12,34.5,55,Clear,Medium,10,False,False,52.8,0h 52m 48s
T102,2024-01-04,Thursday,Durgapur,Asansol,11:20,12:00,12:12,13:17,52.8,40,Clear,Medium,11,False,False,77.2,1h 17m 12s
T102,2024-01-04,Thursday,Asansol,Dhanbad,12:00,13:00,13:17,14:47,77.2,60,Clear,High,12,False,False,107.9,1h 47m 54s
T103,2024-01-04,Thursday,Howrah,Bardhaman,11:00,12:30,11:00,12:43,0.0,95,Clear,Low,11,False,False,13.3,0h 13m 18s
T103,2024-01-04,Thursday,Bardhaman,Durgapur,12:30,13:20,12:43,13:48,13.3,55,Clear,Low,12,False,False,28.4,0h 28m 24s
T103,2024-01-04,Thursday,Durgapur,Asansol,13:20,14:00,13:48,15:28,28.4,40,Fog,High,13,False,False,88.2,1h 28m 12s
T103,2024-01-04,Thursday,Asansol,Dhanbad,14:00,15:00,15:28,16:51,88.2,60,Clear,Medium,14,False,False,111.2,1h 51m 12s
T104,2024-01-04,Thursday,Howrah,Bardhaman,13:00,14:30,13:00,14:59,0.0,95,Fog,Medium,13,False,False,29.8,0h 29m 48s
T104,2024-01-04,Thursday,Bardhaman,Durgapur,14:30,15:20,14:59,15:59,29.8,55,Fog,Low,14,False,False,39.9,0h 39m 54s
T104,2024-01-04,Thursday,Durgapur,Asansol,15:20,16:00,15:59,17:17,39.9,40,Fog,Medium,15,False,False,77.6,1h 17m 36s
T104,2024-01-04,Thursday,Asansol,Dhanbad,16:00,17:00,17:17,18:20,77.6,60,Clear,Low,16,False,False,80.7,1h 20m 42s
T105,2024-01-04,Thursday,Howrah,Bardhaman,15:00,16:30,15:00,17:02,0.0,95,Rain,High,15,False,False,32.7,0h 32m 42s
T105,2024-01-04,Thursday,Bardhaman,Durgapur,16:30,17:20,17:02,17:56,32.7,55,Clear,Low,16,False,False,36.2,0h 36m 12s
T105,2024-01-04,Thursday,Durgapur,Asansol,17:20,18:00,17:56,19:00,36.2,40,Clear,High,17,False,False,60.4,1h 0m 24s
T105,2024-01-04,Thursday,Asansol,Dhanbad,18:00,19:00,19:00,20:38,60.4,60,Clear,High,18,False,False,98.4,1h 38m 24s
T106,2024-01-04,Thursday,Howrah,Bardhaman,17:00,18:30,17:00,19:18,0.0,95,Clear,High,17,False,False,48.3,0h 48m 18s
T106,2024-01-04,Thursday,Bardhaman,Durgapur,18:30,19:20,19:18,21:13,48.3,55,Rain,High,18,False,False,113.7,1h 53m 42s
T106,2024-01-04,Thursday,Durgapur,Asansol,19:20,20:00,21:13,22:20,113.7,40,Clear,Medium,19,False,False,140.0,2h 20m 0s
T106,2024-01-04,Thursday,Asansol,Dhanbad,20:00,21:00,22:20,23:36,140.0,60,Clear,Low,20,False,False,156.9,2h 36m 54s
T107,2024-01-04,Thursday,Howrah,Bardhaman,19:00,20:30,19:00,21:14,0.0,95,Clear,High,19,False,False,44.6,0h 44m 36s
T107,2024-01-04,Thursday,Bardhaman,Durgapur,20:30,21:20,21:14,22:25,44.6,55,Rain,High,20,False,False,65.1,1h 5m 6s
T107,2024-01-04,Thursday,Durgapur,Asansol,21:20,22:00,22:25,23:19,65.1,40,Clear,High,21,False,False,79.5,1h 19m 30s
T107,2024-01-04,Thursday,Asansol,Dhanbad,22:00,23:00,23:19,00:31,79.5,60,Clear,Low,22,False,False,91.7,1h 31m 42s
T100,2024-01-05,Friday,Howrah,Bardhaman,05:00,06:30,05:00,06:34,0.0,95,Clear,Low,5,False,False,4.5,0h 4m 30s
T100,2024-01-05,Friday,Bardhaman,Durgapur,06:30,07:20,06:34,07:39,4.5,55,Rain,Low,6,False,False,19.9,0h 19m 54s
T100,2024-01-05,Friday,Durgapur,Asansol,07:20,08:00,07:39,08:27,19.9,40,Clear,Low,7,False,False,27.9,0h 27m 54s
T100,2024-01-05,Friday,Asansol,Dhanbad,08:00,09:00,08:27,09:34,27.9,60,Clear,Low,8,False,False,34.4,0h 34m 24s
T101,2024-01-05,Friday,Howrah,Bardhaman,07:00,08:30,07:00,08:43,0.0,95,Clear,High,7,False,False,13.8,0h 13m 48s
T101,2024-01-05,Friday,Bardhaman,Durgapur,08:30,09:20,08:43,09:52,13.8,55,Clear,High,8,False,False,32.7,0h 32m 42s
T101,2024-01-05,Friday,Durgapur,Asansol,09:20,10:00,09:52,11:05,32.7,40,Rain,High,9,False,False,65.5,1h 5m 30s
T101,2024-01-05,Friday,Asansol,Dhanbad,10:00,11:00,11:05,12:11,65.5,60,Clear,Low,10,False,False,71.6,1h 11m 36s
T102,2024-01-05,Friday,Howrah,Bardhaman,09:00,10:30,09:00,10:54,0.0,95,Clear,High,9,False,False,24.6,0h 24m 36s
T102,2024-01-05,Friday,Bardhaman,Durgapur,10:30,11:20,10:54,12:05,24.6,55,Clear,Medium,10,False,False,45.9,0h 45m 54s
T102,2024-01-05,Friday,Durgapur,Asansol,11:20,12:00,12:05,13:01,45.9,40,Clear,Medium,11,False,False,61.7,1h 1m 42s
T102,2024-01-05,Friday,Asansol,Dhanbad,12:00,13:00,13:01,14:09,61.7,60,Clear,Low,12,False,False,69.6,1h 9m 36s
T103,2024-01-05,Friday,Howrah,Bardhaman,11:00,12:30,11:00,12:40,0.0,95,Clear,Low,11,False,False,10.4,0h 10m 24s
T103,2024-01-05,Friday,Bardhaman,Durgapur,12:30,13:20,12:40,13:52,10.4,55,Clear,Low,12,False,False,32.3,0h 32m 18s
T103,2024-01-05,Friday,Durgapur,Asansol,13:20,14:00,13:52,15:03,32.3,40,Rain,Low,13,False,False,64.0,1h 4m 0s
T103,2024-01-05,Friday,Asansol,Dhanbad,14:00,15:00,15:03,16:22,64.0,60,Clear,Medium,14,False,False,82.6,1h 22m 36s
T104,2024-01-05,Friday,Howrah,Bardhaman,13:00,14:30,13:00,14:32,0.0,95,Clear,Low,13,False,False,2.2,0h 2m 12s
T104,2024-01-05,Friday,Bardhaman,Durgapur,14:30,15:20,14:32,15:29,2.2,55,Clear,Medium,14,False,False,9.3,0h 9m 18s
T104,2024-01-05,Friday,Durgapur,Asansol,15:20,16:00,15:29,16:11,9.3,40,Clear,Low,15,False,False,11.1,0h 11m 6s
T104,2024-01-05,Friday,Asansol,Dhanbad,16:00,17:00,16:11,17:12,11.1,60,Clear,Low,16,False,False,12.8,0h 12m 48s
T105,2024-01-05,Friday,Howrah,Bardhaman,15:00,16:30,15:00,16:49,0.0,95,Clear,High,15,False,False,19.6,0h 19m 36s
T105,2024-01-05,Friday,Bardhaman,Durgapur,16:30,17:20,16:49,17:58,19.6,55,Clear,High,16,False,False,38.3,0h 38m 18s
T105,2024-01-05,Friday,Durgapur,Asansol,17:20,18:00,17:58,19:19,38.3,40,Fog,High,17,False,False,79.4,1h 19m 24s
T105,2024-01-05,Friday,Asansol,Dhanbad,18:00,19:00,19:19,20:38,79.4,60,Fog,High,18,False,False,99.0,1h 39m 0s
T106,2024-01-05,Friday,Howrah,Bardhaman,17:00,18:30,17:00,18:46,0.0,95,Rain,Medium,17,False,False,16.9,0h 16m 54s
T106,2024-01-05,Friday,Bardhaman,Durgapur,18:30,19:20,18:46,20:16,16.9,55,Clear,High,18,False,False,56.6,0h 56m 36s
T106,2024-01-05,Friday,Durgapur,Asansol,19:20,20:00,20:16,21:19,56.6,40,Clear,High,19,False,False,79.7,1h 19m 42s
T106,2024-01-05,Friday,Asansol,Dhanbad,20:00,21:00,21:19,22:37,79.7,60,Clear,Low,20,False,False,97.5,1h 37m 30s
T107,2024-01-05,Friday,Howrah,Bardhaman,19:00,20:30,19:00,21:06,0.0,95,Clear,High,19,False,False,36.4,0h 36m 24s
T107,2024-01-05,Friday,Bardhaman,Durgapur,20:30,21:20,21:06,22:21,36.4,55,Clear,Medium,20,False,False,61.7,1h 1m 42s
T107,2024-01-05,Friday,Durgapur,Asansol,21:20,22:00,22:21,23:13,61.7,40,Clear,Low,21,False,False,74.0,1h 14m 0s
T107,2024-01-05,Friday,Asansol,Dhanbad,22:00,23:00,23:13,00:55,74.0,60,Rain,High,22,False,False,115.2,1h 55m 12s
T100,2024-01-06,Saturday,Howrah,Bardhaman,05:00,06:30,05:00,06:49,0.0,95,Fog,Low,5,True,False,19.5,0h 19m 30s
T100,2024-01-06,Saturday,Bardhaman,Durgapur,06:30,07:20,06:49,07:54,19.5,55,Rain,Low,6,True,False,34.5,0h 34m 30s
T100,2024-01-06,Saturday,Durgapur,Asansol,07:20,08:00,07:54,08:53,34.5,40,Clear,Medium,7,True,False,53.4,0h 53m 24s
T100,2024-01-06,Saturday,Asansol,Dhanbad,08:00,09:00,08:53,10:11,53.4,60,Rain,Low,8,True,False,71.5,1h 11m 30s
T101,2024-01-06,Saturday,Howrah,Bardhaman,07:00,08:30,07:00,08:30,0.0,95,Clear,Low,7,True,False,0.0,0h 0m 0s
T101,2024-01-06,Saturday,Bardhaman,Durgapur,08:30,09:20,08:30,09:30,0.0,55,Rain,Low,8,True,False,10.4,0h 10m 24s
T101,2024-01-06,Saturday,Durgapur,Asansol,09:20,10:00,09:30,10:34,10.4,40,Clear,High,9,True,False,34.2,0h 34m 12s
T101,2024-01-06,Saturday,Asansol,Dhanbad,10:00,11:00,10:34,11:53,34.2,60,Rain,Medium,10,True,False,53.1,0h 53m 6s
T102,2024-01-06,Saturday,Howrah,Bardhaman,09:00,10:30,09:00,10:44,0.0,95,Clear,Low,9,True,False,14.4,0h 14m 24s
T102,2024-01-06,Saturday,Bardhaman,Durgapur,10:30,11:20,10:44,11:50,14.4,55,Rain,Low,10,True,False,30.5,0h 30m 30s
T102,2024-01-06,Saturday,Durgapur,Asansol,11:20,12:00,11:50,12:44,30.5,40,Rain,Low,11,True,False,44.8,0h 44m 48s
T102,2024-01-06,Saturday,Asansol,Dhanbad,12:00,13:00,12:44,14:00,44.8,60,Clear,Medium,12,True,False,60.4,1h 0m 24s
T103,2024-01-06,Saturday,Howrah,Bardhaman,11:00,12:30,11:00,12:48,0.0,95,Clear,High,11,True,False,18.7,0h 18m 42s
T103,2024-01-06,Saturday,Bardhaman,Durgapur,12:30,13:20,12:48,13:56,18.7,55,Fog,Low,12,True,False,37.0,0h 37m 0s
T103,2024-01-06,Saturday,Durgapur,Asansol,13:20,14:00,13:56,15:13,37.0,40,Clear,High,13,True,False,73.0,1h 13m 0s
T103,2024-01-06,Saturday,Asansol,Dhanbad,14:00,15:00,15:13,16:50,73.0,60,Fog,Medium,14,True,False,110.5,1h 50m 30s
T104,2024-01-06,Saturday,Howrah,Bardhaman,13:00,14:30,13:00,14:30,0.0,95,Clear,Medium,13,True,False,0.6,0h 0m 36s
T104,2024-01-06,Saturday,Bardhaman,Durgapur,14:30,15:20,14:30,15:44,0.6,55,Rain,Low,14,True,False,24.3,0h 24m 18s
T104,2024-01-06,Saturday,Durgapur,Asansol,15:20,16:00,15:44,16:24,24.3,40,Clear,Low,15,True,False,24.3,0h 24m 18s
T104,2024-01-06,Saturday,Asansol,Dhanbad,16:00,17:00,16:24,17:24,24.3,60,Fog,Low,16,True,False,24.3,0h 24m 18s
T105,2024-01-06,Saturday,Howrah,Bardhaman,15:00,16:30,15:00,16:38,0.0,95,Clear,Low,15,True,False,8.5,0h 8m 30s
T105,2024-01-06,Saturday,Bardhaman,Durgapur,16:30,17:20,16:38,17:28,8.5,55,Clear,Low,16,True,False,8.5,0h 8m 30s
T105,2024-01-06,Saturday,Durgapur,Asansol,17:20,18:00,17:28,18:18,8.5,40,Clear,Medium,17,True,False,18.3,0h 18m 18s
T105,2024-01-06,Saturday,Asansol,Dhanbad,18:00,19:00,18:18,19:44,18.3,60,Fog,Low,18,True,False,44.1,0h 44m 6s
T106,2024-01-06,Saturday,Howrah,Bardhaman,17:00,18:30,17:00,18:52,0.0,95,Clear,Medium,17,True,False,22.5,0h 22m 30s
T106,2024-01-06,Saturday,Bardhaman,Durgapur,18:30,19:20,18:52,19:56,22.5,55,Clear,Low,18,True,False,36.7,0h 36m 42s
T106,2024-01-06,Saturday,Durgapur,Asansol,19:20,20:00,19:56,20:51,36.7,40,Clear,Low,19,True,False,52.0,0h 52m 0s
T106,2024-01-06,Saturday,Asansol,Dhanbad,20:00,21:00,20:51,21:57,52.0,60,Clear,Low,20,True,False,57.4,0h 57m 24s
T107,2024-01-06,Saturday,Howrah,Bardhaman,19:00,20:30,19:00,20:34,0.0,95,Clear,Low,19,True,False,5.0,0h 5m 0s
T107,2024-01-06,Saturday,Bardhaman,Durgapur,20:30,21:20,20:34,21:45,5.0,55,Clear,Medium,20,True,False,25.2,0h 25m 12s
T107,2024-01-06,Saturday,Durgapur,Asansol,21:20,22:00,21:45,22:35,25.2,40,Clear,Low,21,True,False,35.9,0h 35m 54s
T107,2024-01-06,Saturday,Asansol,Dhanbad,22:00,23:00,22:35,23:43,35.9,60,Clear,Low,22,True,False,43.1,0h 43m 6s
T100,2024-01-07,Sunday,Howrah,Bardhaman,05:00,06:30,05:00,06:38,0.0,95,Clear,Low,5,True,False,8.9,0h 8m 54s
T100,2024-01-07,Sunday,Bardhaman,Durgapur,06:30,07:20,06:38,07:43,8.9,55,Clear,Medium,6,True,False,23.9,0h 23m 54s
T100,2024-01-07,Sunday,Durgapur,Asansol,07:20,08:00,07:43,08:26,23.9,40,Clear,Low,7,True,False,26.4,0h 26m 24s
T100,2024-01-07,Sunday,Asansol,Dhanbad,08:00,09:00,08:26,09:51,26.4,60,Rain,Medium,8,True,False,51.2,0h 51m 12s
T101,2024-01-07,Sunday,Howrah,Bardhaman,07:00,08:30,07:00,08:35,0.0,95,Clear,Low,7,True,False,5.3,0h 5m 18s
T101,2024-01-07,Sunday,Bardhaman,Durgapur,08:30,09:20,08:35,09:25,5.3,55,Clear,Low,8,True,False,5.3,0h 5m 18s
T101,2024-01-07,Sunday,Durgapur,Asansol,09:20,10:00,09:25,10:15,5.3,40,Rain,Low,9,True,False,15.7,0h 15m 42s
T101,2024-01-07,Sunday,Asansol,Dhanbad,10:00,11:00,10:15,11:39,15.7,60,Rain,Low,10,True,False,39.3,0h 39m 18s
T102,2024-01-07,Sunday,Howrah,Bardhaman,09:00,10:30,09:00,10:47,0.0,95,Clear,Medium,9,True,False,17.2,0h 17m 12s
T102,2024-01-07,Sunday,Bardhaman,Durgapur,10:30,11:20,10:47,11:42,17.2,55,Clear,Low,10,True,False,22.3,0h 22m 18s
T102,2024-01-07,Sunday,Durgapur,Asansol,11:20,12:00,11:42,12:31,22.3,40,Clear,Medium,11,True,False,31.0,0h 31m 0s
T102,2024-01-07,Sunday,Asansol,Dhanbad,12:00,13:00,12:31,13:37,31.0,60,Clear,Low,12,True,False,37.2,0h 37m 12s
T103,2024-01-07,Sunday,Howrah,Bardhaman,11:00,12:30,11:00,13:14,0.0,95,Rain,Medium,11,True,False,44.1,0h 44m 6s
T103,2024-01-07,Sunday,Bardhaman,Durgapur,12:30,13:20,13:14,14:31,44.1,55,Clear,Medium,12,True,False,71.8,1h 11m 48s
T103,2024-01-07,Sunday,Durgapur,Asansol,13:20,14:00,14:31,15:28,71.8,40,Clear,Medium,13,True,False,88.0,1h 28m 0s
T103,2024-01-07,Sunday,Asansol,Dhanbad,14:00,15:00,15:28,16:43,88.0,60,Clear,Medium,14,True,False,104.0,1h 44m 0s
T104,2024-01-07,Sunday,Howrah,Bardhaman,13:00,14:30,13:00,15:12,0.0,95,Clear,High,13,True,False,42.1,0h 42m 6s
T104,2024-01-07,Sunday,Bardhaman,Durgapur,14:30,15:20,15:12,16:02,42.1,55,Clear,Low,14,True,False,42.1,0h 42m 6s
T104,2024-01-07,Sunday,Durgapur,Asansol,15:20,16:00,16:02,16:51,42.1,40,Clear,Medium,15,True,False,51.9,0h 51m 54s
T104,2024-01-07,Sunday,Asansol,Dhanbad,16:00,17:00,16:51,17:51,51.9,60,Clear,Low,16,True,False,51.9,0h 51m 54s
T105,2024-01-07,Sunday,Howrah,Bardhaman,15:00,16:30,15:00,16:35,0.0,95,Clear,Medium,15,True,False,5.3,0h 5m 18s
T105,2024-01-07,Sunday,Bardhaman,Durgapur,16:30,17:20,16:35,17:43,5.3,55,Clear,High,16,True,False,23.2,0h 23m 12s
T105,2024-01-07,Sunday,Durgapur,Asansol,17:20,18:00,17:43,18:32,23.2,40,Clear,Medium,17,True,False,32.6,0h 32m 36s
T105,2024-01-07,Sunday,Asansol,Dhanbad,18:00,19:00,18:32,20:15,32.6,60,Fog,High,18,True,False,75.2,1h 15m 12s
T106,2024-01-07,Sunday,Howrah,Bardhaman,17:00,18:30,17:00,18:47,0.0,95,Clear,Low,17,True,False,17.3,0h 17m 18s
T106,2024-01-07,Sunday,Bardhaman,Durgapur,18:30,19:20,18:47,19:59,17.3,55,Rain,Low,18,True,False,39.5,0h 39m 30s
T106,2024-01-07,Sunday,Durgapur,Asansol,19:20,20:00,19:59,20:53,39.5,40,Clear,Low,19,True,False,53.9,0h 53m 54s
T106,2024-01-07,Sunday,Asansol,Dhanbad,20:00,21:00,20:53,22:06,53.9,60,Clear,Low,20,True,False,66.1,1h 6m 6s
T107,2024-01-07,Sunday,Howrah,Bardhaman,19:00,20:30,19:00,20:48,0.0,95,Clear,Medium,19,True,False,18.2,0h 18m 12s
T107,2024-01-07,Sunday,Bardhaman,Durgapur,20:30,21:20,20:48,21:48,18.2,55,Clear,Low,20,True,False,28.0,0h 28m 0s
T107,2024-01-07,Sunday,Durgapur,Asansol,21:20,22:00,21:48,22:45,28.0,40,Rain,Low,21,True,False,46.0,0h 46m 0s
T107,2024-01-07,Sunday,Asansol,Dhanbad,22:00,23:00,22:45,00:31,46.0,60,Rain,High,22,True,False,91.1,1h 31m 6s
T100,2024-01-08,Monday,Howrah,Bardhaman,05:00,06:30,05:00,07:10,0.0,95,Rain,High,5,False,False,40.5,0h 40m 30s
T100,2024-01-08,Monday,Bardhaman,Durgapur,06:30,07:20,07:10,08:15,40.5,55,Clear,Medium,6,False,False,55.0,0h 55m 0s
T100,2024-01-08,Monday,Durgapur,Asansol,07:20,08:00,08:15,09:06,55.0,40,Clear,Medium,7,False,False,66.4,1h 6m 24s
T100,2024-01-08,Monday,Asansol,Dhanbad,08:00,09:00,09:06,10:15,66.4,60,Clear,Low,8,False,False,75.3,1h 15m 18s
T101,2024-01-08,Monday,Howrah,Bardhaman,07:00,08:30,07:00,09:00,0.0,95,Clear,High,7,False,False,30.4,0h 30m 24s
T101,2024-01-08,Monday,Bardhaman,Durgapur,08:30,09:20,09:00,10:19,30.4,55,Fog,High,8,False,False,59.9,0h 59m 54s
T101,2024-01-08,Monday,Durgapur,Asansol,09:20,10:00,10:19,11:30,59.9,40,Fog,Medium,9,False,False,90.5,1h 30m 30s
T101,2024-01-08,Monday,Asansol,Dhanbad,10:00,11:00,11:30,12:41,90.5,60,Clear,Low,10,False,False,101.8,1h 41m 48s
T102,2024-01-08,Monday,Howrah,Bardhaman,09:00,10:30,09:00,10:51,0.0,95,Clear,Medium,9,False,False,21.3,0h 21m 18s
T102,2024-01-08,Monday,Bardhaman,Durgapur,10:30,11:20,10:51,12:21,21.3,55,Clear,High,10,False,False,61.3,1h 1m 18s
T102,2024-01-08,Monday,Durgapur,Asansol,11:20,12:00,12:21,13:10,61.3,40,Clear,Low,11,False,False,70.3,1h 10m 18s
T102,2024-01-08,Monday,Asansol,Dhanbad,12:00,13:00,13:10,14:35,70.3,60,Clear,Medium,12,False,False,95.7,1h 35m 42s
T103,2024-01-08,Monday,Howrah,Bardhaman,11:00,12:30,11:00,13:18,0.0,95,Clear,High,11,False,False,48.6,0h 48m 36s
T103,2024-01-08,Monday,Bardhaman,Durgapur,12:30,13:20,13:18,14:57,48.6,55,Rain,High,12,False,False,97.1,1h 37m 6s
T103,2024-01-08,Monday,Durgapur,Asansol,13:20,14:00,14:57,15:59,97.1,40,Clear,Medium,13,False,False,120.0,2h 0m 0s
T103,2024-01-08,Monday,Asansol,Dhanbad,14:00,15:00,15:59,17:17,120.0,60,Clear,Low,14,False,False,137.1,2h 17m 6s
T104,2024-01-08,Monday,Howrah,Bardhaman,13:00,14:30,13:00,14:41,0.0,95,Clear,Low,13,False,False,11.7,0h 11m 42s
T104,2024-01-08,Monday,Bardhaman,Durgapur,14:30,15:20,14:41,15:34,11.7,55,Clear,Low,14,False,False,14.7,0h 14m 42s
T104,2024-01-08,Monday,Durgapur,Asansol,15:20,16:00,15:34,16:29,14.7,40,Clear,Medium,15,False,False,29.6,0h 29m 36s
T104,2024-01-08,Monday,Asansol,Dhanbad,16:00,17:00,16:29,17:46,29.6,60,Clear,Medium,16,False,False,46.7,0h 46m 42s
T105,2024-01-08,Monday,Howrah,Bardhaman,15:00,16:30,15:00,16:55,0.0,95,Rain,Medium,15,False,False,25.0,0h 25m 0s
T105,2024-01-08,Monday,Bardhaman,Durgapur,16:30,17:20,16:55,18:03,25.0,55,Clear,Medium,16,False,False,43.5,0h 43m 30s
T105,2024-01-08,Monday,Durgapur,Asansol,17:20,18:00,18:03,19:05,43.5,40,Clear,High,17,False,False,65.5,1h 5m 30s
T105,2024-01-08,Monday,Asansol,Dhanbad,18:00,19:00,19:05,20:30,65.5,60,Clear,High,18,False,False,90.4,1h 30m 24s
T106,2024-01-08,Monday,Howrah,Bardhaman,17:00,18:30,17:00,19:12,0.0,95,Rain,High,17,False,False,42.5,0h 42m 30s
T106,2024-01-08,Monday,Bardhaman,Durgapur,18:30,19:20,19:12,20:45,42.5,55,Clear,High,18,False,False,85.3,1h 25m 18s
T106,2024-01-08,Monday,Durgapur,Asansol,19:20,20:00,20:45,22:13,85.3,40,Rain,High,19,False,False,133.8,2h 13m 48s
T106,2024-01-08,Monday,Asansol,Dhanbad,20:00,21:00,22:13,23:48,133.8,60,Clear,High,20,False,False,168.4,2h 48m 24s
T107,2024-01-08,Monday,Howrah,Bardhaman,19:00,20:30,19:00,20:58,0.0,95,Clear,High,19,False,False,28.9,0h 28m 54s
T107,2024-01-08,Monday,Bardhaman,Durgapur,20:30,21:20,20:58,22:06,28.9,55,Clear,Medium,20,False,False,46.8,0h 46m 48s
T107,2024-01-08,Monday,Durgapur,Asansol,21:20,22:00,22:06,23:15,46.8,40,Rain,Low,21,False,False,75.7,1h 15m 42s
T107,2024-01-08,Monday,Asansol,Dhanbad,22:00,23:00,23:15,00:22,75.7,60,Clear,Low,22,False,False,82.4,1h 22m 24s
T100,2024-01-09,Tuesday,Howrah,Bardhaman,05:00,06:30,05:00,06:33,0.0,95,Clear,Medium,5,False,False,3.3,0h 3m 18s
T100,2024-01-09,Tuesday,Bardhaman,Durgapur,06:30,07:20,06:33,07:39,3.3,55,Clear,Medium,6,False,False,19.6,0h 19m 36s
T100,2024-01-09,Tuesday,Durgapur,Asansol,07:20,08:00,07:39,09:00,19.6,40,Fog,Medium,7,False,False,60.1,1h 0m 6s
T100,2024-01-09,Tuesday,Asansol,Dhanbad,08:00,09:00,09:00,10:14,60.1,60,Clear,High,8,False,False,74.8,1h 14m 48s
T101,2024-01-09,Tuesday,Howrah,Bardhaman,07:00,08:30,07:00,09:04,0.0,95,Fog,High,7,False,False,34.1,0h 34m 6s
T101,2024-01-09,Tuesday,Bardhaman,Durgapur,08:30,09:20,09:04,10:39,34.1,55,Rain,High,8,False,False,79.2,1h 19m 12s
T101,2024-01-09,Tuesday,Durgapur,Asansol,09:20,10:00,10:39,12:07,79.2,40,Rain,High,9,False,False,127.3,2h 7m 18s
T101,2024-01-09,Tuesday,Asansol,Dhanbad,10:00,11:00,12:07,13:22,127.3,60,Rain,Low,10,False,False,142.7,2h 22m 42s
T102,2024-01-09,Tuesday,Howrah,Bardhaman,09:00,10:30,09:00,11:15,0.0,95,Clear,High,9,False,False,45.2,0h 45m 12s
T102,2024-01-09,Tuesday,Bardhaman,Durgapur,10:30,11:20,11:15,12:19,45.2,55,Clear,Medium,10,False,False,59.4,0h 59m 24s
T102,2024-01-09,Tuesday,Durgapur,Asansol,11:20,12:00,12:19,13:05,59.4,40,Clear,Low,11,False,False,65.8,1h 5m 48s
T102,2024-01-09,Tuesday,Asansol,Dhanbad,12:00,13:00,13:05,14:11,65.8,60,Clear,Low,12,False,False,71.3,1h 11m 18s
T103,2024-01-09,Tuesday,Howrah,Bardhaman,11:00,12:30,11:00,13:08,0.0,95,Clear,High,11,False,False,38.7,0h 38m 42s
T103,2024-01-09,Tuesday,Bardhaman,Durgapur,12:30,13:20,13:08,14:35,38.7,55,Clear,High,12,False,False,75.5,1h 15m 30s
T103,2024-01-09,Tuesday,Durgapur,Asansol,13:20,14:00,14:35,15:35,75.5,40,Clear,Medium,13,False,False,95.6,1h 35m 36s
T103,2024-01-09,Tuesday,Asansol,Dhanbad,14:00,15:00,15:35,17:00,95.6,60,Clear,Medium,14,False,False,120.1,2h 0m 6s
T104,2024-01-09,Tuesday,Howrah,Bardhaman,13:00,14:30,13:00,14:30,0.0,95,Clear,Low,13,False,False,0.0,0h 0m 0s
T104,2024-01-09,Tuesday,Bardhaman,Durgapur,14:30,15:20,14:30,15:28,0.0,55,Clear,Low,14,False,False,8.1,0h 8m 6s
T104,2024-01-09,Tuesday,Durgapur,Asansol,15:20,16:00,15:28,16:27,8.1,40,Rain,Low,15,False,False,27.2,0h 27m 12s
T104,2024-01-09,Tuesday,Asansol,Dhanbad,16:00,17:00,16:27,17:57,27.2,60,Clear,High,16,False,False,57.9,0h 57m 54s
T105,2024-01-09,Tuesday,Howrah,Bardhaman,15:00,16:30,15:00,16:52,0.0,95,Clear,High,15,False,False,22.2,0h 22m 12s
T105,2024-01-09,Tuesday,Bardhaman,Durgapur,16:30,17:20,16:52,17:59,22.2,55,Clear,Medium,16,False,False,39.5,0h 39m 30s
T105,2024-01-09,Tuesday,Durgapur,Asansol,17:20,18:00,17:59,19:07,39.5,40,Clear,High,17,False,False,67.7,1h 7m 42s
T105,2024-01-09,Tuesday,Asansol,Dhanbad,18:00,19:00,19:07,20:11,67.7,60,Clear,Low,18,False,False,71.4,1h 11m 24s
T106,2024-01-09,Tuesday,Howrah,Bardhaman,17:00,18:30,17:00,18:56,0.0,95,Clear,Medium,17,False,False,26.4,0h 26m 24s
T106,2024-01-09,Tuesday,Bardhaman,Durgapur,18:30,19:20,18:56,20:28,26.4,55,Fog,Medium,18,False,False,68.3,1h 8m 18s
T106,2024-01-09,Tuesday,Durgapur,Asansol,19:20,20:00,20:28,22:03,68.3,40,Clear,High,19,False,False,123.1,2h 3m 6s
T106,2024-01-09,Tuesday,Asansol,Dhanbad,20:00,21:00,22:03,23:28,123.1,60,Clear,Medium,20,False,False,148.5,2h 28m 30s
T107,2024-01-09,Tuesday,Howrah,Bardhaman,19:00,20:30,19:00,21:06,0.0,95,Rain,High,19,False,False,36.4,0h 36m 24s
T107,2024-01-09,Tuesday,Bardhaman,Durgapur,20:30,21:20,21:06,22:08,36.4,55,Clear,Low,20,False,False,48.2,0h 48m 12s
T107,2024-01-09,Tuesday,Durgapur,Asansol,21:20,22:00,22:08,23:13,48.2,40,Clear,Medium,21,False,False,73.6,1h 13m 36s
T107,2024-01-09,Tuesday,Asansol,Dhanbad,22:00,23:00,23:13,00:41,73.6,60,Fog,Low,22,False,False,101.5,1h 41m 30s
T100,2024-01-10,Wednesday,Howrah,Bardhaman,05:00,06:30,05:00,06:49,0.0,95,Fog,Low,5,False,False,20.0,0h 20m 0s
T100,2024-01-10,Wednesday,Bardhaman,Durgapur,06:30,07:20,06:49,07:52,20.0,55,Clear,Low,6,False,False,32.7,0h 32m 42s
T100,2024-01-10,Wednesday,Durgapur,Asansol,07:20,08:00,07:52,08:55,32.7,40,Clear,High,7,False,False,55.9,0h 55m 54s
T100,2024-01-10,Wednesday,Asansol,Dhanbad,08:00,09:00,08:55,10:34,55.9,60,Fog,Medium,8,False,False,94.1,1h 34m 6s
T101,2024-01-10,Wednesday,Howrah,Bardhaman,07:00,08:30,07:00,08:56,0.0,95,Clear,High,7,False,False,26.4,0h 26m 24s
T101,2024-01-10,Wednesday,Bardhaman,Durgapur,08:30,09:20,08:56,09:47,26.4,55,Clear,Medium,8,False,False,27.8,0h 27m 48s
T101,2024-01-10,Wednesday,Durgapur,Asansol,09:20,10:00,09:47,10:56,27.8,40,Rain,Medium,9,False,False,56.2,0h 56m 12s
T101,2024-01-10,Wednesday,Asansol,Dhanbad,10:00,11:00,10:56,12:00,56.2,60,Clear,Low,10,False,False,60.3,1h 0m 18s
T102,2024-01-10,Wednesday,Howrah,Bardhaman,09:00,10:30,09:00,10:42,0.0,95,Clear,High,9,False,False,12.5,0h 12m 30s
T102,2024-01-10,Wednesday,Bardhaman,Durgapur,10:30,11:20,10:42,11:48,12.5,55,Clear,Medium,10,False,False,28.0,0h 28m 0s
T102,2024-01-10,Wednesday,Durgapur,Asansol,11:20,12:00,11:48,12:44,28.0,40,Clear,Medium,11,False,False,44.2,0h 44m 12s
T102,2024-01-10,Wednesday,Asansol,Dhanbad,12:00,13:00,12:44,14:27,44.2,60,Rain,Medium,12,False,False,87.6,1h 27m 36s
T103,2024-01-10,Wednesday,Howrah,Bardhaman,11:00,12:30,11:00,12:46,0.0,95,Clear,Low,11,False,False,16.8,0h 16m 48s
T103,2024-01-10,Wednesday,Bardhaman,Durgapur,12:30,13:20,12:46,14:15,16.8,55,Clear,High,12,False,False,55.7,0h 55m 42s
T103,2024-01-10,Wednesday,Durgapur,Asansol,13:20,14:00,14:15,15:22,55.7,40,Clear,Medium,13,False,False,82.4,1h 22m 24s
T103,2024-01-10,Wednesday,Asansol,Dhanbad,14:00,15:00,15:22,16:55,82.4,60,Clear,Medium,14,False,False,115.3,1h 55m 18s
T104,2024-01-10,Wednesday,Howrah,Bardhaman,13:00,14:30,13:00,14:32,0.0,95,Clear,Low,13,False,False,2.5,0h 2m 30s
T104,2024-01-10,Wednesday,Bardhaman,Durgapur,14:30,15:20,14:32,15:33,2.5,55,Clear,Medium,14,False,False,13.1,0h 13m 6s
T104,2024-01-10,Wednesday,Durgapur,Asansol,15:20,16:00,15:33,16:30,13.1,40,Fog,Low,15,False,False,30.7,0h 30m 42s
T104,2024-01-10,Wednesday,Asansol,Dhanbad,16:00,17:00,16:30,17:49,30.7,60,Rain,Low,16,False,False,49.7,0h 49m 42s
T105,2024-01-10,Wednesday,Howrah,Bardhaman,15:00,16:30,15:00,17:13,0.0,95,Fog,Medium,15,False,False,43.7,0h 43m 42s
T105,2024-01-10,Wednesday,Bardhaman,Durgapur,16:30,17:20,17:13,18:38,43.7,55,Clear,High,16,False,False,78.2,1h 18m 12s
T105,2024-01-10,Wednesday,Durgapur,Asansol,17:20,18:00,18:38,19:54,78.2,40,Clear,High,17,False,False,114.1,1h 54m 6s
T105,2024-01-10,Wednesday,Asansol,Dhanbad,18:00,19:00,19:54,21:07,114.1,60,Clear,High,18,False,False,127.9,2h 7m 54s
T106,2024-01-10,Wednesday,Howrah,Bardhaman,17:00,18:30,17:00,19:34,0.0,95,Rain,High,17,False,False,64.3,1h 4m 18s
T106,2024-01-10,Wednesday,Bardhaman,Durgapur,18:30,19:20,19:34,21:09,64.3,55,Rain,High,18,False,False,109.7,1h 49m 42s
T106,2024-01-10,Wednesday,Durgapur,Asansol,19:20,20:00,21:09,22:39,109.7,40,Rain,High,19,False,False,159.9,2h 39m 54s
T106,2024-01-10,Wednesday,Asansol,Dhanbad,20:00,21:00,22:39,23:54,159.9,60,Clear,Low,20,False,False,174.3,2h 54m 18s
T107,2024-01-10,Wednesday,Howrah,Bardhaman,19:00,20:30,19:00,20:44,0.0,95,Clear,High,19,False,False,14.9,0h 14m 54s
T107,2024-01-10,Wednesday,Bardhaman,Durgapur,20:30,21:20,20:44,21:40,14.9,55,Clear,Low,20,False,False,20.1,0h 20m 6s
T107,2024-01-10,Wednesday,Durgapur,Asansol,21:20,22:00,21:40,22:34,20.1,40,Clear,Low,21,False,False,34.6,0h 34m 36s
T107,2024-01-10,Wednesday,Asansol,Dhanbad,22:00,23:00,22:34,23:48,34.6,60,Clear,Low,22,False,False,48.7,0h 48m 42s
T100,2024-01-11,Thursday,Howrah,Bardhaman,05:00,06:30,05:00,06:49,0.0,95,Clear,High,5,False,False,19.9,0h 19m 54s
T100,2024-01-11,Thursday,Bardhaman,Durgapur,06:30,07:20,06:49,07:45,19.9,55,Clear,Low,6,False,False,25.0,0h 25m 0s
T100,2024-01-11,Thursday,Durgapur,Asansol,07:20,08:00,07:45,08:43,25.0,40,Clear,High,7,False,False,43.6,0h 43m 36s
T100,2024-01-11,Thursday,Asansol,Dhanbad,08:00,09:00,08:43,10:32,43.6,60,Rain,High,8,False,False,92.3,1h 32m 18s
T101,2024-01-11,Thursday,Howrah,Bardhaman,07:00,08:30,07:00,08:46,0.0,95,Clear,High,7,False,False,16.5,0h 16m 30s
T101,2024-01-11,Thursday,Bardhaman,Durgapur,08:30,09:20,08:46,09:41,16.5,55,Clear,Medium,8,False,False,21.4,0h 21m 24s
T101,2024-01-11,Thursday,Durgapur,Asansol,09:20,10:00,09:41,10:45,21.4,40,Rain,High,9,False,False,45.4,0h 45m 24s
T101,2024-01-11,Thursday,Asansol,Dhanbad,10:00,11:00,10:45,11:52,45.4,60,Clear,Low,10,False,False,52.1,0h 52m 6s
T102,2024-01-11,Thursday,Howrah,Bardhaman,09:00,10:30,09:00,10:54,0.0,95,Clear,High,9,False,False,24.7,0h 24m 42s
T102,2024-01-11,Thursday,Bardhaman,Durgapur,10:30,11:20,10:54,11:50,24.7,55,Clear,Low,10,False,False,30.5,0h 30m 30s
T102,2024-01-11,Thursday,Durgapur,Asansol,11:20,12:00,11:50,12:59,30.5,40,Fog,Low,11,False,False,59.2,0h 59m 12s
T102,2024-01-11,Thursday,Asansol,Dhanbad,12:00,13:00,12:59,14:23,59.2,60,Clear,Medium,12,False,False,83.2,1h 23m 12s
T103,2024-01-11,Thursday,Howrah,Bardhaman,11:00,12:30,11:00,13:11,0.0,95,Rain,High,11,False,False,41.1,0h 41m 6s
T103,2024-01-11,Thursday,Bardhaman,Durgapur,12:30,13:20,13:11,14:14,41.1,55,Clear,Low,12,False,False,54.9,0h 54m 54s
T103,2024-01-11,Thursday,Durgapur,Asansol,13:20,14:00,14:14,15:18,54.9,40,Rain,Low,13,False,False,78.0,1h 18m 0s
T103,2024-01-11,Thursday,Asansol,Dhanbad,14:00,15:00,15:18,16:38,78.0,60,Clear,Low,14,False,False,99.0,1h 39m 0s
T104,2024-01-11,Thursday,Howrah,Bardhaman,13:00,14:30,13:00,14:30,0.0,95,Clear,Low,13,False,False,0.0,0h 0m 0s
T104,2024-01-11,Thursday,Bardhaman,Durgapur,14:30,15:20,14:30,15:45,0.0,55,Clear,High,14,False,False,25.1,0h 25m 6s
T104,2024-01-11,Thursday,Durgapur,Asansol,15:20,16:00,15:45,16:37,25.1,40,Clear,Medium,15,False,False,37.6,0h 37m 36s
T104,2024-01-11,Thursday,Asansol,Dhanbad,16:00,17:00,16:37,17:47,37.6,60,Clear,Low,16,False,False,47.4,0h 47m 24s
T105,2024-01-11,Thursday,Howrah,Bardhaman,15:00,16:30,15:00,16:30,0.0,95,Clear,Low,15,False,False,0.0,0h 0m 0s
T105,2024-01-11,Thursday,Bardhaman,Durgapur,16:30,17:20,16:30,17:39,0.0,55,Clear,Medium,16,False,False,19.2,0h 19m 12s
T105,2024-01-11,Thursday,Durgapur,Asansol,17:20,18:00,17:39,18:25,19.2,40,Clear,Low,17,False,False,25.6,0h 25m 36s
T105,2024-01-11,Thursday,Asansol,Dhanbad,18:00,19:00,18:25,19:41,25.6,60,Clear,High,18,False,False,41.1,0h 41m 6s
T106,2024-01-11,Thursday,Howrah,Bardhaman,17:00,18:30,17:00,18:52,0.0,95,Clear,Medium,17,False,False,22.1,0h 22m 6s
T106,2024-01-11,Thursday,Bardhaman,Durgapur,18:30,19:20,18:52,20:17,22.1,55,Clear,High,18,False,False,57.3,0h 57m 18s
T106,2024-01-11,Thursday,Durgapur,Asansol,19:20,20:00,20:17,21:40,57.3,40,Rain,High,19,False,False,100.5,1h 40m 30s
T106,2024-01-11,Thursday,Asansol,Dhanbad,20:00,21:00,21:40,23:20,100.5,60,Fog,Medium,20,False,False,140.6,2h 20m 36s
T107,2024-01-11,Thursday,Howrah,Bardhaman,19:00,20:30,19:00,20:43,0.0,95,Clear,Low,19,False,False,13.8,0h 13m 48s
T107,2024-01-11,Thursday,Bardhaman,Durgapur,20:30,21:20,20:43,21:53,13.8,55,Clear,Medium,20,False,False,33.7,0h 33m 42s
T107,2024-01-11,Thursday,Durgapur,Asansol,21:20,22:00,21:53,22:42,33.7,40,Clear,Low,21,False,False,42.0,0h 42m 0s
T107,2024-01-11,Thursday,Asansol,Dhanbad,22:00,23:00,22:42,00:10,42.0,60,Rain,Low,22,False,False,70.4,1h 10m 24s
T100,2024-01-12,Friday,Howrah,Bardhaman,05:00,06:30,05:00,06:44,0.0,95,Fog,Low,5,False,False,14.8,0h 14m 48s
T100,2024-01-12,Friday,Bardhaman,Durgapur,06:30,07:20,06:44,08:34,14.8,55,Fog,High,6,False,False,74.8,1h 14m 48s
T100,2024-01-12,Friday,Durgapur,Asansol,07:20,08:00,08:34,09:47,74.8,40,Clear,High,7,False,False,107.2,1h 47m 12s
T100,2024-01-12,Friday,Asansol,Dhanbad,08:00,09:00,09:47,11:15,107.2,60,Rain,High,8,False,False,135.1,2h 15m 6s
T101,2024-01-12,Friday,Howrah,Bardhaman,07:00,08:30,07:00,08:41,0.0,95,Clear,High,7,False,False,11.6,0h 11m 36s
T101,2024-01-12,Friday,Bardhaman,Durgapur,08:30,09:20,08:41,10:05,11.6,55,Clear,High,8,False,False,45.5,0h 45m 30s
T101,2024-01-12,Friday,Durgapur,Asansol,09:20,10:00,10:05,11:25,45.5,40,Fog,High,9,False,False,86.0,1h 26m 0s
T101,2024-01-12,Friday,Asansol,Dhanbad,10:00,11:00,11:25,12:46,86.0,60,Rain,Medium,10,False,False,106.7,1h 46m 42s
T102,2024-01-12,Friday,Howrah,Bardhaman,09:00,10:30,09:00,11:00,0.0,95,Clear,High,9,False,False,30.2,0h 30m 12s
T102,2024-01-12,Friday,Bardhaman,Durgapur,10:30,11:20,11:00,12:30,30.2,55,Clear,High,10,False,False,70.4,1h 10m 24s
T102,2024-01-12,Friday,Durgapur,Asansol,11:20,12:00,12:30,13:41,70.4,40,Clear,High,11,False,False,102.0,1h 42m 0s
T102,2024-01-12,Friday,Asansol,Dhanbad,12:00,13:00,13:41,14:56,102.0,60,Clear,Medium,12,False,False,116.3,1h 56m 18s
T103,2024-01-12,Friday,Howrah,Bardhaman,11:00,12:30,11:00,12:44,0.0,95,Clear,Low,11,False,False,14.3,0h 14m 18s
T103,2024-01-12,Friday,Bardhaman,Durgapur,12:30,13:20,12:44,13:50,14.3,55,Clear,Low,12,False,False,31.0,0h 31m 0s
T103,2024-01-12,Friday,Durgapur,Asansol,13:20,14:00,13:50,15:12,31.0,40,Fog,Medium,13,False,False,72.7,1h 12m 42s
T103,2024-01-12,Friday,Asansol,Dhanbad,14:00,15:00,15:12,16:23,72.7,60,Clear,Low,14,False,False,84.0,1h 24m 0s
T104,2024-01-12,Friday,Howrah,Bardhaman,13:00,14:30,13:00,14:40,0.0,95,Clear,Low,13,False,False,10.4,0h 10m 24s
T104,2024-01-12,Friday,Bardhaman,Durgapur,14:30,15:20,14:40,15:36,10.4,55,Clear,Low,14,False,False,16.9,0h 16m 54s
T104,2024-01-12,Friday,Durgapur,Asansol,15:20,16:00,15:36,16:30,16.9,40,Rain,Low,15,False,False,30.1,0h 30m 6s
T104,2024-01-12,Friday,Asansol,Dhanbad,16:00,17:00,16:30,17:42,30.1,60,Fog,Low,16,False,False,43.0,0h 43m 0s
T105,2024-01-12,Friday,Howrah,Bardhaman,15:00,16:30,15:00,16:33,0.0,95,Clear,Low,15,False,False,3.9,0h 3m 54s
T105,2024-01-12,Friday,Bardhaman,Durgapur,16:30,17:20,16:33,17:44,3.9,55,Rain,Medium,16,False,False,24.7,0h 24m 42s
T105,2024-01-12,Friday,Durgapur,Asansol,17:20,18:00,17:44,18:36,24.7,40,Clear,High,17,False,False,36.5,0h 36m 30s
T105,2024-01-12,Friday,Asansol,Dhanbad,18:00,19:00,18:36,20:06,36.5,60,Clear,High,18,False,False,66.2,1h 6m 12s
T106,2024-01-12,Friday,Howrah,Bardhaman,17:00,18:30,17:00,18:42,0.0,95,Rain,Low,17,False,False,12.4,0h 12m 24s
T106,2024-01-12,Friday,Bardhaman,Durgapur,18:30,19:20,18:42,19:56,12.4,55,Clear,Medium,18,False,False,37.0,0h 37m 0s
T106,2024-01-12,Friday,Durgapur,Asansol,19:20,20:00,19:56,21:03,37.0,40,Clear,Medium,19,False,False,63.7,1h 3m 42s
T106,2024-01-12,Friday,Asansol,Dhanbad,20:00,21:00,21:03,22:33,63.7,60,Clear,Medium,20,False,False,93.6,1h 33m 36s
T107,2024-01-12,Friday,Howrah,Bardhaman,19:00,20:30,19:00,20:53,0.0,95,Clear,High,19,False,False,23.4,0h 23m 24s
T107,2024-01-12,Friday,Bardhaman,Durgapur,20:30,21:20,20:53,21:50,23.4,55,Clear,Low,20,False,False,30.8,0h 30m 48s
T107,2024-01-12,Friday,Durgapur,Asansol,21:20,22:00,21:50,22:42,30.8,40,Clear,Medium,21,False,False,42.1,0h 42m 6s
T107,2024-01-12,Friday,Asansol,Dhanbad,22:00,23:00,22:42,23:56,42.1,60,Clear,Low,22,False,False,56.4,0h 56m 24s
T100,2024-01-13,Saturday,Howrah,Bardhaman,05:00,06:30,05:00,06:48,0.0,95,Clear,Medium,5,True,False,18.1,0h 18m 6s
T100,2024-01-13,Saturday,Bardhaman,Durgapur,06:30,07:20,06:48,07:59,18.1,55,Rain,Medium,6,True,False,39.7,0h 39m 42s
T100,2024-01-13,Saturday,Durgapur,Asansol,07:20,08:00,07:59,08:52,39.7,40,Clear,Medium,7,True,False,52.3,0h 52m 18s
T100,2024-01-13,Saturday,Asansol,Dhanbad,08:00,09:00,08:52,09:57,52.3,60,Clear,Low,8,True,False,57.9,0h 57m 54s
T101,2024-01-13,Saturday,Howrah,Bardhaman,07:00,08:30,07:00,08:43,0.0,95,Fog,Medium,7,True,False,13.4,0h 13m 24s
T101,2024-01-13,Saturday,Bardhaman,Durgapur,08:30,09:20,08:43,09:38,13.4,55,Clear,Low,8,True,False,18.1,0h 18m 6s
T101,2024-01-13,Saturday,Durgapur,Asansol,09:20,10:00,09:38,10:27,18.1,40,Clear,Medium,9,True,False,28.0,0h 28m 0s
T101,2024-01-13,Saturday,Asansol,Dhanbad,10:00,11:00,10:27,11:33,28.0,60,Clear,Low,10,True,False,33.4,0h 33m 24s
T102,2024-01-13,Saturday,Howrah,Bardhaman,09:00,10:30,09:00,10:55,0.0,95,Clear,Medium,9,True,False,25.2,0h 25m 12s
T102,2024-01-13,Saturday,Bardhaman,Durgapur,10:30,11:20,10:55,12:04,25.2,55,Clear,Medium,10,True,False,44.9,0h 44m 54s
T102,2024-01-13,Saturday,Durgapur,Asansol,11:20,12:00,12:04,12:57,44.9,40,Fog,Low,11,True,False,57.2,0h 57m 12s
T102,2024-01-13,Saturday,Asansol,Dhanbad,12:00,13:00,12:57,14:08,57.2,60,Clear,High,12,True,False,68.2,1h 8m 12s
T103,2024-01-13,Saturday,Howrah,Bardhaman,11:00,12:30,11:00,12:59,0.0,95,Rain,Medium,11,True,False,29.0,0h 29m 0s
T103,2024-01-13,Saturday,Bardhaman,Durgapur,12:30,13:20,12:59,14:31,29.0,55,Rain,High,12,True,False,71.4,1h 11m 24s
T103,2024-01-13,Saturday,Durgapur,Asansol,13:20,14:00,14:31,15:42,71.4,40,Rain,Medium,13,True,False,102.4,1h 42m 24s
T103,2024-01-13,Saturday,Asansol,Dhanbad,14:00,15:00,15:42,17:08,102.4,60,Fog,Low,14,True,False,128.8,2h 8m 48s
T104,2024-01-13,Saturday,Howrah,Bardhaman,13:00,14:30,13:00,14:44,0.0,95,Rain,Low,13,True,False,14.5,0h 14m 30s
T104,2024-01-13,Saturday,Bardhaman,Durgapur,14:30,15:20,14:44,15:34,14.5,55,Clear,Medium,14,True,False,14.5,0h 14m 30s
T104,2024-01-13,Saturday,Durgapur,Asansol,15:20,16:00,15:34,16:46,14.5,40,Clear,High,15,True,False,46.6,0h 46m 36s
T104,2024-01-13,Saturday,Asansol,Dhanbad,16:00,17:00,16:46,17:46,46.6,60,Clear,Low,16,True,False,46.6,0h 46m 36s
T105,2024-01-13,Saturday,Howrah,Bardhaman,15:00,16:30,15:00,16:38,0.0,95,Rain,Low,15,True,False,8.1,0h 8m 6s
T105,2024-01-13,Saturday,Bardhaman,Durgapur,16:30,17:20,16:38,17:30,8.1,55,Clear,Low,16,True,False,10.0,0h 10m 0s
T105,2024-01-13,Saturday,Durgapur,Asansol,17:20,18:00,17:30,18:10,10.0,40,Clear,Low,17,True,False,10.0,0h 10m 0s
T105,2024-01-13,Saturday,Asansol,Dhanbad,18:00,19:00,18:10,19:10,10.0,60,Clear,Low,18,True,False,10.0,0h 10m 0s
T106,2024-01-13,Saturday,Howrah,Bardhaman,17:00,18:30,17:00,19:07,0.0,95,Fog,Low,17,True,False,37.3,0h 37m 18s
T106,2024-01-13,Saturday,Bardhaman,Durgapur,18:30,19:20,19:07,20:07,37.3,55,Clear,Low,18,True,False,47.1,0h 47m 6s
T106,2024-01-13,Saturday,Durgapur,Asansol,19:20,20:00,20:07,21:21,47.1,40,Rain,Low,19,True,False,81.1,1h 21m 6s
T106,2024-01-13,Saturday,Asansol,Dhanbad,20:00,21:00,21:21,22:47,81.1,60,Clear,Medium,20,True,False,107.5,1h 47m 30s
T107,2024-01-13,Saturday,Howrah,Bardhaman,19:00,20:30,19:00,20:50,0.0,95,Clear,Medium,19,True,False,20.9,0h 20m 54s
T107,2024-01-13,Saturday,Bardhaman,Durgapur,20:30,21:20,20:50,21:52,20.9,55,Clear,Low,20,True,False,32.3,0h 32m 18s
T107,2024-01-13,Saturday,Durgapur,Asansol,21:20,22:00,21:52,23:03,32.3,40,Rain,Medium,21,True,False,63.1,1h 3m 6s
T107,2024-01-13,Saturday,Asansol,Dhanbad,22:00,23:00,23:03,00:08,63.1,60,Clear,Low,22,True,False,68.7,1h 8m 42s
T100,2024-01-14,Sunday,Howrah,Bardhaman,05:00,06:30,05:00,06:47,0.0,95,Clear,Medium,5,True,False,17.1,0h 17m 6s
T100,2024-01-14,Sunday,Bardhaman,Durgapur,06:30,07:20,06:47,07:57,17.1,55,Rain,Low,6,True,False,37.5,0h 37m 30s
T100,2024-01-14,Sunday,Durgapur,Asansol,07:20,08:00,07:57,08:46,37.5,40,Clear,Medium,7,True,False,46.9,0h 46m 54s
T100,2024-01-14,Sunday,Asansol,Dhanbad,08:00,09:00,08:46,09:50,46.9,60,Clear,Low,8,True,False,51.0,0h 51m 0s
T101,2024-01-14,Sunday,Howrah,Bardhaman,07:00,08:30,07:00,08:41,0.0,95,Clear,High,7,True,False,11.6,0h 11m 36s
T101,2024-01-14,Sunday,Bardhaman,Durgapur,08:30,09:20,08:41,09:36,11.6,55,Rain,Low,8,True,False,16.1,0h 16m 6s
T101,2024-01-14,Sunday,Durgapur,Asansol,09:20,10:00,09:36,10:16,16.1,40,Clear,Low,9,True,False,16.1,0h 16m 6s
T101,2024-01-14,Sunday,Asansol,Dhanbad,10:00,11:00,10:16,11:16,16.1,60,Clear,Low,10,True,False,16.1,0h 16m 6s
T102,2024-01-14,Sunday,Howrah,Bardhaman,09:00,10:30,09:00,10:37,0.0,95,Clear,Low,9,True,False,7.4,0h 7m 24s
T102,2024-01-14,Sunday,Bardhaman,Durgapur,10:30,11:20,10:37,11:44,7.4,55,Clear,High,10,True,False,24.3,0h 24m 18s
T102,2024-01-14,Sunday,Durgapur,Asansol,11:20,12:00,11:44,12:50,24.3,40,Fog,Low,11,True,False,50.5,0h 50m 30s
T102,2024-01-14,Sunday,Asansol,Dhanbad,12:00,13:00,12:50,14:05,50.5,60,Rain,Low,12,True,False,65.8,1h 5m 48s
T103,2024-01-14,Sunday,Howrah,Bardhaman,11:00,12:30,11:00,12:46,0.0,95,Fog,Low,11,True,False,16.0,0h 16m 0s
T103,2024-01-14,Sunday,Bardhaman,Durgapur,12:30,13:20,12:46,14:00,16.0,55,Rain,Low,12,True,False,40.4,0h 40m 24s
T103,2024-01-14,Sunday,Durgapur,Asansol,13:20,14:00,14:00,14:55,40.4,40,Fog,Low,13,True,False,55.7,0h 55m 42s
T103,2024-01-14,Sunday,Asansol,Dhanbad,14:00,15:00,14:55,16:17,55.7,60,Fog,Low,14,True,False,77.6,1h 17m 36s
T104,2024-01-14,Sunday,Howrah,Bardhaman,13:00,14:30,13:00,14:43,0.0,95,Clear,High,13,True,False,13.3,0h 13m 18s
T104,2024-01-14,Sunday,Bardhaman,Durgapur,14:30,15:20,14:43,15:33,13.3,55,Clear,Low,14,True,False,14.0,0h 14m 0s
T104,2024-01-14,Sunday,Durgapur,Asansol,15:20,16:00,15:33,16:13,14.0,40,Clear,Low,15,True,False,14.0,0h 14m 0s
T104,2024-01-14,Sunday,Asansol,Dhanbad,16:00,17:00,16:13,17:13,14.0,60,Clear,Low,16,True,False,14.0,0h 14m 0s
T105,2024-01-14,Sunday,Howrah,Bardhaman,15:00,16:30,15:00,16:30,0.0,95,Clear,Low,15,True,False,0.9,0h 0m 54s
T105,2024-01-14,Sunday,Bardhaman,Durgapur,16:30,17:20,16:30,17:49,0.9,55,Fog,Medium,16,True,False,30.0,0h 30m 0s
T105,2024-01-14,Sunday,Durgapur,Asansol,17:20,18:00,17:49,18:42,30.0,40,Clear,Medium,17,True,False,42.8,0h 42m 48s
T105,2024-01-14,Sunday,Asansol,Dhanbad,18:00,19:00,18:42,19:51,42.8,60,Rain,Low,18,True,False,51.1,0h 51m 6s
T106,2024-01-14,Sunday,Howrah,Bardhaman,17:00,18:30,17:00,18:55,0.0,95,Rain,Medium,17,True,False,25.4,0h 25m 24s
T106,2024-01-14,Sunday,Bardhaman,Durgapur,18:30,19:20,18:55,20:09,25.4,55,Rain,Low,18,True,False,49.5,0h 49m 30s
T106,2024-01-14,Sunday,Durgapur,Asansol,19:20,20:00,20:09,21:03,49.5,40,Clear,Low,19,True,False,63.4,1h 3m 24s
T106,2024-01-14,Sunday,Asansol,Dhanbad,20:00,21:00,21:03,22:19,63.4,60,Clear,Low,20,True,False,79.1,1h 19m 6s
T107,2024-01-14,Sunday,Howrah,Bardhaman,19:00,20:30,19:00,20:41,0.0,95,Rain,Low,19,True,False,11.7,0h 11m 42s
T107,2024-01-14,Sunday,Bardhaman,Durgapur,20:30,21:20,20:41,22:05,11.7,55,Rain,Medium,20,True,False,45.6,0h 45m 36s
T107,2024-01-14,Sunday,Durgapur,Asansol,21:20,22:00,22:05,23:04,45.6,40,Clear,Medium,21,True,False,64.6,1h 4m 36s
T107,2024-01-14,Sunday,Asansol,Dhanbad,22:00,23:00,23:04,00:20,64.6,60,Fog,Low,22,True,False,80.8,1h 20m 48s
T100,2024-01-15,Monday,Howrah,Bardhaman,05:00,06:30,05:00,07:13,0.0,95,Clear,High,5,False,True,43.2,0h 43m 12s
T100,2024-01-15,Monday,Bardhaman,Durgapur,06:30,07:20,07:13,08:59,43.2,55,Clear,Medium,6,False,True,99.2,1h 39m 12s
T100,2024-01-15,Monday,Durgapur,Asansol,07:20,08:00,08:59,10:46,99.2,40,Fog,High,7,False,True,166.7,2h 46m 42s
T100,2024-01-15,Monday,Asansol,Dhanbad,08:00,09:00,10:46,12:34,166.7,60,Clear,Low,8,False,True,214.1,3h 34m 6s
T101,2024-01-15,Monday,Howrah,Bardhaman,07:00,08:30,07:00,09:39,0.0,95,Clear,High,7,False,True,69.9,1h 9m 54s
T101,2024-01-15,Monday,Bardhaman,Durgapur,08:30,09:20,09:39,11:30,69.9,55,Clear,High,8,False,True,130.5,2h 10m 30s
T101,2024-01-15,Monday,Durgapur,Asansol,09:20,10:00,11:30,12:46,130.5,40,Clear,High,9,False,True,166.1,2h 46m 6s
T101,2024-01-15,Monday,Asansol,Dhanbad,10:00,11:00,12:46,14:16,166.1,60,Clear,Medium,10,False,True,196.5,3h 16m 30s
T102,2024-01-15,Monday,Howrah,Bardhaman,09:00,10:30,09:00,11:07,0.0,95,Clear,Medium,9,False,True,37.1,0h 37m 6s
T102,2024-01-15,Monday,Bardhaman,Durgapur,10:30,11:20,11:07,13:03,37.1,55,Clear,Medium,10,False,True,103.1,1h 43m 6s
T102,2024-01-15,Monday,Durgapur,Asansol,11:20,12:00,13:03,14:26,103.1,40,Clear,High,11,False,True,146.4,2h 26m 24s
T102,2024-01-15,Monday,Asansol,Dhanbad,12:00,13:00,14:26,15:57,146.4,60,Clear,Low,12,False,True,177.6,2h 57m 36s
T103,2024-01-15,Monday,Howrah,Bardhaman,11:00,12:30,11:00,13:36,0.0,95,Clear,High,11,False,True,66.3,1h 6m 18s
T103,2024-01-15,Monday,Bardhaman,Durgapur,12:30,13:20,13:36,14:59,66.3,55,Clear,Medium,12,False,True,99.2,1h 39m 12s
T103,2024-01-15,Monday,Durgapur,Asansol,13:20,14:00,14:59,16:26,99.2,40,Clear,Low,13,False,True,146.9,2h 26m 54s
T103,2024-01-15,Monday,Asansol,Dhanbad,14:00,15:00,16:26,18:38,146.9,60,Rain,Medium,14,False,True,218.1,3h 38m 6s
T104,2024-01-15,Monday,Howrah,Bardhaman,13:00,14:30,13:00,15:01,0.0,95,Clear,Medium,13,False,True,31.1,0h 31m 6s
T104,2024-01-15,Monday,Bardhaman,Durgapur,14:30,15:20,15:01,16:16,31.1,55,Clear,Low,14,False,True,56.6,0h 56m 36s
T104,2024-01-15,Monday,Durgapur,Asansol,15:20,16:00,16:16,17:50,56.6,40,Clear,High,15,False,True,110.2,1h 50m 12s
T104,2024-01-15,Monday,Asansol,Dhanbad,16:00,17:00,17:50,19:47,110.2,60,Clear,High,16,False,True,167.6,2h 47m 36s
T105,2024-01-15,Monday,Howrah,Bardhaman,15:00,16:30,15:00,17:25,0.0,95,Rain,Low,15,False,True,56.0,0h 56m 0s
T105,2024-01-15,Monday,Bardhaman,Durgapur,16:30,17:20,17:25,18:43,56.0,55,Clear,Low,16,False,True,83.1,1h 23m 6s
T105,2024-01-15,Monday,Durgapur,Asansol,17:20,18:00,18:43,19:53,83.1,40,Clear,High,17,False,True,114.0,1h 54m 0s
T105,2024-01-15,Monday,Asansol,Dhanbad,18:00,19:00,19:53,21:46,114.0,60,Rain,Medium,18,False,True,166.8,2h 46m 48s
T106,2024-01-15,Monday,Howrah,Bardhaman,17:00,18:30,17:00,19:33,0.0,95,Clear,High,17,False,True,63.8,1h 3m 48s
T106,2024-01-15,Monday,Bardhaman,Durgapur,18:30,19:20,19:33,21:39,63.8,55,Clear,High,18,False,True,139.8,2h 19m 48s
T106,2024-01-15,Monday,Durgapur,Asansol,19:20,20:00,21:39,23:20,139.8,40,Clear,High,19,False,True,200.2,3h 20m 12s
T106,2024-01-15,Monday,Asansol,Dhanbad,20:00,21:00,23:20,01:44,200.2,60,Rain,Medium,20,False,True,284.0,4h 44m 0s
T107,2024-01-15,Monday,Howrah,Bardhaman,19:00,20:30,19:00,21:09,0.0,95,Clear,High,19,False,True,39.6,0h 39m 36s
T107,2024-01-15,Monday,Bardhaman,Durgapur,20:30,21:20,21:09,22:43,39.6,55,Clear,Medium,20,False,True,83.1,1h 23m 6s
T107,2024-01-15,Monday,Durgapur,Asansol,21:20,22:00,22:43,00:05,83.1,40,Clear,Medium,21,False,True,125.2,2h 5m 12s
T107,2024-01-15,Monday,Asansol,Dhanbad,22:00,23:00,00:05,01:26,125.2,60,Clear,Low,22,False,True,146.8,2h 26m 48s
T100,2024-01-16,Tuesday,Howrah,Bardhaman,05:00,06:30,05:00,06:42,0.0,95,Fog,Low,5,False,False,12.4,0h 12m 24s
T100,2024-01-16,Tuesday,Bardhaman,Durgapur,06:30,07:20,06:42,07:41,12.4,55,Clear,Low,6,False,False,21.2,0h 21m 12s
T100,2024-01-16,Tuesday,Durgapur,Asansol,07:20,08:00,07:41,08:46,21.2,40,Clear,High,7,False,False,46.2,0h 46m 12s
T100,2024-01-16,Tuesday,Asansol,Dhanbad,08:00,09:00,08:46,10:16,46.2,60,Rain,High,8,False,False,76.2,1h 16m 12s
T101,2024-01-16,Tuesday,Howrah,Bardhaman,07:00,08:30,07:00,08:57,0.0,95,Clear,High,7,False,False,27.7,0h 27m 42s
T101,2024-01-16,Tuesday,Bardhaman,Durgapur,08:30,09:20,08:57,10:10,27.7,55,Clear,High,8,False,False,50.5,0h 50m 30s
T101,2024-01-16,Tuesday,Durgapur,Asansol,09:20,10:00,10:10,11:11,50.5,40,Fog,Medium,9,False,False,71.1,1h 11m 6s
T101,2024-01-16,Tuesday,Asansol,Dhanbad,10:00,11:00,11:11,12:15,71.1,60,Clear,Low,10,False,False,75.8,1h 15m 48s
T102,2024-01-16,Tuesday,Howrah,Bardhaman,09:00,10:30,09:00,10:47,0.0,95,Clear,Medium,9,False,False,17.9,0h 17m 54s
T102,2024-01-16,Tuesday,Bardhaman,Durgapur,10:30,11:20,10:47,11:48,17.9,55,Clear,Low,10,False,False,28.5,0h 28m 30s
T102,2024-01-16,Tuesday,Durgapur,Asansol,11:20,12:00,11:48,12:43,28.5,40,Clear,Medium,11,False,False,43.8,0h 43m 48s
T102,2024-01-16,Tuesday,Asansol,Dhanbad,12:00,13:00,12:43,13:53,43.8,60,Clear,Low,12,False,False,53.4,0h 53m 24s
T103,2024-01-16,Tuesday,Howrah,Bardhaman,11:00,12:30,11:00,12:51,0.0,95,Rain,Low,11,False,False,21.2,0h 21m 12s
T103,2024-01-16,Tuesday,Bardhaman,Durgapur,12:30,13:20,12:51,14:16,21.2,55,Fog,Medium,12,False,False,56.3,0h 56m 18s
T103,2024-01-16,Tuesday,Durgapur,Asansol,13:20,14:00,14:16,15:14,56.3,40,Clear,Low,13,False,False,74.9,1h 14m 54s
T103,2024-01-16,Tuesday,Asansol,Dhanbad,14:00,15:00,15:14,16:52,74.9,60,Clear,High,14,False,False,112.1,1h 52m 6s
T104,2024-01-16,Tuesday,Howrah,Bardhaman,13:00,14:30,13:00,14:45,0.0,95,Fog,Low,13,False,False,15.2,0h 15m 12s
T104,2024-01-16,Tuesday,Bardhaman,Durgapur,14:30,15:20,14:45,15:38,15.2,55,Clear,Low,14,False,False,18.6,0h 18m 36s
T104,2024-01-16,Tuesday,Durgapur,Asansol,15:20,16:00,15:38,16:20,18.6,40,Clear,Low,15,False,False,20.7,0h 20m 42s
T104,2024-01-16,Tuesday,Asansol,Dhanbad,16:00,17:00,16:20,17:35,20.7,60,Clear,Medium,16,False,False,36.0,0h 36m 0s
T105,2024-01-16,Tuesday,Howrah,Bardhaman,15:00,16:30,15:00,16:34,0.0,95,Clear,Medium,15,False,False,4.6,0h 4m 36s
T105,2024-01-16,Tuesday,Bardhaman,Durgapur,16:30,17:20,16:34,17:32,4.6,55,Clear,Low,16,False,False,12.6,0h 12m 36s
T105,2024-01-16,Tuesday,Durgapur,Asansol,17:20,18:00,17:32,18:46,12.6,40,Clear,High,17,False,False,46.4,0h 46m 24s
T105,2024-01-16,Tuesday,Asansol,Dhanbad,18:00,19:00,18:46,20:27,46.4,60,Rain,High,18,False,False,87.7,1h 27m 42s
T106,2024-01-16,Tuesday,Howrah,Bardhaman,17:00,18:30,17:00,18:58,0.0,95,Clear,High,17,False,False,28.6,0h 28m 36s
T106,2024-01-16,Tuesday,Bardhaman,Durgapur,18:30,19:20,18:58,20:15,28.6,55,Clear,Medium,18,False,False,55.6,0h 55m 36s
T106,2024-01-16,Tuesday,Durgapur,Asansol,19:20,20:00,20:15,21:38,55.6,40,Rain,Medium,19,False,False,98.2,1h 38m 12s
T106,2024-01-16,Tuesday,Asansol,Dhanbad,20:00,21:00,21:38,22:50,98.2,60,Clear,Low,20,False,False,110.8,1h 50m 48s
T107,2024-01-16,Tuesday,Howrah,Bardhaman,19:00,20:30,19:00,20:48,0.0,95,Clear,High,19,False,False,18.8,0h 18m 48s
T107,2024-01-16,Tuesday,Bardhaman,Durgapur,20:30,21:20,20:48,21:58,18.8,55,Fog,Low,20,False,False,38.6,0h 38m 36s
T107,2024-01-16,Tuesday,Durgapur,Asansol,21:20,22:00,21:58,22:50,38.6,40,Clear,Low,21,False,False,50.6,0h 50m 36s
T107,2024-01-16,Tuesday,Asansol,Dhanbad,22:00,23:00,22:50,00:17,50.6,60,Clear,High,22,False,False,77.9,1h 17m 54s
T100,2024-01-17,Wednesday,Howrah,Bardhaman,05:00,06:30,05:00,06:37,0.0,95,Clear,Low,5,False,False,7.7,0h 7m 42s
T100,2024-01-17,Wednesday,Bardhaman,Durgapur,06:30,07:20,06:37,08:11,7.7,55,Clear,High,6,False,False,51.4,0h 51m 24s
T100,2024-01-17,Wednesday,Durgapur,Asansol,07:20,08:00,08:11,09:17,51.4,40,Clear,High,7,False,False,77.5,1h 17m 30s
T100,2024-01-17,Wednesday,Asansol,Dhanbad,08:00,09:00,09:17,10:32,77.5,60,Clear,Medium,8,False,False,92.7,1h 32m 42s
T101,2024-01-17,Wednesday,Howrah,Bardhaman,07:00,08:30,07:00,08:58,0.0,95,Clear,High,7,False,False,28.1,0h 28m 6s
T101,2024-01-17,Wednesday,Bardhaman,Durgapur,08:30,09:20,08:58,09:59,28.1,55,Clear,Medium,8,False,False,39.8,0h 39m 48s
T101,2024-01-17,Wednesday,Durgapur,Asansol,09:20,10:00,09:59,10:45,39.8,40,Clear,Medium,9,False,False,45.3,0h 45m 18s
T101,2024-01-17,Wednesday,Asansol,Dhanbad,10:00,11:00,10:45,11:51,45.3,60,Clear,Low,10,False,False,51.4,0h 51m 24s
T102,2024-01-17,Wednesday,Howrah,Bardhaman,09:00,10:30,09:00,10:38,0.0,95,Clear,High,9,False,False,8.6,0h 8m 36s
T102,2024-01-17,Wednesday,Bardhaman,Durgapur,10:30,11:20,10:38,12:33,8.6,55,Fog,High,10,False,False,73.8,1h 13m 48s
T102,2024-01-17,Wednesday,Durgapur,Asansol,11:20,12:00,12:33,13:24,73.8,40,Clear,Low,11,False,False,84.9,1h 24m 54s
T102,2024-01-17,Wednesday,Asansol,Dhanbad,12:00,13:00,13:24,14:45,84.9,60,Clear,Medium,12,False,False,105.5,1h 45m 30s
T103,2024-01-17,Wednesday,Howrah,Bardhaman,11:00,12:30,11:00,13:07,0.0,95,Clear,High,11,False,False,37.8,0h 37m 48s
T103,2024-01-17,Wednesday,Bardhaman,Durgapur,12:30,13:20,13:07,14:24,37.8,55,Clear,Medium,12,False,False,64.4,1h 4m 24s
T103,2024-01-17,Wednesday,Durgapur,Asansol,13:20,14:00,14:24,15:39,64.4,40,Fog,Low,13,False,False,99.2,1h 39m 12s
T103,2024-01-17,Wednesday,Asansol,Dhanbad,14:00,15:00,15:39,17:05,99.2,60,Clear,High,14,False,False,126.0,2h 6m 0s
T104,2024-01-17,Wednesday,Howrah,Bardhaman,13:00,14:30,13:00,14:30,0.0,95,Clear,Low,13,False,False,0.3,0h 0m 18s
T104,2024-01-17,Wednesday,Bardhaman,Durgapur,14:30,15:20,14:30,15:27,0.3,55,Clear,Low,14,False,False,7.2,0h 7m 12s
T104,2024-01-17,Wednesday,Durgapur,Asansol,15:20,16:00,15:27,16:30,7.2,40,Clear,High,15,False,False,30.5,0h 30m 30s
T104,2024-01-17,Wednesday,Asansol,Dhanbad,16:00,17:00,16:30,17:54,30.5,60,Rain,Medium,16,False,False,54.1,0h 54m 6s
T105,2024-01-17,Wednesday,Howrah,Bardhaman,15:00,16:30,15:00,16:45,0.0,95,Rain,Low,15,False,False,15.2,0h 15m 12s
T105,2024-01-17,Wednesday,Bardhaman,Durgapur,16:30,17:20,16:45,17:35,15.2,55,Clear,High,16,False,False,15.2,0h 15m 12s
T105,2024-01-17,Wednesday,Durgapur,Asansol,17:20,18:00,17:35,18:33,15.2,40,Clear,High,17,False,False,33.7,0h 33m 42s
T105,2024-01-17,Wednesday,Asansol,Dhanbad,18:00,19:00,18:33,19:44,33.7,60,Clear,Medium,18,False,False,44.5,0h 44m 30s
T106,2024-01-17,Wednesday,Howrah,Bardhaman,17:00,18:30,17:00,19:19,0.0,95,Clear,High,17,False,False,49.1,0h 49m 6s
T106,2024-01-17,Wednesday,Bardhaman,Durgapur,18:30,19:20,19:19,20:28,49.1,55,Clear,Low,18,False,False,68.1,1h 8m 6s
T106,2024-01-17,Wednesday,Durgapur,Asansol,19:20,20:00,20:28,21:41,68.1,40,Clear,High,19,False,False,101.5,1h 41m 30s
T106,2024-01-17,Wednesday,Asansol,Dhanbad,20:00,21:00,21:41,23:26,101.5,60,Rain,Medium,20,False,False,146.9,2h 26m 54s
T107,2024-01-17,Wednesday,Howrah,Bardhaman,19:00,20:30,19:00,21:08,0.0,95,Clear,High,19,False,False,38.9,0h 38m 54s
T107,2024-01-17,Wednesday,Bardhaman,Durgapur,20:30,21:20,21:08,22:08,38.9,55,Clear,Low,20,False,False,48.0,0h 48m 0s
T107,2024-01-17,Wednesday,Durgapur,Asansol,21:20,22:00,22:08,22:55,48.0,40,Clear,Low,21,False,False,55.4,0h 55m 24s
T107,2024-01-17,Wednesday,Asansol,Dhanbad,22:00,23:00,22:55,00:17,55.4,60,Clear,Medium,22,False,False,77.3,1h 17m 18s
T100,2024-01-18,Thursday,Howrah,Bardhaman,05:00,06:30,05:00,06:43,0.0,95,Clear,Low,5,False,False,13.4,0h 13m 24s
T100,2024-01-18,Thursday,Bardhaman,Durgapur,06:30,07:20,06:43,07:40,13.4,55,Clear,Low,6,False,False,20.3,0h 20m 18s
T100,2024-01-18,Thursday,Durgapur,Asansol,07:20,08:00,07:40,09:00,20.3,40,Rain,High,7,False,False,60.8,1h 0m 48s
T100,2024-01-18,Thursday,Asansol,Dhanbad,08:00,09:00,09:00,10:31,60.8,60,Clear,High,8,False,False,91.1,1h 31m 6s
T101,2024-01-18,Thursday,Howrah,Bardhaman,07:00,08:30,07:00,08:53,0.0,95,Fog,High,7,False,False,23.6,0h 23m 36s
T101,2024-01-18,Thursday,Bardhaman,Durgapur,08:30,09:20,08:53,10:09,23.6,55,Clear,High,8,False,False,49.5,0h 49m 30s
T101,2024-01-18,Thursday,Durgapur,Asansol,09:20,10:00,10:09,11:10,49.5,40,Clear,High,9,False,False,70.5,1h 10m 30s
T101,2024-01-18,Thursday,Asansol,Dhanbad,10:00,11:00,11:10,12:25,70.5,60,Clear,Medium,10,False,False,85.6,1h 25m 36s
T102,2024-01-18,Thursday,Howrah,Bardhaman,09:00,10:30,09:00,10:52,0.0,95,Clear,High,9,False,False,22.8,0h 22m 48s
T102,2024-01-18,Thursday,Bardhaman,Durgapur,10:30,11:20,10:52,11:51,22.8,55,Clear,Low,10,False,False,31.9,0h 31m 54s
T102,2024-01-18,Thursday,Durgapur,Asansol,11:20,12:00,11:51,12:42,31.9,40,Clear,Low,11,False,False,42.0,0h 42m 0s
T102,2024-01-18,Thursday,Asansol,Dhanbad,12:00,13:00,12:42,13:52,42.0,60,Clear,Low,12,False,False,52.2,0h 52m 12s
T103,2024-01-18,Thursday,Howrah,Bardhaman,11:00,12:30,11:00,12:51,0.0,95,Clear,Low,11,False,False,21.1,0h 21m 6s
T103,2024-01-18,Thursday,Bardhaman,Durgapur,12:30,13:20,12:51,13:55,21.1,55,Clear,Low,12,False,False,35.9,0h 35m 54s
T103,2024-01-18,Thursday,Durgapur,Asansol,13:20,14:00,13:55,14:52,35.9,40,Clear,Low,13,False,False,52.1,0h 52m 6s
T103,2024-01-18,Thursday,Asansol,Dhanbad,14:00,15:00,14:52,16:50,52.1,60,Rain,High,14,False,False,110.1,1h 50m 6s
T104,2024-01-18,Thursday,Howrah,Bardhaman,13:00,14:30,13:00,14:52,0.0,95,Clear,High,13,False,False,22.5,0h 22m 30s
T104,2024-01-18,Thursday,Bardhaman,Durgapur,14:30,15:20,14:52,15:49,22.5,55,Clear,Low,14,False,False,29.5,0h 29m 30s
T104,2024-01-18,Thursday,Durgapur,Asansol,15:20,16:00,15:49,16:34,29.5,40,Clear,Low,15,False,False,34.5,0h 34m 30s
T104,2024-01-18,Thursday,Asansol,Dhanbad,16:00,17:00,16:34,17:46,34.5,60,Clear,Medium,16,False,False,46.6,0h 46m 36s
T105,2024-01-18,Thursday,Howrah,Bardhaman,15:00,16:30,15:00,16:36,0.0,95,Clear,Low,15,False,False,6.1,0h 6m 6s
T105,2024-01-18,Thursday,Bardhaman,Durgapur,16:30,17:20,16:36,17:32,6.1,55,Clear,Low,16,False,False,12.5,0h 12m 30s
T105,2024-01-18,Thursday,Durgapur,Asansol,17:20,18:00,17:32,18:21,12.5,40,Fog,High,17,False,False,21.0,0h 21m 0s
T105,2024-01-18,Thursday,Asansol,Dhanbad,18:00,19:00,18:21,19:21,21.0,60,Clear,Low,18,False,False,21.0,0h 21m 0s
T106,2024-01-18,Thursday,Howrah,Bardhaman,17:00,18:30,17:00,19:24,0.0,95,Rain,High,17,False,False,54.6,0h 54m 36s
T106,2024-01-18,Thursday,Bardhaman,Durgapur,18:30,19:20,19:24,20:44,54.6,55,Clear,High,18,False,False,85.0,1h 25m 0s
T106,2024-01-18,Thursday,Durgapur,Asansol,19:20,20:00,20:44,21:47,85.0,40,Clear,Medium,19,False,False,107.1,1h 47m 6s
T106,2024-01-18,Thursday,Asansol,Dhanbad,20:00,21:00,21:47,23:02,107.1,60,Clear,Low,20,False,False,122.0,2h 2m 0s
T107,2024-01-18,Thursday,Howrah,Bardhaman,19:00,20:30,19:00,20:48,0.0,95,Clear,Medium,19,False,False,18.6,0h 18m 36s
T107,2024-01-18,Thursday,Bardhaman,Durgapur,20:30,21:20,20:48,21:56,18.6,55,Rain,Low,20,False,False,36.5,0h 36m 30s
T107,2024-01-18,Thursday,Durgapur,Asansol,21:20,22:00,21:56,22:57,36.5,40,Clear,Medium,21,False,False,57.6,0h 57m 36s
T107,2024-01-18,Thursday,Asansol,Dhanbad,22:00,23:00,22:57,00:08,57.6,60,Clear,Low,22,False,False,68.1,1h 8m 6s
T100,2024-01-19,Friday,Howrah,Bardhaman,05:00,06:30,05:00,06:34,0.0,95,Clear,Low,5,False,False,4.3,0h 4m 18s
T100,2024-01-19,Friday,Bardhaman,Durgapur,06:30,07:20,06:34,07:40,4.3,55,Clear,Medium,6,False,False,20.4,0h 20m 24s
T100,2024-01-19,Friday,Durgapur,Asansol,07:20,08:00,07:40,09:06,20.4,40,Fog,High,7,False,False,66.5,1h 6m 30s
T100,2024-01-19,Friday,Asansol,Dhanbad,08:00,09:00,09:06,10:43,66.5,60,Clear,High,8,False,False,103.2,1h 43m 12s
T101,2024-01-19,Friday,Howrah,Bardhaman,07:00,08:30,07:00,08:44,0.0,95,Clear,Medium,7,False,False,14.7,0h 14m 42s
T101,2024-01-19,Friday,Bardhaman,Durgapur,08:30,09:20,08:44,09:53,14.7,55,Clear,Medium,8,False,False,33.3,0h 33m 18s
T101,2024-01-19,Friday,Durgapur,Asansol,09:20,10:00,09:53,10:47,33.3,40,Rain,Low,9,False,False,47.8,0h 47m 48s
T101,2024-01-19,Friday,Asansol,Dhanbad,10:00,11:00,10:47,11:58,47.8,60,Rain,Low,10,False,False,58.1,0h 58m 6s
T102,2024-01-19,Friday,Howrah,Bardhaman,09:00,10:30,09:00,10:44,0.0,95,Clear,Medium,9,False,False,14.4,0h 14m 24s
T102,2024-01-19,Friday,Bardhaman,Durgapur,10:30,11:20,10:44,11:40,14.4,55,Clear,Low,10,False,False,20.0,0h 20m 0s
T102,2024-01-19,Friday,Durgapur,Asansol,11:20,12:00,11:40,12:50,20.0,40,Clear,High,11,False,False,50.8,0h 50m 48s
T102,2024-01-19,Friday,Asansol,Dhanbad,12:00,13:00,12:50,14:05,50.8,60,Fog,Low,12,False,False,65.4,1h 5m 24s
T103,2024-01-19,Friday,Howrah,Bardhaman,11:00,12:30,11:00,12:53,0.0,95,Clear,Low,11,False,False,23.3,0h 23m 18s
T103,2024-01-19,Friday,Bardhaman,Durgapur,12:30,13:20,12:53,14:01,23.3,55,Clear,Low,12,False,False,42.0,0h 42m 0s
T103,2024-01-19,Friday,Durgapur,Asansol,13:20,14:00,14:01,15:19,42.0,40,Rain,Medium,13,False,False,79.4,1h 19m 24s
T103,2024-01-19,Friday,Asansol,Dhanbad,14:00,15:00,15:19,16:45,79.4,60,Fog,Low,14,False,False,105.7,1h 45m 42s
T104,2024-01-19,Friday,Howrah,Bardhaman,13:00,14:30,13:00,14:32,0.0,95,Clear,Low,13,False,False,2.8,0h 2m 48s
T104,2024-01-19,Friday,Bardhaman,Durgapur,14:30,15:20,14:32,15:23,2.8,55,Clear,Low,14,False,False,3.6,0h 3m 36s
T104,2024-01-19,Friday,Durgapur,Asansol,15:20,16:00,15:23,16:40,3.6,40,Clear,High,15,False,False,40.2,0h 40m 12s
T104,2024-01-19,Friday,Asansol,Dhanbad,16:00,17:00,16:40,17:51,40.2,60,Clear,Medium,16,False,False,51.5,0h 51m 30s
T105,2024-01-19,Friday,Howrah,Bardhaman,15:00,16:30,15:00,16:30,0.0,95,Rain,Low,15,False,False,0.8,0h 0m 48s
T105,2024-01-19,Friday,Bardhaman,Durgapur,16:30,17:20,16:30,17:28,0.8,55,Clear,Low,16,False,False,8.2,0h 8m 12s
T105,2024-01-19,Friday,Durgapur,Asansol,17:20,18:00,17:28,18:18,8.2,40,Clear,Medium,17,False,False,18.8,0h 18m 48s
T105,2024-01-19,Friday,Asansol,Dhanbad,18:00,19:00,18:18,19:41,18.8,60,Fog,Medium,18,False,False,41.6,0h 41m 36s
T106,2024-01-19,Friday,Howrah,Bardhaman,17:00,18:30,17:00,18:58,0.0,95,Clear,High,17,False,False,28.8,0h 28m 48s
T106,2024-01-19,Friday,Bardhaman,Durgapur,18:30,19:20,18:58,20:31,28.8,55,Rain,Medium,18,False,False,71.2,1h 11m 12s
T106,2024-01-19,Friday,Durgapur,Asansol,19:20,20:00,20:31,21:42,71.2,40,Clear,High,19,False,False,102.1,1h 42m 6s
T106,2024-01-19,Friday,Asansol,Dhanbad,20:00,21:00,21:42,23:06,102.1,60,Clear,Medium,20,False,False,126.5,2h 6m 30s
T107,2024-01-19,Friday,Howrah,Bardhaman,19:00,20:30,19:00,20:47,0.0,95,Clear,Medium,19,False,False,17.0,0h 17m 0s
T107,2024-01-19,Friday,Bardhaman,Durgapur,20:30,21:20,20:47,21:54,17.0,55,Clear,Medium,20,False,False,35.0,0h 35m 0s
T107,2024-01-19,Friday,Durgapur,Asansol,21:20,22:00,21:54,22:50,35.0,40,Clear,Low,21,False,False,50.3,0h 50m 18s
T107,2024-01-19,Friday,Asansol,Dhanbad,22:00,23:00,22:50,00:00,50.3,60,Clear,Low,22,False,False,60.7,1h 0m 42s
T100,2024-01-20,Saturday,Howrah,Bardhaman,05:00,06:30,05:00,06:56,0.0,95,Clear,High,5,True,False,26.5,0h 26m 30s
T100,2024-01-20,Saturday,Bardhaman,Durgapur,06:30,07:20,06:56,08:25,26.5,55,Rain,High,6,True,False,65.4,1h 5m 24s
T100,2024-01-20,Saturday,Durgapur,Asansol,07:20,08:00,08:25,09:11,65.4,40,Clear,Low,7,True,False,71.3,1h 11m 18s
T100,2024-01-20,Saturday,Asansol,Dhanbad,08:00,09:00,09:11,10:14,71.3,60,Clear,Low,8,True,False,74.6,1h 14m 36s
T101,2024-01-20,Saturday,Howrah,Bardhaman,07:00,08:30,07:00,08:30,0.0,95,Clear,Low,7,True,False,0.0,0h 0m 0s
T101,2024-01-20,Saturday,Bardhaman,Durgapur,08:30,09:20,08:30,09:32,0.0,55,Clear,High,8,True,False,12.7,0h 12m 42s
T101,2024-01-20,Saturday,Durgapur,Asansol,09:20,10:00,09:32,10:12,12.7,40,Clear,Medium,9,True,False,12.8,0h 12m 48s
T101,2024-01-20,Saturday,Asansol,Dhanbad,10:00,11:00,10:12,11:50,12.8,60,Fog,High,10,True,False,50.0,0h 50m 0s
T102,2024-01-20,Saturday,Howrah,Bardhaman,09:00,10:30,09:00,10:36,0.0,95,Clear,Low,9,True,False,6.8,0h 6m 48s
T102,2024-01-20,Saturday,Bardhaman,Durgapur,10:30,11:20,10:36,11:45,6.8,55,Rain,Low,10,True,False,25.3,0h 25m 18s
T102,2024-01-20,Saturday,Durgapur,Asansol,11:20,12:00,11:45,12:48,25.3,40,Rain,Medium,11,True,False,48.4,0h 48m 24s
T102,2024-01-20,Saturday,Asansol,Dhanbad,12:00,13:00,12:48,14:09,48.4,60,Rain,Medium,12,True,False,69.3,1h 9m 18s
T103,2024-01-20,Saturday,Howrah,Bardhaman,11:00,12:30,11:00,12:46,0.0,95,Clear,Medium,11,True,False,16.8,0h 16m 48s
T103,2024-01-20,Saturday,Bardhaman,Durgapur,12:30,13:20,12:46,13:52,16.8,55,Clear,Low,12,True,False,32.6,0h 32m 36s
T103,2024-01-20,Saturday,Durgapur,Asansol,13:20,14:00,13:52,14:47,32.6,40,Clear,Medium,13,True,False,47.4,0h 47m 24s
T103,2024-01-20,Saturday,Asansol,Dhanbad,14:00,15:00,14:47,16:07,47.4,60,Clear,Medium,14,True,False,67.4,1h 7m 24s
T104,2024-01-20,Saturday,Howrah,Bardhaman,13:00,14:30,13:00,14:59,0.0,95,Rain,High,13,True,False,29.5,0h 29m 30s
T104,2024-01-20,Saturday,Bardhaman,Durgapur,14:30,15:20,14:59,15:49,29.5,55,Clear,Low,14,True,False,29.5,0h 29m 30s
T104,2024-01-20,Saturday,Durgapur,Asansol,15:20,16:00,15:49,16:49,29.5,40,Rain,Medium,15,True,False,49.6,0h 49m 36s
T104,2024-01-20,Saturday,Asansol,Dhanbad,16:00,17:00,16:49,17:53,49.6,60,Clear,Medium,16,True,False,54.0,0h 54m 0s
T105,2024-01-20,Saturday,Howrah,Bardhaman,15:00,16:30,15:00,16:56,0.0,95,Clear,High,15,True,False,26.8,0h 26m 48s
T105,2024-01-20,Saturday,Bardhaman,Durgapur,16:30,17:20,16:56,18:15,26.8,55,Clear,High,16,True,False,55.7,0h 55m 42s
T105,2024-01-20,Saturday,Durgapur,Asansol,17:20,18:00,18:15,18:59,55.7,40,Clear,Medium,17,True,False,59.0,0h 59m 0s
T105,2024-01-20,Saturday,Asansol,Dhanbad,18:00,19:00,18:59,20:47,59.0,60,Fog,High,18,True,False,107.8,1h 47m 48s
T106,2024-01-20,Saturday,Howrah,Bardhaman,17:00,18:30,17:00,18:45,0.0,95,Clear,Low,17,True,False,15.7,0h 15m 42s
T106,2024-01-20,Saturday,Bardhaman,Durgapur,18:30,19:20,18:45,19:47,15.7,55,Clear,Low,18,True,False,27.0,0h 27m 0s
T106,2024-01-20,Saturday,Durgapur,Asansol,19:20,20:00,19:47,20:50,27.0,40,Clear,Medium,19,True,False,50.7,0h 50m 42s
T106,2024-01-20,Saturday,Asansol,Dhanbad,20:00,21:00,20:50,22:06,50.7,60,Rain,Low,20,True,False,66.9,1h 6m 54s
T107,2024-01-20,Saturday,Howrah,Bardhaman,19:00,20:30,19:00,21:01,0.0,95,Clear,High,19,True,False,32.0,0h 32m 0s
T107,2024-01-20,Saturday,Bardhaman,Durgapur,20:30,21:20,21:01,22:11,32.0,55,Rain,Medium,20,True,False,51.1,0h 51m 6s
T107,2024-01-20,Saturday,Durgapur,Asansol,21:20,22:00,22:11,23:04,51.1,40,Clear,Medium,21,True,False,64.8,1h 4m 48s
T107,2024-01-20,Saturday,Asansol,Dhanbad,22:00,23:00,23:04,00:08,64.8,60,Clear,Low,22,True,False,68.0,1h 8m 0s
T100,2024-01-21,Sunday,Howrah,Bardhaman,05:00,06:30,05:00,06:41,0.0,95,Clear,Low,5,True,False,12.0,0h 12m 0s
T100,2024-01-21,Sunday,Bardhaman,Durgapur,06:30,07:20,06:41,07:54,12.0,55,Rain,Low,6,True,False,34.9,0h 34m 54s
T100,2024-01-21,Sunday,Durgapur,Asansol,07:20,08:00,07:54,08:40,34.9,40,Clear,Low,7,True,False,40.9,0h 40m 54s
T100,2024-01-21,Sunday,Asansol,Dhanbad,08:00,09:00,08:40,09:49,40.9,60,Clear,Low,8,True,False,49.6,0h 49m 36s
T101,2024-01-21,Sunday,Howrah,Bardhaman,07:00,08:30,07:00,08:30,0.0,95,Rain,Low,7,True,False,0.8,0h 0m 48s
T101,2024-01-21,Sunday,Bardhaman,Durgapur,08:30,09:20,08:30,09:24,0.8,55,Fog,Low,8,True,False,4.7,0h 4m 42s
T101,2024-01-21,Sunday,Durgapur,Asansol,09:20,10:00,09:24,10:04,4.7,40,Clear,Low,9,True,False,4.7,0h 4m 42s
T101,2024-01-21,Sunday,Asansol,Dhanbad,10:00,11:00,10:04,11:10,4.7,60,Clear,Low,10,True,False,10.7,0h 10m 42s
T102,2024-01-21,Sunday,Howrah,Bardhaman,09:00,10:30,09:00,10:41,0.0,95,Clear,Low,9,True,False,11.6,0h 11m 36s
T102,2024-01-21,Sunday,Bardhaman,Durgapur,10:30,11:20,10:41,11:53,11.6,55,Fog,Medium,10,True,False,33.6,0h 33m 36s
T102,2024-01-21,Sunday,Durgapur,Asansol,11:20,12:00,11:53,12:46,33.6,40,Clear,Medium,11,True,False,46.2,0h 46m 12s
T102,2024-01-21,Sunday,Asansol,Dhanbad,12:00,13:00,12:46,14:18,46.2,60,Fog,Low,12,True,False,78.3,1h 18m 18s
T103,2024-01-21,Sunday,Howrah,Bardhaman,11:00,12:30,11:00,12:41,0.0,95,Clear,Low,11,True,False,11.8,0h 11m 48s
T103,2024-01-21,Sunday,Bardhaman,Durgapur,12:30,13:20,12:41,13:52,11.8,55,Clear,Medium,12,True,False,32.7,0h 32m 42s
T103,2024-01-21,Sunday,Durgapur,Asansol,13:20,14:00,13:52,14:46,32.7,40,Clear,Low,13,True,False,46.0,0h 46m 0s
T103,2024-01-21,Sunday,Asansol,Dhanbad,14:00,15:00,14:46,16:12,46.0,60,Fog,Low,14,True,False,72.1,1h 12m 6s
T104,2024-01-21,Sunday,Howrah,Bardhaman,13:00,14:30,13:00,14:44,0.0,95,Fog,Low,13,True,False,14.8,0h 14m 48s
T104,2024-01-21,Sunday,Bardhaman,Durgapur,14:30,15:20,14:44,15:40,14.8,55,Clear,High,14,True,False,20.1,0h 20m 6s
T104,2024-01-21,Sunday,Durgapur,Asansol,15:20,16:00,15:40,16:22,20.1,40,Clear,Low,15,True,False,22.0,0h 22m 0s
T104,2024-01-21,Sunday,Asansol,Dhanbad,16:00,17:00,16:22,17:36,22.0,60,Clear,Medium,16,True,False,36.8,0h 36m 48s
T105,2024-01-21,Sunday,Howrah,Bardhaman,15:00,16:30,15:00,16:30,0.0,95,Clear,Low,15,True,False,0.0,0h 0m 0s
T105,2024-01-21,Sunday,Bardhaman,Durgapur,16:30,17:20,16:30,17:20,0.0,55,Clear,Low,16,True,False,0.0,0h 0m 0s
T105,2024-01-21,Sunday,Durgapur,Asansol,17:20,18:00,17:20,18:04,0.0,40,Clear,Medium,17,True,False,4.4,0h 4m 24s
T105,2024-01-21,Sunday,Asansol,Dhanbad,18:00,19:00,18:04,19:24,4.4,60,Rain,High,18,True,False,24.7,0h 24m 42s
T106,2024-01-21,Sunday,Howrah,Bardhaman,17:00,18:30,17:00,18:49,0.0,95,Clear,Medium,17,True,False,19.3,0h 19m 18s
T106,2024-01-21,Sunday,Bardhaman,Durgapur,18:30,19:20,18:49,20:06,19.3,55,Fog,Medium,18,True,False,46.4,0h 46m 24s
T106,2024-01-21,Sunday,Durgapur,Asansol,19:20,20:00,20:06,21:14,46.4,40,Rain,Low,19,True,False,74.8,1h 14m 48s
T106,2024-01-21,Sunday,Asansol,Dhanbad,20:00,21:00,21:14,22:24,74.8,60,Clear,Low,20,True,False,84.8,1h 24m 48s
T107,2024-01-21,Sunday,Howrah,Bardhaman,19:00,20:30,19:00,20:52,0.0,95,Fog,Low,19,True,False,22.6,0h 22m 36s
T107,2024-01-21,Sunday,Bardhaman,Durgapur,20:30,21:20,20:52,21:49,22.6,55,Clear,Low,20,True,False,29.7,0h 29m 42s
T107,2024-01-21,Sunday,Durgapur,Asansol,21:20,22:00,21:49,22:49,29.7,40,Fog,Low,21,True,False,49.4,0h 49m 24s
T107,2024-01-21,Sunday,Asansol,Dhanbad,22:00,23:00,22:49,23:54,49.4,60,Clear,Low,22,True,False,54.9,0h 54m 54s
T100,2024-01-22,Monday,Howrah,Bardhaman,05:00,06:30,05:00,06:42,0.0,95,Clear,Low,5,False,False,12.7,0h 12m 42s
T100,2024-01-22,Monday,Bardhaman,Durgapur,06:30,07:20,06:42,07:58,12.7,55,Rain,Medium,6,False,False,38.4,0h 38m 24s
T100,2024-01-22,Monday,Durgapur,Asansol,07:20,08:00,07:58,09:09,38.4,40,Clear,Medium,7,False,False,69.7,1h 9m 42s
T100,2024-01-22,Monday,Asansol,Dhanbad,08:00,09:00,09:09,10:30,69.7,60,Clear,Medium,8,False,False,90.2,1h 30m 12s
T101,2024-01-22,Monday,Howrah,Bardhaman,07:00,08:30,07:00,08:54,0.0,95,Clear,High,7,False,False,24.4,0h 24m 24s
T101,2024-01-22,Monday,Bardhaman,Durgapur,08:30,09:20,08:54,10:04,24.4,55,Clear,High,8,False,False,44.2,0h 44m 12s
T101,2024-01-22,Monday,Durgapur,Asansol,09:20,10:00,10:04,11:10,44.2,40,Clear,High,9,False,False,70.4,1h 10m 24s
T101,2024-01-22,Monday,Asansol,Dhanbad,10:00,11:00,11:10,12:25,70.4,60,Clear,Medium,10,False,False,85.8,1h 25m 48s
T102,2024-01-22,Monday,Howrah,Bardhaman,09:00,10:30,09:00,10:59,0.0,95,Clear,High,9,False,False,29.6,0h 29m 36s
T102,2024-01-22,Monday,Bardhaman,Durgapur,10:30,11:20,10:59,12:05,29.6,55,Clear,Medium,10,False,False,45.3,0h 45m 18s
T102,2024-01-22,Monday,Durgapur,Asansol,11:20,12:00,12:05,12:57,45.3,40,Clear,Low,11,False,False,57.4,0h 57m 24s
T102,2024-01-22,Monday,Asansol,Dhanbad,12:00,13:00,12:57,14:10,57.4,60,Clear,Low,12,False,False,70.3,1h 10m 18s
T103,2024-01-22,Monday,Howrah,Bardhaman,11:00,12:30,11:00,12:43,0.0,95,Clear,Low,11,False,False,13.8,0h 13m 48s
T103,2024-01-22,Monday,Bardhaman,Durgapur,12:30,13:20,12:43,13:47,13.8,55,Clear,Low,12,False,False,27.5,0h 27m 30s
T103,2024-01-22,Monday,Durgapur,Asansol,13:20,14:00,13:47,14:46,27.5,40,Clear,Medium,13,False,False,46.1,0h 46m 6s
T103,2024-01-22,Monday,Asansol,Dhanbad,14:00,15:00,14:46,16:37,46.1,60,Clear,High,14,False,False,97.7,1h 37m 42s
T104,2024-01-22,Monday,Howrah,Bardhaman,13:00,14:30,13:00,14:42,0.0,95,Clear,Low,13,False,False,12.0,0h 12m 0s
T104,2024-01-22,Monday,Bardhaman,Durgapur,14:30,15:20,14:42,15:36,12.0,55,Clear,Low,14,False,False,16.2,0h 16m 12s
T104,2024-01-22,Monday,Durgapur,Asansol,15:20,16:00,15:36,16:19,16.2,40,Clear,Low,15,False,False,20.0,0h 20m 0s
T104,2024-01-22,Monday,Asansol,Dhanbad,16:00,17:00,16:19,17:25,20.0,60,Clear,Low,16,False,False,25.9,0h 25m 54s
T105,2024-01-22,Monday,Howrah,Bardhaman,15:00,16:30,15:00,16:30,0.0,95,Clear,Low,15,False,False,0.0,0h 0m 0s
T105,2024-01-22,Monday,Bardhaman,Durgapur,16:30,17:20,16:30,17:22,0.0,55,Clear,Low,16,False,False,2.0,0h 2m 0s
T105,2024-01-22,Monday,Durgapur,Asansol,17:20,18:00,17:22,18:22,2.0,40,Clear,High,17,False,False,22.5,0h 22m 30s
T105,2024-01-22,Monday,Asansol,Dhanbad,18:00,19:00,18:22,19:33,22.5,60,Clear,Low,18,False,False,33.5,0h 33m 30s
T106,2024-01-22,Monday,Howrah,Bardhaman,17:00,18:30,17:00,19:00,0.0,95,Clear,High,17,False,False,30.1,0h 30m 6s
T106,2024-01-22,Monday,Bardhaman,Durgapur,18:30,19:20,19:00,20:49,30.1,55,Rain,High,18,False,False,89.4,1h 29m 24s
T106,2024-01-22,Monday,Durgapur,Asansol,19:20,20:00,20:49,21:56,89.4,40,Clear,High,19,False,False,116.1,1h 56m 6s
T106,2024-01-22,Monday,Asansol,Dhanbad,20:00,21:00,21:56,23:42,116.1,60,Rain,High,20,False,False,162.9,2h 42m 54s
T107,2024-01-22,Monday,Howrah,Bardhaman,19:00,20:30,19:00,20:53,0.0,95,Fog,Medium,19,False,False,23.7,0h 23m 42s
T107,2024-01-22,Monday,Bardhaman,Durgapur,20:30,21:20,20:53,22:06,23.7,55,Fog,Low,20,False,False,46.1,0h 46m 6s
T107,2024-01-22,Monday,Durgapur,Asansol,21:20,22:00,22:06,22:59,46.1,40,Clear,Medium,21,False,False,59.0,0h 59m 0s
T107,2024-01-22,Monday,Asansol,Dhanbad,22:00,23:00,22:59,00:08,59.0,60,Clear,Low,22,False,False,68.3,1h 8m 18s
T100,2024-01-23,Tuesday,Howrah,Bardhaman,05:00,06:30,05:00,06:38,0.0,95,Clear,Low,5,False,False,8.1,0h 8m 6s
T100,2024-01-23,Tuesday,Bardhaman,Durgapur,06:30,07:20,06:38,07:44,8.1,55,Clear,Medium,6,False,False,24.5,0h 24m 30s
T100,2024-01-23,Tuesday,Durgapur,Asansol,07:20,08:00,07:44,08:34,24.5,40,Clear,Low,7,False,False,34.7,0h 34m 42s
T100,2024-01-23,Tuesday,Asansol,Dhanbad,08:00,09:00,08:34,09:45,34.7,60,Clear,Low,8,False,False,45.7,0h 45m 42s
T101,2024-01-23,Tuesday,Howrah,Bardhaman,07:00,08:30,07:00,09:14,0.0,95,Rain,High,7,False,False,44.1,0h 44m 6s
T101,2024-01-23,Tuesday,Bardhaman,Durgapur,08:30,09:20,09:14,10:43,44.1,55,Clear,High,8,False,False,83.2,1h 23m 12s
T101,2024-01-23,Tuesday,Durgapur,Asansol,09:20,10:00,10:43,11:38,83.2,40,Clear,Medium,9,False,False,98.4,1h 38m 24s
T101,2024-01-23,Tuesday,Asansol,Dhanbad,10:00,11:00,11:38,13:18,98.4,60,Fog,Medium,10,False,False,138.6,2h 18m 36s
T102,2024-01-23,Tuesday,Howrah,Bardhaman,09:00,10:30,09:00,11:16,0.0,95,Rain,High,9,False,False,46.8,0h 46m 48s
T102,2024-01-23,Tuesday,Bardhaman,Durgapur,10:30,11:20,11:16,12:16,46.8,55,Clear,Low,10,False,False,56.4,0h 56m 24s
T102,2024-01-23,Tuesday,Durgapur,Asansol,11:20,12:00,12:16,13:05,56.4,40,Clear,Low,11,False,False,65.8,1h 5m 48s
T102,2024-01-23,Tuesday,Asansol,Dhanbad,12:00,13:00,13:05,14:30,65.8,60,Fog,Medium,12,False,False,90.1,1h 30m 6s
T103,2024-01-23,Tuesday,Howrah,Bardhaman,11:00,12:30,11:00,13:00,0.0,95,Rain,Medium,11,False,False,30.1,0h 30m 6s
T103,2024-01-23,Tuesday,Bardhaman,Durgapur,12:30,13:20,13:00,14:29,30.1,55,Fog,Medium,12,False,False,69.4,1h 9m 24s
T103,2024-01-23,Tuesday,Durgapur,Asansol,13:20,14:00,14:29,15:33,69.4,40,Clear,Medium,13,False,False,93.7,1h 33m 42s
T103,2024-01-23,Tuesday,Asansol,Dhanbad,14:00,15:00,15:33,17:02,93.7,60,Clear,Medium,14,False,False,123.0,2h 3m 0s
T104,2024-01-23,Tuesday,Howrah,Bardhaman,13:00,14:30,13:00,14:41,0.0,95,Rain,Low,13,False,False,11.9,0h 11m 54s
T104,2024-01-23,Tuesday,Bardhaman,Durgapur,14:30,15:20,14:41,15:35,11.9,55,Clear,Low,14,False,False,16.0,0h 16m 0s
T104,2024-01-23,Tuesday,Durgapur,Asansol,15:20,16:00,15:35,16:22,16.0,40,Clear,Medium,15,False,False,22.2,0h 22m 12s
T104,2024-01-23,Tuesday,Asansol,Dhanbad,16:00,17:00,16:22,17:34,22.2,60,Rain,Low,16,False,False,34.8,0h 34m 48s
T105,2024-01-23,Tuesday,Howrah,Bardhaman,15:00,16:30,15:00,16:45,0.0,95,Clear,Medium,15,False,False,16.0,0h 16m 0s
T105,2024-01-23,Tuesday,Bardhaman,Durgapur,16:30,17:20,16:45,18:03,16.0,55,Rain,High,16,False,False,43.4,0h 43m 24s
T105,2024-01-23,Tuesday,Durgapur,Asansol,17:20,18:00,18:03,18:58,43.4,40,Clear,Medium,17,False,False,58.7,0h 58m 42s
T105,2024-01-23,Tuesday,Asansol,Dhanbad,18:00,19:00,18:58,20:30,58.7,60,Clear,High,18,False,False,90.8,1h 30m 48s
T106,2024-01-23,Tuesday,Howrah,Bardhaman,17:00,18:30,17:00,19:04,0.0,95,Rain,Low,17,False,False,34.7,0h 34m 42s
T106,2024-01-23,Tuesday,Bardhaman,Durgapur,18:30,19:20,19:04,20:37,34.7,55,Clear,High,18,False,False,77.3,1h 17m 18s
T106,2024-01-23,Tuesday,Durgapur,Asansol,19:20,20:00,20:37,21:55,77.3,40,Clear,High,19,False,False,115.2,1h 55m 12s
T106,2024-01-23,Tuesday,Asansol,Dhanbad,20:00,21:00,21:55,23:14,115.2,60,Clear,Low,20,False,False,134.3,2h 14m 18s
T107,2024-01-23,Tuesday,Howrah,Bardhaman,19:00,20:30,19:00,20:59,0.0,95,Fog,High,19,False,False,29.3,0h 29m 18s
T107,2024-01-23,Tuesday,Bardhaman,Durgapur,20:30,21:20,20:59,22:27,29.3,55,Clear,High,20,False,False,67.9,1h 7m 54s
T107,2024-01-23,Tuesday,Durgapur,Asansol,21:20,22:00,22:27,23:22,67.9,40,Clear,Low,21,False,False,82.9,1h 22m 54s
T107,2024-01-23,Tuesday,Asansol,Dhanbad,22:00,23:00,23:22,00:32,82.9,60,Clear,Low,22,False,False,92.6,1h 32m 36s
T100,2024-01-24,Wednesday,Howrah,Bardhaman,05:00,06:30,05:00,07:07,0.0,95,Fog,Low,5,False,False,37.7,0h 37m 42s
T100,2024-01-24,Wednesday,Bardhaman,Durgapur,06:30,07:20,07:07,08:10,37.7,55,Clear,Medium,6,False,False,50.4,0h 50m 24s
T100,2024-01-24,Wednesday,Durgapur,Asansol,07:20,08:00,08:10,09:22,50.4,40,Clear,High,7,False,False,82.1,1h 22m 6s
T100,2024-01-24,Wednesday,Asansol,Dhanbad,08:00,09:00,09:22,10:49,82.1,60,Clear,High,8,False,False,109.4,1h 49m 24s
T101,2024-01-24,Wednesday,Howrah,Bardhaman,07:00,08:30,07:00,09:10,0.0,95,Clear,High,7,False,False,40.4,0h 40m 24s
T101,2024-01-24,Wednesday,Bardhaman,Durgapur,08:30,09:20,09:10,10:32,40.4,55,Rain,High,8,False,False,72.0,1h 12m 0s
T101,2024-01-24,Wednesday,Durgapur,Asansol,09:20,10:00,10:32,11:34,72.0,40,Clear,High,9,False,False,94.3,1h 34m 18s
T101,2024-01-24,Wednesday,Asansol,Dhanbad,10:00,11:00,11:34,12:43,94.3,60,Clear,Medium,10,False,False,104.0,1h 44m 0s
T102,2024-01-24,Wednesday,Howrah,Bardhaman,09:00,10:30,09:00,10:59,0.0,95,Clear,High,9,False,False,29.9,0h 29m 54s
T102,2024-01-24,Wednesday,Bardhaman,Durgapur,10:30,11:20,10:59,12:18,29.9,55,Rain,High,10,False,False,59.0,0h 59m 0s
T102,2024-01-24,Wednesday,Durgapur,Asansol,11:20,12:00,12:18,13:37,59.0,40,Rain,High,11,False,False,97.6,1h 37m 36s
T102,2024-01-24,Wednesday,Asansol,Dhanbad,12:00,13:00,13:37,14:59,97.6,60,Fog,Low,12,False,False,119.2,1h 59m 12s
T103,2024-01-24,Wednesday,Howrah,Bardhaman,11:00,12:30,11:00,13:05,0.0,95,Fog,Low,11,False,False,35.5,0h 35m 30s
T103,2024-01-24,Wednesday,Bardhaman,Durgapur,12:30,13:20,13:05,14:31,35.5,55,Fog,Medium,12,False,False,71.4,1h 11m 24s
T103,2024-01-24,Wednesday,Durgapur,Asansol,13:20,14:00,14:31,15:28,71.4,40,Clear,Low,13,False,False,88.2,1h 28m 12s
T103,2024-01-24,Wednesday,Asansol,Dhanbad,14:00,15:00,15:28,16:40,88.2,60,Clear,Low,14,False,False,100.8,1h 40m 48s
T104,2024-01-24,Wednesday,Howrah,Bardhaman,13:00,14:30,13:00,14:32,0.0,95,Clear,Low,13,False,False,2.8,0h 2m 48s
T104,2024-01-24,Wednesday,Bardhaman,Durgapur,14:30,15:20,14:32,15:32,2.8,55,Clear,Medium,14,False,False,12.6,0h 12m 36s
T104,2024-01-24,Wednesday,Durgapur,Asansol,15:20,16:00,15:32,16:13,12.6,40,Clear,Low,15,False,False,13.6,0h 13m 36s
T104,2024-01-24,Wednesday,Asansol,Dhanbad,16:00,17:00,16:13,17:15,13.6,60,Clear,Low,16,False,False,15.4,0h 15m 24s
T105,2024-01-24,Wednesday,Howrah,Bardhaman,15:00,16:30,15:00,16:39,0.0,95,Clear,Medium,15,False,False,9.9,0h 9m 54s
T105,2024-01-24,Wednesday,Bardhaman,Durgapur,16:30,17:20,16:39,17:38,9.9,55,Rain,Low,16,False,False,18.3,0h 18m 18s
T105,2024-01-24,Wednesday,Durgapur,Asansol,17:20,18:00,17:38,18:33,18.3,40,Clear,High,17,False,False,33.9,0h 33m 54s
T105,2024-01-24,Wednesday,Asansol,Dhanbad,18:00,19:00,18:33,20:00,33.9,60,Clear,High,18,False,False,60.5,1h 0m 30s
T106,2024-01-24,Wednesday,Howrah,Bardhaman,17:00,18:30,17:00,18:59,0.0,95,Clear,High,17,False,False,29.2,0h 29m 12s
T106,2024-01-24,Wednesday,Bardhaman,Durgapur,18:30,19:20,18:59,20:19,29.2,55,Clear,High,18,False,False,59.9,0h 59m 54s
T106,2024-01-24,Wednesday,Durgapur,Asansol,19:20,20:00,20:19,21:36,59.9,40,Clear,High,19,False,False,96.1,1h 36m 6s
T106,2024-01-24,Wednesday,Asansol,Dhanbad,20:00,21:00,21:36,23:25,96.1,60,Rain,High,20,False,False,145.2,2h 25m 12s
T107,2024-01-24,Wednesday,Howrah,Bardhaman,19:00,20:30,19:00,21:16,0.0,95,Rain,High,19,False,False,46.3,0h 46m 18s
T107,2024-01-24,Wednesday,Bardhaman,Durgapur,20:30,21:20,21:16,22:13,46.3,55,Clear,Low,20,False,False,53.5,0h 53m 30s
T107,2024-01-24,Wednesday,Durgapur,Asansol,21:20,22:00,22:13,23:15,53.5,40,Clear,Medium,21,False,False,75.8,1h 15m 48s
T107,2024-01-24,Wednesday,Asansol,Dhanbad,22:00,23:00,23:15,00:31,75.8,60,Clear,Low,22,False,False,91.6,1h 31m 36s
T100,2024-01-25,Thursday,Howrah,Bardhaman,05:00,06:30,05:00,06:37,0.0,95,Clear,Low,5,False,False,7.7,0h 7m 42s
T100,2024-01-25,Thursday,Bardhaman,Durgapur,06:30,07:20,06:37,08:09,7.7,55,Fog,Low,6,False,False,49.4,0h 49m 24s
T100,2024-01-25,Thursday,Durgapur,Asansol,07:20,08:00,08:09,09:17,49.4,40,Clear,High,7,False,False,77.8,1h 17m 48s
T100,2024-01-25,Thursday,Asansol,Dhanbad,08:00,09:00,09:17,10:45,77.8,60,Clear,High,8,False,False,105.2,1h 45m 12s
T101,2024-01-25,Thursday,Howrah,Bardhaman,07:00,08:30,07:00,08:36,0.0,95,Clear,Medium,7,False,False,6.9,0h 6m 54s
T101,2024-01-25,Thursday,Bardhaman,Durgapur,08:30,09:20,08:36,09:47,6.9,55,Rain,Medium,8,False,False,27.5,0h 27m 30s
T101,2024-01-25,Thursday,Durgapur,Asansol,09:20,10:00,09:47,10:30,27.5,40,Clear,Low,9,False,False,30.4,0h 30m 24s
T101,2024-01-25,Thursday,Asansol,Dhanbad,10:00,11:00,10:30,11:41,30.4,60,Clear,Medium,10,False,False,41.6,0h 41m 36s
T102,2024-01-25,Thursday,Howrah,Bardhaman,09:00,10:30,09:00,10:48,0.0,95,Clear,Medium,9,False,False,18.4,0h 18m 24s
T102,2024-01-25,Thursday,Bardhaman,Durgapur,10:30,11:20,10:48,11:50,18.4,55,Clear,Low,10,False,False,30.0,0h 30m 0s
T102,2024-01-25,Thursday,Durgapur,Asansol,11:20,12:00,11:50,12:52,30.0,40,Rain,Low,11,False,False,52.2,0h 52m 12s
T102,2024-01-25,Thursday,Asansol,Dhanbad,12:00,13:00,12:52,14:00,52.2,60,Clear,Low,12,False,False,60.6,1h 0m 36s
T103,2024-01-25,Thursday,Howrah,Bardhaman,11:00,12:30,11:00,12:52,0.0,95,Fog,Low,11,False,False,22.5,0h 22m 30s
T103,2024-01-25,Thursday,Bardhaman,Durgapur,12:30,13:20,12:52,13:55,22.5,55,Clear,High,12,False,False,35.9,0h 35m 54s
T103,2024-01-25,Thursday,Durgapur,Asansol,13:20,14:00,13:55,14:48,35.9,40,Rain,Low,13,False,False,48.4,0h 48m 24s
T103,2024-01-25,Thursday,Asansol,Dhanbad,14:00,15:00,14:48,16:25,48.4,60,Clear,High,14,False,False,85.5,1h 25m 30s
T104,2024-01-25,Thursday,Howrah,Bardhaman,13:00,14:30,13:00,14:33,0.0,95,Rain,Low,13,False,False,3.7,0h 3m 42s
T104,2024-01-25,Thursday,Bardhaman,Durgapur,14:30,15:20,14:33,16:01,3.7,55,Clear,High,14,False,False,41.7,0h 41m 42s
T104,2024-01-25,Thursday,Durgapur,Asansol,15:20,16:00,16:01,16:41,41.7,40,Clear,Low,15,False,False,41.7,0h 41m 42s
T104,2024-01-25,Thursday,Asansol,Dhanbad,16:00,17:00,16:41,18:03,41.7,60,Rain,Low,16,False,False,63.3,1h 3m 18s
T105,2024-01-25,Thursday,Howrah,Bardhaman,15:00,16:30,15:00,16:31,0.0,95,Clear,Low,15,False,False,1.1,0h 1m 6s
T105,2024-01-25,Thursday,Bardhaman,Durgapur,16:30,17:20,16:31,17:21,1.1,55,Clear,Low,16,False,False,1.1,0h 1m 6s
T105,2024-01-25,Thursday,Durgapur,Asansol,17:20,18:00,17:21,18:14,1.1,40,Clear,Medium,17,False,False,14.3,0h 14m 18s
T105,2024-01-25,Thursday,Asansol,Dhanbad,18:00,19:00,18:14,19:41,14.3,60,Rain,Medium,18,False,False,41.1,0h 41m 6s
T106,2024-01-25,Thursday,Howrah,Bardhaman,17:00,18:30,17:00,19:09,0.0,95,Clear,High,17,False,False,39.4,0h 39m 24s
T106,2024-01-25,Thursday,Bardhaman,Durgapur,18:30,19:20,19:09,20:17,39.4,55,Clear,Low,18,False,False,57.3,0h 57m 18s
T106,2024-01-25,Thursday,Durgapur,Asansol,19:20,20:00,20:17,21:38,57.3,40,Rain,Medium,19,False,False,98.5,1h 38m 30s
T106,2024-01-25,Thursday,Asansol,Dhanbad,20:00,21:00,21:38,23:23,98.5,60,Fog,Medium,20,False,False,143.9,2h 23m 54s
T107,2024-01-25,Thursday,Howrah,Bardhaman,19:00,20:30,19:00,21:04,0.0,95,Clear,High,19,False,False,34.8,0h 34m 48s
T107,2024-01-25,Thursday,Bardhaman,Durgapur,20:30,21:20,21:04,22:35,34.8,55,Clear,High,20,False,False,76.0,1h 16m 0s
T107,2024-01-25,Thursday,Durgapur,Asansol,21:20,22:00,22:35,23:51,76.0,40,Fog,Low,21,False,False,111.2,1h 51m 12s
T107,2024-01-25,Thursday,Asansol,Dhanbad,22:00,23:00,23:51,01:01,111.2,60,Clear,Low,22,False,False,121.7,2h 1m 42s
T100,2024-01-26,Friday,Howrah,Bardhaman,05:00,06:30,05:00,07:14,0.0,95,Clear,Medium,5,False,True,44.2,0h 44m 12s
T100,2024-01-26,Friday,Bardhaman,Durgapur,06:30,07:20,07:14,08:41,44.2,55,Clear,High,6,False,True,81.6,1h 21m 36s
T100,2024-01-26,Friday,Durgapur,Asansol,07:20,08:00,08:41,10:33,81.6,40,Clear,High,7,False,True,153.9,2h 33m 54s
T100,2024-01-26,Friday,Asansol,Dhanbad,08:00,09:00,10:33,13:06,153.9,60,Fog,High,8,False,True,246.2,4h 6m 12s
T101,2024-01-26,Friday,Howrah,Bardhaman,07:00,08:30,07:00,09:21,0.0,95,Rain,High,7,False,True,51.8,0h 51m 48s
T101,2024-01-26,Friday,Bardhaman,Durgapur,08:30,09:20,09:21,10:57,51.8,55,Clear,Medium,8,False,True,97.8,1h 37m 48s
T101,2024-01-26,Friday,Durgapur,Asansol,09:20,10:00,10:57,12:11,97.8,40,Clear,High,9,False,True,131.0,2h 11m 0s
T101,2024-01-26,Friday,Asansol,Dhanbad,10:00,11:00,12:11,13:41,131.0,60,Clear,Low,10,False,True,161.9,2h 41m 54s
T102,2024-01-26,Friday,Howrah,Bardhaman,09:00,10:30,09:00,11:32,0.0,95,Clear,High,9,False,True,62.4,1h 2m 24s
T102,2024-01-26,Friday,Bardhaman,Durgapur,10:30,11:20,11:32,13:01,62.4,55,Rain,Medium,10,False,True,101.2,1h 41m 12s
T102,2024-01-26,Friday,Durgapur,Asansol,11:20,12:00,13:01,14:22,101.2,40,Clear,Medium,11,False,True,142.6,2h 22m 36s
T102,2024-01-26,Friday,Asansol,Dhanbad,12:00,13:00,14:22,16:54,142.6,60,Clear,High,12,False,True,234.0,3h 54m 0s
T103,2024-01-26,Friday,Howrah,Bardhaman,11:00,12:30,11:00,13:18,0.0,95,Clear,Medium,11,False,True,48.4,0h 48m 24s
T103,2024-01-26,Friday,Bardhaman,Durgapur,12:30,13:20,13:18,14:39,48.4,55,Clear,High,12,False,True,79.2,1h 19m 12s
T103,2024-01-26,Friday,Durgapur,Asansol,13:20,14:00,14:39,16:01,79.2,40,Clear,Low,13,False,True,121.0,2h 1m 0s
T103,2024-01-26,Friday,Asansol,Dhanbad,14:00,15:00,16:01,17:40,121.0,60,Clear,Medium,14,False,True,160.9,2h 40m 54s
T104,2024-01-26,Friday,Howrah,Bardhaman,13:00,14:30,13:00,14:46,0.0,95,Rain,Low,13,False,True,16.3,0h 16m 18s
T104,2024-01-26,Friday,Bardhaman,Durgapur,14:30,15:20,14:46,15:37,16.3,55,Rain,Low,14,False,True,17.2,0h 17m 12s
T104,2024-01-26,Friday,Durgapur,Asansol,15:20,16:00,15:37,16:53,17.2,40,Clear,Medium,15,False,True,53.8,0h 53m 48s
T104,2024-01-26,Friday,Asansol,Dhanbad,16:00,17:00,16:53,18:25,53.8,60,Clear,Low,16,False,True,85.1,1h 25m 6s
T105,2024-01-26,Friday,Howrah,Bardhaman,15:00,16:30,15:00,16:30,0.0,95,Clear,Low,15,False,True,0.1,0h 0m 6s
T105,2024-01-26,Friday,Bardhaman,Durgapur,16:30,17:20,16:30,18:00,0.1,55,Clear,Medium,16,False,True,40.0,0h 40m 0s
T105,2024-01-26,Friday,Durgapur,Asansol,17:20,18:00,18:00,19:23,40.0,40,Clear,Medium,17,False,True,83.2,1h 23m 12s
T105,2024-01-26,Friday,Asansol,Dhanbad,18:00,19:00,19:23,20:52,83.2,60,Clear,Low,18,False,True,112.4,1h 52m 24s
T106,2024-01-26,Friday,Howrah,Bardhaman,17:00,18:30,17:00,19:41,0.0,95,Clear,High,17,False,True,71.5,1h 11m 30s
T106,2024-01-26,Friday,Bardhaman,Durgapur,18:30,19:20,19:41,21:34,71.5,55,Clear,Medium,18,False,True,134.3,2h 14m 18s
T106,2024-01-26,Friday,Durgapur,Asansol,19:20,20:00,21:34,22:44,134.3,40,Clear,Low,19,False,True,164.1,2h 44m 6s
T106,2024-01-26,Friday,Asansol,Dhanbad,20:00,21:00,22:44,00:24,164.1,60,Clear,Medium,20,False,True,204.5,3h 24m 30s
T107,2024-01-26,Friday,Howrah,Bardhaman,19:00,20:30,19:00,21:34,0.0,95,Clear,High,19,False,True,64.3,1h 4m 18s
T107,2024-01-26,Friday,Bardhaman,Durgapur,20:30,21:20,21:34,23:06,64.3,55,Clear,Low,20,False,True,106.9,1h 46m 54s
T107,2024-01-26,Friday,Durgapur,Asansol,21:20,22:00,23:06,00:31,106.9,40,Clear,Low,21,False,True,151.9,2h 31m 54s
T107,2024-01-26,Friday,Asansol,Dhanbad,22:00,23:00,00:31,02:16,151.9,60,Clear,Medium,22,False,True,196.3,3h 16m 18s
T100,2024-01-27,Saturday,Howrah,Bardhaman,05:00,06:30,05:00,06:51,0.0,95,Fog,Low,5,True,False,21.9,0h 21m 54s
T100,2024-01-27,Saturday,Bardhaman,Durgapur,06:30,07:20,06:51,07:44,21.9,55,Clear,Medium,6,True,False,24.7,0h 24m 42s
T100,2024-01-27,Saturday,Durgapur,Asansol,07:20,08:00,07:44,08:29,24.7,40,Clear,Low,7,True,False,29.8,0h 29m 48s
T100,2024-01-27,Saturday,Asansol,Dhanbad,08:00,09:00,08:29,10:13,29.8,60,Rain,High,8,True,False,73.6,1h 13m 36s
T101,2024-01-27,Saturday,Howrah,Bardhaman,07:00,08:30,07:00,08:33,0.0,95,Clear,Low,7,True,False,3.2,0h 3m 12s
T101,2024-01-27,Saturday,Bardhaman,Durgapur,08:30,09:20,08:33,09:25,3.2,55,Clear,Medium,8,True,False,5.2,0h 5m 12s
T101,2024-01-27,Saturday,Durgapur,Asansol,09:20,10:00,09:25,10:09,5.2,40,Clear,Low,9,True,False,9.4,0h 9m 24s
T101,2024-01-27,Saturday,Asansol,Dhanbad,10:00,11:00,10:09,11:20,9.4,60,Rain,Low,10,True,False,20.5,0h 20m 30s
T102,2024-01-27,Saturday,Howrah,Bardhaman,09:00,10:30,09:00,10:45,0.0,95,Clear,Low,9,True,False,15.9,0h 15m 54s
T102,2024-01-27,Saturday,Bardhaman,Durgapur,10:30,11:20,10:45,12:04,15.9,55,Rain,High,10,True,False,44.3,0h 44m 18s
T102,2024-01-27,Saturday,Durgapur,Asansol,11:20,12:00,12:04,12:51,44.3,40,Clear,Low,11,True,False,51.7,0h 51m 42s
T102,2024-01-27,Saturday,Asansol,Dhanbad,12:00,13:00,12:51,13:57,51.7,60,Clear,Low,12,True,False,57.3,0h 57m 18s
T103,2024-01-27,Saturday,Howrah,Bardhaman,11:00,12:30,11:00,12:41,0.0,95,Clear,Low,11,True,False,11.1,0h 11m 6s
T103,2024-01-27,Saturday,Bardhaman,Durgapur,12:30,13:20,12:41,13:44,11.1,55,Clear,Low,12,True,False,24.8,0h 24m 48s
T103,2024-01-27,Saturday,Durgapur,Asansol,13:20,14:00,13:44,14:49,24.8,40,Clear,Medium,13,True,False,49.1,0h 49m 6s
T103,2024-01-27,Saturday,Asansol,Dhanbad,14:00,15:00,14:49,16:11,49.1,60,Rain,Low,14,True,False,71.7,1h 11m 42s
T104,2024-01-27,Saturday,Howrah,Bardhaman,13:00,14:30,13:00,14:46,0.0,95,Clear,High,13,True,False,16.8,0h 16m 48s
T104,2024-01-27,Saturday,Bardhaman,Durgapur,14:30,15:20,14:46,15:36,16.8,55,Clear,Low,14,True,False,16.8,0h 16m 48s
T104,2024-01-27,Saturday,Durgapur,Asansol,15:20,16:00,15:36,16:16,16.8,40,Clear,Low,15,True,False,16.8,0h 16m 48s
T104,2024-01-27,Saturday,Asansol,Dhanbad,16:00,17:00,16:16,17:27,16.8,60,Rain,Medium,16,True,False,27.8,0h 27m 48s
T105,2024-01-27,Saturday,Howrah,Bardhaman,15:00,16:30,15:00,16:35,0.0,95,Clear,Low,15,True,False,5.9,0h 5m 54s
T105,2024-01-27,Saturday,Bardhaman,Durgapur,16:30,17:20,16:35,17:27,5.9,55,Clear,Medium,16,True,False,7.7,0h 7m 42s
T105,2024-01-27,Saturday,Durgapur,Asansol,17:20,18:00,17:27,18:07,7.7,40,Clear,Low,17,True,False,7.7,0h 7m 42s
T105,2024-01-27,Saturday,Asansol,Dhanbad,18:00,19:00,18:07,19:26,7.7,60,Rain,Medium,18,True,False,26.8,0h 26m 48s
T106,2024-01-27,Saturday,Howrah,Bardhaman,17:00,18:30,17:00,18:51,0.0,95,Clear,Low,17,True,False,21.6,0h 21m 36s
T106,2024-01-27,Saturday,Bardhaman,Durgapur,18:30,19:20,18:51,20:17,21.6,55,Fog,Low,18,True,False,57.3,0h 57m 18s
T106,2024-01-27,Saturday,Durgapur,Asansol,19:20,20:00,20:17,21:31,57.3,40,Rain,Low,19,True,False,91.4,1h 31m 24s
T106,2024-01-27,Saturday,Asansol,Dhanbad,20:00,21:00,21:31,22:43,91.4,60,Clear,Low,20,True,False,103.7,1h 43m 42s
T107,2024-01-27,Saturday,Howrah,Bardhaman,19:00,20:30,19:00,21:09,0.0,95,Fog,Medium,19,True,False,39.0,0h 39m 0s
T107,2024-01-27,Saturday,Bardhaman,Durgapur,20:30,21:20,21:09,22:15,39.0,55,Clear,Medium,20,True,False,55.8,0h 55m 48s
T107,2024-01-27,Saturday,Durgapur,Asansol,21:20,22:00,22:15,23:19,55.8,40,Rain,Low,21,True,False,79.1,1h 19m 6s
T107,2024-01-27,Saturday,Asansol,Dhanbad,22:00,23:00,23:19,00:43,79.1,60,Clear,Medium,22,True,False,103.2,1h 43m 12s
T100,2024-01-28,Sunday,Howrah,Bardhaman,05:00,06:30,05:00,06:37,0.0,95,Clear,Low,5,True,False,7.4,0h 7m 24s
T100,2024-01-28,Sunday,Bardhaman,Durgapur,06:30,07:20,06:37,07:35,7.4,55,Clear,Medium,6,True,False,16.0,0h 16m 0s
T100,2024-01-28,Sunday,Durgapur,Asansol,07:20,08:00,07:35,08:24,16.0,40,Rain,Low,7,True,False,24.5,0h 24m 30s
T100,2024-01-28,Sunday,Asansol,Dhanbad,08:00,09:00,08:24,09:26,24.5,60,Fog,Low,8,True,False,26.6,0h 26m 36s
T101,2024-01-28,Sunday,Howrah,Bardhaman,07:00,08:30,07:00,08:39,0.0,95,Clear,Low,7,True,False,9.8,0h 9m 48s
T101,2024-01-28,Sunday,Bardhaman,Durgapur,08:30,09:20,08:39,10:08,9.8,55,Clear,High,8,True,False,48.0,0h 48m 0s
T101,2024-01-28,Sunday,Durgapur,Asansol,09:20,10:00,10:08,10:48,48.0,40,Clear,Low,9,True,False,48.8,0h 48m 48s
T101,2024-01-28,Sunday,Asansol,Dhanbad,10:00,11:00,10:48,11:48,48.8,60,Clear,Low,10,True,False,48.8,0h 48m 48s
T102,2024-01-28,Sunday,Howrah,Bardhaman,09:00,10:30,09:00,10:46,0.0,95,Clear,Medium,9,True,False,16.8,0h 16m 48s
T102,2024-01-28,Sunday,Bardhaman,Durgapur,10:30,11:20,10:46,11:53,16.8,55,Clear,Medium,10,True,False,33.3,0h 33m 18s
T102,2024-01-28,Sunday,Durgapur,Asansol,11:20,12:00,11:53,12:41,33.3,40,Clear,Low,11,True,False,41.2,0h 41m 12s
T102,2024-01-28,Sunday,Asansol,Dhanbad,12:00,13:00,12:41,14:05,41.2,60,Clear,Medium,12,True,False,65.0,1h 5m 0s
T103,2024-01-28,Sunday,Howrah,Bardhaman,11:00,12:30,11:00,12:54,0.0,95,Clear,Low,11,True,False,24.0,0h 24m 0s
T103,2024-01-28,Sunday,Bardhaman,Durgapur,12:30,13:20,12:54,14:28,24.0,55,Rain,High,12,True,False,68.5,1h 8m 30s
T103,2024-01-28,Sunday,Durgapur,Asansol,13:20,14:00,14:28,15:22,68.5,40,Clear,Low,13,True,False,82.3,1h 22m 18s
T103,2024-01-28,Sunday,Asansol,Dhanbad,14:00,15:00,15:22,16:40,82.3,60,Clear,Low,14,True,False,100.9,1h 40m 54s
T104,2024-01-28,Sunday,Howrah,Bardhaman,13:00,14:30,13:00,14:49,0.0,95,Fog,Medium,13,True,False,19.6,0h 19m 36s
T104,2024-01-28,Sunday,Bardhaman,Durgapur,14:30,15:20,14:49,15:41,19.6,55,Clear,Medium,14,True,False,21.1,0h 21m 6s
T104,2024-01-28,Sunday,Durgapur,Asansol,15:20,16:00,15:41,16:21,21.1,40,Clear,Low,15,True,False,21.5,0h 21m 30s
T104,2024-01-28,Sunday,Asansol,Dhanbad,16:00,17:00,16:21,17:44,21.5,60,Clear,High,16,True,False,44.7,0h 44m 42s
T105,2024-01-28,Sunday,Howrah,Bardhaman,15:00,16:30,15:00,16:31,0.0,95,Clear,Low,15,True,False,1.1,0h 1m 6s
T105,2024-01-28,Sunday,Bardhaman,Durgapur,16:30,17:20,16:31,17:23,1.1,55,Clear,Medium,16,True,False,3.5,0h 3m 30s
T105,2024-01-28,Sunday,Durgapur,Asansol,17:20,18:00,17:23,18:16,3.5,40,Clear,Medium,17,True,False,16.1,0h 16m 6s
T105,2024-01-28,Sunday,Asansol,Dhanbad,18:00,19:00,18:16,19:34,16.1,60,Rain,Low,18,True,False,34.5,0h 34m 30s
T106,2024-01-28,Sunday,Howrah,Bardhaman,17:00,18:30,17:00,18:48,0.0,95,Clear,Low,17,True,False,18.8,0h 18m 48s
T106,2024-01-28,Sunday,Bardhaman,Durgapur,18:30,19:20,18:48,19:51,18.8,55,Clear,Low,18,True,False,31.6,0h 31m 36s
T106,2024-01-28,Sunday,Durgapur,Asansol,19:20,20:00,19:51,20:43,31.6,40,Clear,Low,19,True,False,43.2,0h 43m 12s
T106,2024-01-28,Sunday,Asansol,Dhanbad,20:00,21:00,20:43,21:56,43.2,60,Clear,Low,20,True,False,56.7,0h 56m 42s
T107,2024-01-28,Sunday,Howrah,Bardhaman,19:00,20:30,19:00,20:45,0.0,95,Clear,Low,19,True,False,15.9,0h 15m 54s
T107,2024-01-28,Sunday,Bardhaman,Durgapur,20:30,21:20,20:45,21:42,15.9,55,Clear,Low,20,True,False,22.6,0h 22m 36s
T107,2024-01-28,Sunday,Durgapur,Asansol,21:20,22:00,21:42,22:57,22.6,40,Rain,Medium,21,True,False,57.5,0h 57m 30s
T107,2024-01-28,Sunday,Asansol,Dhanbad,22:00,23:00,22:57,00:23,57.5,60,Clear,Medium,22,True,False,83.2,1h 23m 12s
T100,2024-01-29,Monday,Howrah,Bardhaman,05:00,06:30,05:00,06:37,0.0,95,Clear,Low,5,False,False,7.8,0h 7m 48s
T100,2024-01-29,Monday,Bardhaman,Durgapur,06:30,07:20,06:37,07:44,7.8,55,Clear,Medium,6,False,False,24.1,0h 24m 6s
T100,2024-01-29,Monday,Durgapur,Asansol,07:20,08:00,07:44,08:43,24.1,40,Clear,Medium,7,False,False,43.1,0h 43m 6s
T100,2024-01-29,Monday,Asansol,Dhanbad,08:00,09:00,08:43,10:06,43.1,60,Clear,High,8,False,False,66.9,1h 6m 54s
T101,2024-01-29,Monday,Howrah,Bardhaman,07:00,08:30,07:00,08:48,0.0,95,Clear,High,7,False,False,18.4,0h 18m 24s
T101,2024-01-29,Monday,Bardhaman,Durgapur,08:30,09:20,08:48,10:03,18.4,55,Clear,High,8,False,False,43.2,0h 43m 12s
T101,2024-01-29,Monday,Durgapur,Asansol,09:20,10:00,10:03,10:56,43.2,40,Fog,High,9,False,False,57.0,0h 57m 0s
T101,2024-01-29,Monday,Asansol,Dhanbad,10:00,11:00,10:56,11:56,57.0,60,Clear,Low,10,False,False,57.0,0h 57m 0s
T102,2024-01-29,Monday,Howrah,Bardhaman,09:00,10:30,09:00,10:42,0.0,95,Clear,Low,9,False,False,12.1,0h 12m 6s
T102,2024-01-29,Monday,Bardhaman,Durgapur,10:30,11:20,10:42,11:42,12.1,55,Clear,Low,10,False,False,22.6,0h 22m 36s
T102,2024-01-29,Monday,Durgapur,Asansol,11:20,12:00,11:42,12:32,22.6,40,Clear,Medium,11,False,False,32.0,0h 32m 0s
T102,2024-01-29,Monday,Asansol,Dhanbad,12:00,13:00,12:32,13:43,32.0,60,Clear,Low,12,False,False,43.7,0h 43m 42s
T103,2024-01-29,Monday,Howrah,Bardhaman,11:00,12:30,11:00,12:43,0.0,95,Clear,Low,11,False,False,13.7,0h 13m 42s
T103,2024-01-29,Monday,Bardhaman,Durgapur,12:30,13:20,12:43,14:02,13.7,55,Clear,Medium,12,False,False,42.6,0h 42m 36s
T103,2024-01-29,Monday,Durgapur,Asansol,13:20,14:00,14:02,15:04,42.6,40,Clear,Medium,13,False,False,64.7,1h 4m 42s
T103,2024-01-29,Monday,Asansol,Dhanbad,14:00,15:00,15:04,16:26,64.7,60,Clear,High,14,False,False,86.8,1h 26m 48s
T104,2024-01-29,Monday,Howrah,Bardhaman,13:00,14:30,13:00,14:42,0.0,95,Clear,Low,13,False,False,12.5,0h 12m 30s
T104,2024-01-29,Monday,Bardhaman,Durgapur,14:30,15:20,14:42,15:45,12.5,55,Clear,High,14,False,False,25.9,0h 25m 54s
T104,2024-01-29,Monday,Durgapur,Asansol,15:20,16:00,15:45,16:51,25.9,40,Rain,Low,15,False,False,51.0,0h 51m 0s
T104,2024-01-29,Monday,Asansol,Dhanbad,16:00,17:00,16:51,18:10,51.0,60,Rain,Medium,16,False,False,70.6,1h 10m 36s
T105,2024-01-29,Monday,Howrah,Bardhaman,15:00,16:30,15:00,16:44,0.0,95,Clear,High,15,False,False,14.6,0h 14m 36s
T105,2024-01-29,Monday,Bardhaman,Durgapur,16:30,17:20,16:44,18:01,14.6,55,Clear,High,16,False,False,41.6,0h 41m 36s
T105,2024-01-29,Monday,Durgapur,Asansol,17:20,18:00,18:01,19:12,41.6,40,Rain,High,17,False,False,72.1,1h 12m 6s
T105,2024-01-29,Monday,Asansol,Dhanbad,18:00,19:00,19:12,20:12,72.1,60,Clear,Low,18,False,False,72.7,1h 12m 42s
T106,2024-01-29,Monday,Howrah,Bardhaman,17:00,18:30,17:00,18:54,0.0,95,Clear,High,17,False,False,24.8,0h 24m 48s
T106,2024-01-29,Monday,Bardhaman,Durgapur,18:30,19:20,18:54,20:03,24.8,55,Clear,Low,18,False,False,43.6,0h 43m 36s
T106,2024-01-29,Monday,Durgapur,Asansol,19:20,20:00,20:03,21:11,43.6,40,Clear,Medium,19,False,False,71.4,1h 11m 24s
T106,2024-01-29,Monday,Asansol,Dhanbad,20:00,21:00,21:11,22:59,71.4,60,Rain,Medium,20,False,False,119.8,1h 59m 48s
T107,2024-01-29,Monday,Howrah,Bardhaman,19:00,20:30,19:00,21:23,0.0,95,Clear,High,19,False,False,53.5,0h 53m 30s
T107,2024-01-29,Monday,Bardhaman,Durgapur,20:30,21:20,21:23,22:28,53.5,55,Clear,Medium,20,False,False,68.3,1h 8m 18s
T107,2024-01-29,Monday,Durgapur,Asansol,21:20,22:00,22:28,23:31,68.3,40,Clear,Medium,21,False,False,91.2,1h 31m 12s
T107,2024-01-29,Monday,Asansol,Dhanbad,22:00,23:00,23:31,00:47,91.2,60,Clear,Medium,22,False,False,107.5,1h 47m 30s
T100,2024-01-30,Tuesday,Howrah,Bardhaman,05:00,06:30,05:00,06:36,0.0,95,Clear,Low,5,False,False,6.7,0h 6m 42s
T100,2024-01-30,Tuesday,Bardhaman,Durgapur,06:30,07:20,06:36,07:32,6.7,55,Clear,Low,6,False,False,12.2,0h 12m 12s
T100,2024-01-30,Tuesday,Durgapur,Asansol,07:20,08:00,07:32,08:49,12.2,40,Clear,High,7,False,False,49.2,0h 49m 12s
T100,2024-01-30,Tuesday,Asansol,Dhanbad,08:00,09:00,08:49,10:37,49.2,60,Clear,High,8,False,False,97.4,1h 37m 24s
T101,2024-01-30,Tuesday,Howrah,Bardhaman,07:00,08:30,07:00,08:52,0.0,95,Rain,High,7,False,False,22.1,0h 22m 6s
T101,2024-01-30,Tuesday,Bardhaman,Durgapur,08:30,09:20,08:52,10:17,22.1,55,Fog,High,8,False,False,57.7,0h 57m 42s
T101,2024-01-30,Tuesday,Durgapur,Asansol,09:20,10:00,10:17,11:07,57.7,40,Clear,Medium,9,False,False,67.7,1h 7m 42s
T101,2024-01-30,Tuesday,Asansol,Dhanbad,10:00,11:00,11:07,12:14,67.7,60,Clear,Low,10,False,False,74.5,1h 14m 30s
T102,2024-01-30,Tuesday,Howrah,Bardhaman,09:00,10:30,09:00,10:30,0.0,95,Clear,Low,9,False,False,0.2,0h 0m 12s
T102,2024-01-30,Tuesday,Bardhaman,Durgapur,10:30,11:20,10:30,11:29,0.2,55,Clear,Medium,10,False,False,10.0,0h 10m 0s
T102,2024-01-30,Tuesday,Durgapur,Asansol,11:20,12:00,11:29,12:18,10.0,40,Clear,Low,11,False,False,18.2,0h 18m 12s
T102,2024-01-30,Tuesday,Asansol,Dhanbad,12:00,13:00,12:18,13:48,18.2,60,Clear,High,12,False,False,48.8,0h 48m 48s
T103,2024-01-30,Tuesday,Howrah,Bardhaman,11:00,12:30,11:00,12:50,0.0,95,Clear,Low,11,False,False,20.3,0h 20m 18s
T103,2024-01-30,Tuesday,Bardhaman,Durgapur,12:30,13:20,12:50,13:58,20.3,55,Clear,Low,12,False,False,38.9,0h 38m 54s
T103,2024-01-30,Tuesday,Durgapur,Asansol,13:20,14:00,13:58,15:03,38.9,40,Clear,Medium,13,False,False,63.6,1h 3m 36s
T103,2024-01-30,Tuesday,Asansol,Dhanbad,14:00,15:00,15:03,16:20,63.6,60,Clear,Low,14,False,False,80.6,1h 20m 36s
T104,2024-01-30,Tuesday,Howrah,Bardhaman,13:00,14:30,13:00,14:41,0.0,95,Clear,Medium,13,False,False,11.6,0h 11m 36s
T104,2024-01-30,Tuesday,Bardhaman,Durgapur,14:30,15:20,14:41,15:35,11.6,55,Clear,Low,14,False,False,15.6,0h 15m 36s
T104,2024-01-30,Tuesday,Durgapur,Asansol,15:20,16:00,15:35,16:28,15.6,40,Clear,Medium,15,False,False,28.9,0h 28m 54s
T104,2024-01-30,Tuesday,Asansol,Dhanbad,16:00,17:00,16:28,17:37,28.9,60,Clear,Medium,16,False,False,37.8,0h 37m 48s
T105,2024-01-30,Tuesday,Howrah,Bardhaman,15:00,16:30,15:00,16:41,0.0,95,Rain,Low,15,False,False,11.7,0h 11m 42s
T105,2024-01-30,Tuesday,Bardhaman,Durgapur,16:30,17:20,16:41,17:45,11.7,55,Clear,Medium,16,False,False,25.9,0h 25m 54s
T105,2024-01-30,Tuesday,Durgapur,Asansol,17:20,18:00,17:45,18:34,25.9,40,Fog,Medium,17,False,False,34.0,0h 34m 0s
T105,2024-01-30,Tuesday,Asansol,Dhanbad,18:00,19:00,18:34,19:39,34.0,60,Clear,Medium,18,False,False,39.3,0h 39m 18s
T106,2024-01-30,Tuesday,Howrah,Bardhaman,17:00,18:30,17:00,18:47,0.0,95,Clear,High,17,False,False,18.0,0h 18m 0s
T106,2024-01-30,Tuesday,Bardhaman,Durgapur,18:30,19:20,18:47,20:11,18.0,55,Clear,High,18,False,False,51.4,0h 51m 24s
T106,2024-01-30,Tuesday,Durgapur,Asansol,19:20,20:00,20:11,21:32,51.4,40,Clear,High,19,False,False,92.8,1h 32m 48s
T106,2024-01-30,Tuesday,Asansol,Dhanbad,20:00,21:00,21:32,22:51,92.8,60,Clear,Low,20,False,False,111.5,1h 51m 30s
T107,2024-01-30,Tuesday,Howrah,Bardhaman,19:00,20:30,19:00,21:19,0.0,95,Clear,High,19,False,False,49.3,0h 49m 18s
T107,2024-01-30,Tuesday,Bardhaman,Durgapur,20:30,21:20,21:19,22:26,49.3,55,Clear,Medium,20,False,False,66.6,1h 6m 36s
T107,2024-01-30,Tuesday,Durgapur,Asansol,21:20,22:00,22:26,23:17,66.6,40,Clear,Low,21,False,False,77.7,1h 17m 42s
T107,2024-01-30,Tuesday,Asansol,Dhanbad,22:00,23:00,23:17,00:29,77.7,60,Clear,Medium,22,False,False,89.4,1h 29m 24s
T100,2024-01-31,Wednesday,Howrah,Bardhaman,05:00,06:30,05:00,06:42,0.0,95,Clear,Low,5,False,False,12.0,0h 12m 0s
T100,2024-01-31,Wednesday,Bardhaman,Durgapur,06:30,07:20,06:42,07:41,12.0,55,Clear,Low,6,False,False,21.3,0h 21m 18s
T100,2024-01-31,Wednesday,Durgapur,Asansol,07:20,08:00,07:41,08:35,21.3,40,Clear,High,7,False,False,35.2,0h 35m 12s
T100,2024-01-31,Wednesday,Asansol,Dhanbad,08:00,09:00,08:35,10:09,35.2,60,Clear,High,8,False,False,69.2,1h 9m 12s
T101,2024-01-31,Wednesday,Howrah,Bardhaman,07:00,08:30,07:00,09:14,0.0,95,Rain,High,7,False,False,44.4,0h 44m 24s
T101,2024-01-31,Wednesday,Bardhaman,Durgapur,08:30,09:20,09:14,10:14,44.4,55,Clear,Medium,8,False,False,54.8,0h 54m 48s
T101,2024-01-31,Wednesday,Durgapur,Asansol,09:20,10:00,10:14,11:08,54.8,40,Clear,Medium,9,False,False,68.4,1h 8m 24s
T101,2024-01-31,Wednesday,Asansol,Dhanbad,10:00,11:00,11:08,12:25,68.4,60,Clear,Medium,10,False,False,85.8,1h 25m 48s
T102,2024-01-31,Wednesday,Howrah,Bardhaman,09:00,10:30,09:00,10:48,0.0,95,Clear,Medium,9,False,False,18.9,0h 18m 54s
T102,2024-01-31,Wednesday,Bardhaman,Durgapur,10:30,11:20,10:48,11:58,18.9,55,Clear,Medium,10,False,False,38.4,0h 38m 24s
T102,2024-01-31,Wednesday,Durgapur,Asansol,11:20,12:00,11:58,13:12,38.4,40,Fog,Low,11,False,False,72.4,1h 12m 24s
T102,2024-01-31,Wednesday,Asansol,Dhanbad,12:00,13:00,13:12,14:21,72.4,60,Clear,Medium,12,False,False,81.8,1h 21m 48s
T103,2024-01-31,Wednesday,Howrah,Bardhaman,11:00,12:30,11:00,13:03,0.0,95,Rain,Low,11,False,False,33.8,0h 33m 48s
T103,2024-01-31,Wednesday,Bardhaman,Durgapur,12:30,13:20,13:03,14:10,33.8,55,Clear,Low,12,False,False,50.4,0h 50m 24s
T103,2024-01-31,Wednesday,Durgapur,Asansol,13:20,14:00,14:10,15:43,50.4,40,Clear,High,13,False,False,104.0,1h 44m 0s
T103,2024-01-31,Wednesday,Asansol,Dhanbad,14:00,15:00,15:43,17:09,104.0,60,Clear,Medium,14,False,False,129.3,2h 9m 18s
T104,2024-01-31,Wednesday,Howrah,Bardhaman,13:00,14:30,13:00,14:33,0.0,95,Clear,Low,13,False,False,3.3,0h 3m 18s
T104,2024-01-31,Wednesday,Bardhaman,Durgapur,14:30,15:20,14:33,15:44,3.3,55,Fog,Low,14,False,False,24.1,0h 24m 6s
T104,2024-01-31,Wednesday,Durgapur,Asansol,15:20,16:00,15:44,16:51,24.1,40,Clear,High,15,False,False,51.1,0h 51m 6s
T104,2024-01-31,Wednesday,Asansol,Dhanbad,16:00,17:00,16:51,17:57,51.1,60,Clear,Medium,16,False,False,57.0,0h 57m 0s
T105,2024-01-31,Wednesday,Howrah,Bardhaman,15:00,16:30,15:00,16:34,0.0,95,Clear,Low,15,False,False,4.8,0h 4m 48s
T105,2024-01-31,Wednesday,Bardhaman,Durgapur,16:30,17:20,16:34,17:34,4.8,55,Clear,Medium,16,False,False,14.7,0h 14m 42s
T105,2024-01-31,Wednesday,Durgapur,Asansol,17:20,18:00,17:34,18:26,14.7,40,Clear,Medium,17,False,False,26.9,0h 26m 54s
T105,2024-01-31,Wednesday,Asansol,Dhanbad,18:00,19:00,18:26,19:56,26.9,60,Fog,Medium,18,False,False,56.1,0h 56m 6s
T106,2024-01-31,Wednesday,Howrah,Bardhaman,17:00,18:30,17:00,19:10,0.0,95,Fog,Medium,17,False,False,40.4,0h 40m 24s
T106,2024-01-31,Wednesday,Bardhaman,Durgapur,18:30,19:20,19:10,20:19,40.4,55,Clear,Medium,18,False,False,59.7,0h 59m 42s
T106,2024-01-31,Wednesday,Durgapur,Asansol,19:20,20:00,20:19,21:48,59.7,40,Rain,High,19,False,False,108.6,1h 48m 36s
T106,2024-01-31,Wednesday,Asansol,Dhanbad,20:00,21:00,21:48,23:16,108.6,60,Clear,Medium,20,False,False,136.9,2h 16m 54s
T107,2024-01-31,Wednesday,Howrah,Bardhaman,19:00,20:30,19:00,21:04,0.0,95,Clear,High,19,False,False,34.8,0h 34m 48s
T107,2024-01-31,Wednesday,Bardhaman,Durgapur,20:30,21:20,21:04,22:12,34.8,55,Clear,Low,20,False,False,52.0,0h 52m 0s
T107,2024-01-31,Wednesday,Durgapur,Asansol,21:20,22:00,22:12,23:30,52.0,40,Rain,High,21,False,False,90.5,1h 30m 30s
T107,2024-01-31,Wednesday,Asansol,Dhanbad,22:00,23:00,23:30,01:03,90.5,60,Fog,Low,22,False,False,123.9,2h 3m 54s
T100,2024-02-01,Thursday,Howrah,Bardhaman,05:00,06:30,05:00,06:43,0.0,95,Clear,Low,5,False,False,13.1,0h 13m 6s
T100,2024-02-01,Thursday,Bardhaman,Durgapur,06:30,07:20,06:43,07:52,13.1,55,Rain,Low,6,False,False,32.0,0h 32m 0s
T100,2024-02-01,Thursday,Durgapur,Asansol,07:20,08:00,07:52,08:51,32.0,40,Clear,High,7,False,False,51.3,0h 51m 18s
T100,2024-02-01,Thursday,Asansol,Dhanbad,08:00,09:00,08:51,10:33,51.3,60,Rain,High,8,False,False,93.9,1h 33m 54s
T101,2024-02-01,Thursday,Howrah,Bardhaman,07:00,08:30,07:00,08:58,0.0,95,Clear,High,7,False,False,28.5,0h 28m 30s
T101,2024-02-01,Thursday,Bardhaman,Durgapur,08:30,09:20,08:58,10:22,28.5,55,Clear,High,8,False,False,62.5,1h 2m 30s
T101,2024-02-01,Thursday,Durgapur,Asansol,09:20,10:00,10:22,11:33,62.5,40,Clear,High,9,False,False,93.7,1h 33m 42s
T101,2024-02-01,Thursday,Asansol,Dhanbad,10:00,11:00,11:33,13:03,93.7,60,Clear,High,10,False,False,123.5,2h 3m 30s
T102,2024-02-01,Thursday,Howrah,Bardhaman,09:00,10:30,09:00,10:53,0.0,95,Clear,Medium,9,False,False,23.3,0h 23m 18s
T102,2024-02-01,Thursday,Bardhaman,Durgapur,10:30,11:20,10:53,12:06,23.3,55,Rain,Low,10,False,False,46.2,0h 46m 12s
T102,2024-02-01,Thursday,Durgapur,Asansol,11:20,12:00,12:06,12:56,46.2,40,Clear,Low,11,False,False,56.5,0h 56m 30s
T102,2024-02-01,Thursday,Asansol,Dhanbad,12:00,13:00,12:56,14:18,56.5,60,Clear,Medium,12,False,False,78.2,1h 18m 12s
T103,2024-02-01,Thursday,Howrah,Bardhaman,11:00,12:30,11:00,12:53,0.0,95,Clear,Medium,11,False,False,24.0,0h 24m 0s
T103,2024-02-01,Thursday,Bardhaman,Durgapur,12:30,13:20,12:53,13:57,24.0,55,Clear,Medium,12,False,False,37.7,0h 37m 42s
T103,2024-02-01,Thursday,Durgapur,Asansol,13:20,14:00,13:57,15:09,37.7,40,Rain,Low,13,False,False,69.5,1h 9m 30s
T103,2024-02-01,Thursday,Asansol,Dhanbad,14:00,15:00,15:09,16:29,69.5,60,Clear,Low,14,False,False,89.2,1h 29m 12s
T104,2024-02-01,Thursday,Howrah,Bardhaman,13:00,14:30,13:00,14:30,0.0,95,Clear,Low,13,False,False,0.0,0h 0m 0s
T104,2024-02-01,Thursday,Bardhaman,Durgapur,14:30,15:20,14:30,15:49,0.0,55,Clear,High,14,False,False,29.1,0h 29m 6s
T104,2024-02-01,Thursday,Durgapur,Asansol,15:20,16:00,15:49,16:31,29.1,40,Clear,Low,15,False,False,31.5,0h 31m 30s
T104,2024-02-01,Thursday,Asansol,Dhanbad,16:00,17:00,16:31,17:31,31.5,60,Clear,Low,16,False,False,31.5,0h 31m 30s
T105,2024-02-01,Thursday,Howrah,Bardhaman,15:00,16:30,15:00,16:54,0.0,95,Fog,Medium,15,False,False,24.7,0h 24m 42s
T105,2024-02-01,Thursday,Bardhaman,Durgapur,16:30,17:20,16:54,17:48,24.7,55,Clear,Low,16,False,False,28.3,0h 28m 18s
T105,2024-02-01,Thursday,Durgapur,Asansol,17:20,18:00,17:48,18:42,28.3,40,Clear,Medium,17,False,False,42.2,0h 42m 12s
T105,2024-02-01,Thursday,Asansol,Dhanbad,18:00,19:00,18:42,19:57,42.2,60,Clear,Medium,18,False,False,57.0,0h 57m 0s
T106,2024-02-01,Thursday,Howrah,Bardhaman,17:00,18:30,17:00,19:18,0.0,95,Clear,High,17,False,False,48.2,0h 48m 12s
T106,2024-02-01,Thursday,Bardhaman,Durgapur,18:30,19:20,19:18,20:57,48.2,55,Rain,High,18,False,False,97.9,1h 37m 54s
T106,2024-02-01,Thursday,Durgapur,Asansol,19:20,20:00,20:57,22:14,97.9,40,Rain,Medium,19,False,False,134.4,2h 14m 24s
T106,2024-02-01,Thursday,Asansol,Dhanbad,20:00,21:00,22:14,23:41,134.4,60,Rain,Low,20,False,False,161.1,2h 41m 6s
T107,2024-02-01,Thursday,Howrah,Bardhaman,19:00,20:30,19:00,21:03,0.0,95,Clear,High,19,False,False,33.8,0h 33m 48s
T107,2024-02-01,Thursday,Bardhaman,Durgapur,20:30,21:20,21:03,22:07,33.8,55,Clear,Medium,20,False,False,47.8,0h 47m 48s
T107,2024-02-01,Thursday,Durgapur,Asansol,21:20,22:00,22:07,22:55,47.8,40,Clear,Low,21,False,False,55.4,0h 55m 24s
T107,2024-02-01,Thursday,Asansol,Dhanbad,22:00,23:00,22:55,00:07,55.4,60,Clear,Low,22,False,False,67.9,1h 7m 54s
T100,2024-02-02,Friday,Howrah,Bardhaman,05:00,06:30,05:00,06:57,0.0,95,Rain,High,5,False,False,27.2,0h 27m 12s
T100,2024-02-02,Friday,Bardhaman,Durgapur,06:30,07:20,06:57,07:55,27.2,55,Clear,Low,6,False,False,35.3,0h 35m 18s
T100,2024-02-02,Friday,Durgapur,Asansol,07:20,08:00,07:55,09:05,35.3,40,Clear,High,7,False,False,65.0,1h 5m 0s
T100,2024-02-02,Friday,Asansol,Dhanbad,08:00,09:00,09:05,10:14,65.0,60,Clear,Low,8,False,False,74.5,1h 14m 30s
T101,2024-02-02,Friday,Howrah,Bardhaman,07:00,08:30,07:00,09:07,0.0,95,Clear,High,7,False,False,37.1,0h 37m 6s
T101,2024-02-02,Friday,Bardhaman,Durgapur,08:30,09:20,09:07,10:17,37.1,55,Clear,High,8,False,False,57.7,0h 57m 42s
T101,2024-02-02,Friday,Durgapur,Asansol,09:20,10:00,10:17,11:29,57.7,40,Rain,High,9,False,False,89.1,1h 29m 6s
T101,2024-02-02,Friday,Asansol,Dhanbad,10:00,11:00,11:29,12:29,89.1,60,Clear,Low,10,False,False,89.1,1h 29m 6s
T102,2024-02-02,Friday,Howrah,Bardhaman,09:00,10:30,09:00,10:37,0.0,95,Clear,Medium,9,False,False,7.5,0h 7m 30s
T102,2024-02-02,Friday,Bardhaman,Durgapur,10:30,11:20,10:37,11:49,7.5,55,Clear,Medium,10,False,False,29.6,0h 29m 36s
T102,2024-02-02,Friday,Durgapur,Asansol,11:20,12:00,11:49,12:41,29.6,40,Clear,Low,11,False,False,41.4,0h 41m 24s
T102,2024-02-02,Friday,Asansol,Dhanbad,12:00,13:00,12:41,13:47,41.4,60,Clear,Low,12,False,False,47.8,0h 47m 48s
T103,2024-02-02,Friday,Howrah,Bardhaman,11:00,12:30,11:00,12:38,0.0,95,Clear,Low,11,False,False,8.7,0h 8m 42s
T103,2024-02-02,Friday,Bardhaman,Durgapur,12:30,13:20,12:38,14:16,8.7,55,Fog,High,12,False,False,56.1,0h 56m 6s
T103,2024-02-02,Friday,Durgapur,Asansol,13:20,14:00,14:16,15:19,56.1,40,Fog,Low,13,False,False,79.2,1h 19m 12s
T103,2024-02-02,Friday,Asansol,Dhanbad,14:00,15:00,15:19,16:51,79.2,60,Fog,Low,14,False,False,111.2,1h 51m 12s
T104,2024-02-02,Friday,Howrah,Bardhaman,13:00,14:30,13:00,14:38,0.0,95,Clear,Low,13,False,False,8.7,0h 8m 42s
T104,2024-02-02,Friday,Bardhaman,Durgapur,14:30,15:20,14:38,16:02,8.7,55,Clear,High,14,False,False,42.6,0h 42m 36s
T104,2024-02-02,Friday,Durgapur,Asansol,15:20,16:00,16:02,16:47,42.6,40,Clear,Low,15,False,False,47.8,0h 47m 48s
T104,2024-02-02,Friday,Asansol,Dhanbad,16:00,17:00,16:47,17:47,47.8,60,Clear,Low,16,False,False,47.8,0h 47m 48s
T105,2024-02-02,Friday,Howrah,Bardhaman,15:00,16:30,15:00,16:35,0.0,95,Clear,Medium,15,False,False,5.8,0h 5m 48s
T105,2024-02-02,Friday,Bardhaman,Durgapur,16:30,17:20,16:35,17:31,5.8,55,Clear,Low,16,False,False,11.6,0h 11m 36s
T105,2024-02-02,Friday,Durgapur,Asansol,17:20,18:00,17:31,18:25,11.6,40,Clear,High,17,False,False,25.9,0h 25m 54s
T105,2024-02-02,Friday,Asansol,Dhanbad,18:00,19:00,18:25,19:43,25.9,60,Clear,High,18,False,False,43.8,0h 43m 48s
T106,2024-02-02,Friday,Howrah,Bardhaman,17:00,18:30,17:00,19:17,0.0,95,Clear,High,17,False,False,47.7,0h 47m 42s
T106,2024-02-02,Friday,Bardhaman,Durgapur,18:30,19:20,19:17,20:35,47.7,55,Clear,High,18,False,False,75.5,1h 15m 30s
T106,2024-02-02,Friday,Durgapur,Asansol,19:20,20:00,20:35,21:39,75.5,40,Clear,Medium,19,False,False,99.1,1h 39m 6s
T106,2024-02-02,Friday,Asansol,Dhanbad,20:00,21:00,21:39,22:56,99.1,60,Clear,Low,20,False,False,116.1,1h 56m 6s
T107,2024-02-02,Friday,Howrah,Bardhaman,19:00,20:30,19:00,21:00,0.0,95,Clear,High,19,False,False,30.1,0h 30m 6s
T107,2024-02-02,Friday,Bardhaman,Durgapur,20:30,21:20,21:00,22:02,30.1,55,Clear,Low,20,False,False,42.1,0h 42m 6s
T107,2024-02-02,Friday,Durgapur,Asansol,21:20,22:00,22:02,23:14,42.1,40,Rain,Medium,21,False,False,74.2,1h 14m 12s
T107,2024-02-02,Friday,Asansol,Dhanbad,22:00,23:00,23:14,00:32,74.2,60,Clear,High,22,False,False,92.2,1h 32m 12s
T100,2024-02-03,Saturday,Howrah,Bardhaman,05:00,06:30,05:00,06:52,0.0,95,Rain,Low,5,True,False,22.7,0h 22m 42s
T100,2024-02-03,Saturday,Bardhaman,Durgapur,06:30,07:20,06:52,07:49,22.7,55,Clear,Low,6,True,False,29.6,0h 29m 36s
T100,2024-02-03,Saturday,Durgapur,Asansol,07:20,08:00,07:49,08:33,29.6,40,Clear,Low,7,True,False,33.1,0h 33m 6s
T100,2024-02-03,Saturday,Asansol,Dhanbad,08:00,09:00,08:33,09:39,33.1,60,Clear,Low,8,True,False,39.0,0h 39m 0s
T101,2024-02-03,Saturday,Howrah,Bardhaman,07:00,08:30,07:00,08:38,0.0,95,Rain,Medium,7,True,False,8.5,0h 8m 30s
T101,2024-02-03,Saturday,Bardhaman,Durgapur,08:30,09:20,08:38,09:37,8.5,55,Clear,Medium,8,True,False,17.6,0h 17m 36s
T101,2024-02-03,Saturday,Durgapur,Asansol,09:20,10:00,09:37,10:31,17.6,40,Rain,Medium,9,True,False,31.5,0h 31m 30s
T101,2024-02-03,Saturday,Asansol,Dhanbad,10:00,11:00,10:31,11:36,31.5,60,Clear,Low,10,True,False,36.7,0h 36m 42s
T102,2024-02-03,Saturday,Howrah,Bardhaman,09:00,10:30,09:00,10:40,0.0,95,Clear,Medium,9,True,False,10.4,0h 10m 24s
T102,2024-02-03,Saturday,Bardhaman,Durgapur,10:30,11:20,10:40,11:37,10.4,55,Clear,Low,10,True,False,17.5,0h 17m 30s
T102,2024-02-03,Saturday,Durgapur,Asansol,11:20,12:00,11:37,12:45,17.5,40,Clear,High,11,True,False,45.9,0h 45m 54s
T102,2024-02-03,Saturday,Asansol,Dhanbad,12:00,13:00,12:45,13:55,45.9,60,Clear,Low,12,True,False,55.8,0h 55m 48s
T103,2024-02-03,Saturday,Howrah,Bardhaman,11:00,12:30,11:00,12:44,0.0,95,Clear,Low,11,True,False,14.9,0h 14m 54s
T103,2024-02-03,Saturday,Bardhaman,Durgapur,12:30,13:20,12:44,13:59,14.9,55,Rain,Medium,12,True,False,39.6,0h 39m 36s
T103,2024-02-03,Saturday,Durgapur,Asansol,13:20,14:00,13:59,15:02,39.6,40,Clear,Medium,13,True,False,62.4,1h 2m 24s
T103,2024-02-03,Saturday,Asansol,Dhanbad,14:00,15:00,15:02,16:12,62.4,60,Clear,Low,14,True,False,73.0,1h 13m 0s
T104,2024-02-03,Saturday,Howrah,Bardhaman,13:00,14:30,13:00,14:30,0.0,95,Rain,Medium,13,True,False,0.0,0h 0m 0s
T104,2024-02-03,Saturday,Bardhaman,Durgapur,14:30,15:20,14:30,15:38,0.0,55,Clear,High,14,True,False,18.1,0h 18m 6s
T104,2024-02-03,Saturday,Durgapur,Asansol,15:20,16:00,15:38,16:19,18.1,40,Clear,Low,15,True,False,19.2,0h 19m 12s
T104,2024-02-03,Saturday,Asansol,Dhanbad,16:00,17:00,16:19,17:25,19.2,60,Clear,Low,16,True,False,25.0,0h 25m 0s
T105,2024-02-03,Saturday,Howrah,Bardhaman,15:00,16:30,15:00,16:30,0.0,95,Clear,Low,15,True,False,0.8,0h 0m 48s
T105,2024-02-03,Saturday,Bardhaman,Durgapur,16:30,17:20,16:30,17:46,0.8,55,Clear,High,16,True,False,26.3,0h 26m 18s
T105,2024-02-03,Saturday,Durgapur,Asansol,17:20,18:00,17:46,18:26,26.3,40,Clear,Low,17,True,False,26.3,0h 26m 18s
T105,2024-02-03,Saturday,Asansol,Dhanbad,18:00,19:00,18:26,19:31,26.3,60,Clear,Low,18,True,False,31.3,0h 31m 18s
T106,2024-02-03,Saturday,Howrah,Bardhaman,17:00,18:30,17:00,18:49,0.0,95,Clear,Low,17,True,False,19.3,0h 19m 18s
T106,2024-02-03,Saturday,Bardhaman,Durgapur,18:30,19:20,18:49,20:18,19.3,55,Fog,Medium,18,True,False,58.2,0h 58m 12s
T106,2024-02-03,Saturday,Durgapur,Asansol,19:20,20:00,20:18,21:11,58.2,40,Clear,Medium,19,True,False,71.5,1h 11m 30s
T106,2024-02-03,Saturday,Asansol,Dhanbad,20:00,21:00,21:11,22:25,71.5,60,Clear,Low,20,True,False,85.0,1h 25m 0s
T107,2024-02-03,Saturday,Howrah,Bardhaman,19:00,20:30,19:00,20:33,0.0,95,Clear,Low,19,True,False,3.8,0h 3m 48s
T107,2024-02-03,Saturday,Bardhaman,Durgapur,20:30,21:20,20:33,21:41,3.8,55,Clear,Medium,20,True,False,21.6,0h 21m 36s
T107,2024-02-03,Saturday,Durgapur,Asansol,21:20,22:00,21:41,22:28,21.6,40,Clear,Low,21,True,False,28.9,0h 28m 54s
T107,2024-02-03,Saturday,Asansol,Dhanbad,22:00,23:00,22:28,23:54,28.9,60,Clear,High,22,True,False,54.5,0h 54m 30s
T100,2024-02-04,Sunday,Howrah,Bardhaman,05:00,06:30,05:00,06:44,0.0,95,Clear,Low,5,True,False,14.4,0h 14m 24s
T100,2024-02-04,Sunday,Bardhaman,Durgapur,06:30,07:20,06:44,07:40,14.4,55,Clear,Low,6,True,False,20.7,0h 20m 42s
T100,2024-02-04,Sunday,Durgapur,Asansol,07:20,08:00,07:40,08:22,20.7,40,Clear,Low,7,True,False,22.9,0h 22m 54s
T100,2024-02-04,Sunday,Asansol,Dhanbad,08:00,09:00,08:22,09:32,22.9,60,Clear,Medium,8,True,False,32.3,0h 32m 18s
T101,2024-02-04,Sunday,Howrah,Bardhaman,07:00,08:30,07:00,08:30,0.0,95,Clear,Low,7,True,False,0.0,0h 0m 0s
T101,2024-02-04,Sunday,Bardhaman,Durgapur,08:30,09:20,08:30,09:20,0.0,55,Clear,Low,8,True,False,0.0,0h 0m 0s
T101,2024-02-04,Sunday,Durgapur,Asansol,09:20,10:00,09:20,10:01,0.0,40,Clear,Low,9,True,False,1.5,0h 1m 30s
T101,2024-02-04,Sunday,Asansol,Dhanbad,10:00,11:00,10:01,11:02,1.5,60,Clear,Medium,10,True,False,2.6,0h 2m 36s
T102,2024-02-04,Sunday,Howrah,Bardhaman,09:00,10:30,09:00,10:36,0.0,95,Clear,Low,9,True,False,6.4,0h 6m 24s
T102,2024-02-04,Sunday,Bardhaman,Durgapur,10:30,11:20,10:36,11:34,6.4,55,Clear,Low,10,True,False,14.9,0h 14m 54s
T102,2024-02-04,Sunday,Durgapur,Asansol,11:20,12:00,11:34,12:18,14.9,40,Clear,Low,11,True,False,18.1,0h 18m 6s
T102,2024-02-04,Sunday,Asansol,Dhanbad,12:00,13:00,12:18,13:31,18.1,60,Fog,Low,12,True,False,31.9,0h 31m 54s
T103,2024-02-04,Sunday,Howrah,Bardhaman,11:00,12:30,11:00,12:47,0.0,95,Clear,Low,11,True,False,17.4,0h 17m 24s
T103,2024-02-04,Sunday,Bardhaman,Durgapur,12:30,13:20,12:47,14:05,17.4,55,Rain,Medium,12,True,False,45.7,0h 45m 42s
T103,2024-02-04,Sunday,Durgapur,Asansol,13:20,14:00,14:05,14:58,45.7,40,Clear,Low,13,True,False,59.0,0h 59m 0s
T103,2024-02-04,Sunday,Asansol,Dhanbad,14:00,15:00,14:58,16:34,59.0,60,Fog,Medium,14,True,False,94.5,1h 34m 30s
T104,2024-02-04,Sunday,Howrah,Bardhaman,13:00,14:30,13:00,14:44,0.0,95,Clear,High,13,True,False,14.9,0h 14m 54s
T104,2024-02-04,Sunday,Bardhaman,Durgapur,14:30,15:20,14:44,15:43,14.9,55,Clear,High,14,True,False,23.5,0h 23m 30s
T104,2024-02-04,Sunday,Durgapur,Asansol,15:20,16:00,15:43,16:36,23.5,40,Clear,Medium,15,True,False,36.1,0h 36m 6s
T104,2024-02-04,Sunday,Asansol,Dhanbad,16:00,17:00,16:36,17:36,36.1,60,Clear,Low,16,True,False,36.1,0h 36m 6s
T105,2024-02-04,Sunday,Howrah,Bardhaman,15:00,16:30,15:00,16:45,0.0,95,Clear,High,15,True,False,15.8,0h 15m 48s
T105,2024-02-04,Sunday,Bardhaman,Durgapur,16:30,17:20,16:45,17:45,15.8,55,Rain,Low,16,True,False,25.1,0h 25m 6s
T105,2024-02-04,Sunday,Durgapur,Asansol,17:20,18:00,17:45,18:36,25.1,40,Clear,Medium,17,True,False,36.2,0h 36m 12s
T105,2024-02-04,Sunday,Asansol,Dhanbad,18:00,19:00,18:36,19:47,36.2,60,Rain,Low,18,True,False,48.0,0h 48m 0s
T106,2024-02-04,Sunday,Howrah,Bardhaman,17:00,18:30,17:00,19:01,0.0,95,Fog,Low,17,True,False,31.3,0h 31m 18s
T106,2024-02-04,Sunday,Bardhaman,Durgapur,18:30,19:20,19:01,20:28,31.3,55,Fog,Low,18,True,False,68.5,1h 8m 30s
T106,2024-02-04,Sunday,Durgapur,Asansol,19:20,20:00,20:28,21:25,68.5,40,Clear,Low,19,True,False,85.3,1h 25m 18s
T106,2024-02-04,Sunday,Asansol,Dhanbad,20:00,21:00,21:25,22:59,85.3,60,Clear,High,20,True,False,119.7,1h 59m 42s
T107,2024-02-04,Sunday,Howrah,Bardhaman,19:00,20:30,19:00,20:38,0.0,95,Clear,Medium,19,True,False,8.3,0h 8m 18s
T107,2024-02-04,Sunday,Bardhaman,Durgapur,20:30,21:20,20:38,21:37,8.3,55,Clear,Low,20,True,False,17.6,0h 17m 36s
T107,2024-02-04,Sunday,Durgapur,Asansol,21:20,22:00,21:37,22:25,17.6,40,Clear,Low,21,True,False,25.3,0h 25m 18s
T107,2024-02-04,Sunday,Asansol,Dhanbad,22:00,23:00,22:25,23:36,25.3,60,Rain,Low,22,True,False,36.3,0h 36m 18s
T100,2024-02-05,Monday,Howrah,Bardhaman,05:00,06:30,05:00,06:47,0.0,95,Clear,Low,5,False,False,17.5,0h 17m 30s
T100,2024-02-05,Monday,Bardhaman,Durgapur,06:30,07:20,06:47,07:49,17.5,55,Clear,Low,6,False,False,29.4,0h 29m 24s
T100,2024-02-05,Monday,Durgapur,Asansol,07:20,08:00,07:49,08:51,29.4,40,Clear,Medium,7,False,False,51.4,0h 51m 24s
T100,2024-02-05,Monday,Asansol,Dhanbad,08:00,09:00,08:51,10:24,51.4,60,Clear,High,8,False,False,84.9,1h 24m 54s
T101,2024-02-05,Monday,Howrah,Bardhaman,07:00,08:30,07:00,08:47,0.0,95,Rain,High,7,False,False,17.4,0h 17m 24s
T101,2024-02-05,Monday,Bardhaman,Durgapur,08:30,09:20,08:47,09:57,17.4,55,Clear,High,8,False,False,37.9,0h 37m 54s
T101,2024-02-05,Monday,Durgapur,Asansol,09:20,10:00,09:57,11:08,37.9,40,Rain,High,9,False,False,68.2,1h 8m 12s
T101,2024-02-05,Monday,Asansol,Dhanbad,10:00,11:00,11:08,12:17,68.2,60,Clear,Medium,10,False,False,77.3,1h 17m 18s
T102,2024-02-05,Monday,Howrah,Bardhaman,09:00,10:30,09:00,11:04,0.0,95,Fog,High,9,False,False,34.9,0h 34m 54s
T102,2024-02-05,Monday,Bardhaman,Durgapur,10:30,11:20,11:04,12:12,34.9,55,Rain,Low,10,False,False,52.9,0h 52m 54s
T102,2024-02-05,Monday,Durgapur,Asansol,11:20,12:00,12:12,13:04,52.9,40,Clear,Medium,11,False,False,64.6,1h 4m 36s
T102,2024-02-05,Monday,Asansol,Dhanbad,12:00,13:00,13:04,14:14,64.6,60,Clear,Low,12,False,False,74.3,1h 14m 18s
T103,2024-02-05,Monday,Howrah,Bardhaman,11:00,12:30,11:00,13:14,0.0,95,Fog,Low,11,False,False,44.2,0h 44m 12s
T103,2024-02-05,Monday,Bardhaman,Durgapur,12:30,13:20,13:14,14:34,44.2,55,Fog,Low,12,False,False,74.8,1h 14m 48s
T103,2024-02-05,Monday,Durgapur,Asansol,13:20,14:00,14:34,15:30,74.8,40,Clear,Low,13,False,False,91.0,1h 31m 0s
T103,2024-02-05,Monday,Asansol,Dhanbad,14:00,15:00,15:30,16:46,91.0,60,Clear,Low,14,False,False,106.7,1h 46m 42s
T104,2024-02-05,Monday,Howrah,Bardhaman,13:00,14:30,13:00,14:40,0.0,95,Clear,Medium,13,False,False,10.6,0h 10m 36s
T104,2024-02-05,Monday,Bardhaman,Durgapur,14:30,15:20,14:40,15:44,10.6,55,Rain,Low,14,False,False,24.5,0h 24m 30s
T104,2024-02-05,Monday,Durgapur,Asansol,15:20,16:00,15:44,16:31,24.5,40,Clear,Medium,15,False,False,31.9,0h 31m 54s
T104,2024-02-05,Monday,Asansol,Dhanbad,16:00,17:00,16:31,18:06,31.9,60,Rain,High,16,False,False,66.6,1h 6m 36s
T105,2024-02-05,Monday,Howrah,Bardhaman,15:00,16:30,15:00,16:52,0.0,95,Fog,High,15,False,False,22.8,0h 22m 48s
T105,2024-02-05,Monday,Bardhaman,Durgapur,16:30,17:20,16:52,17:42,22.8,55,Clear,Low,16,False,False,22.9,0h 22m 54s
T105,2024-02-05,Monday,Durgapur,Asansol,17:20,18:00,17:42,18:45,22.9,40,Clear,High,17,False,False,45.7,0h 45m 42s
T105,2024-02-05,Monday,Asansol,Dhanbad,18:00,19:00,18:45,19:50,45.7,60,Clear,Medium,18,False,False,50.2,0h 50m 12s
T106,2024-02-05,Monday,Howrah,Bardhaman,17:00,18:30,17:00,18:52,0.0,95,Clear,Medium,17,False,False,22.1,0h 22m 6s
T106,2024-02-05,Monday,Bardhaman,Durgapur,18:30,19:20,18:52,20:25,22.1,55,Fog,High,18,False,False,65.5,1h 5m 30s
T106,2024-02-05,Monday,Durgapur,Asansol,19:20,20:00,20:25,21:37,65.5,40,Clear,Medium,19,False,False,97.1,1h 37m 6s
T106,2024-02-05,Monday,Asansol,Dhanbad,20:00,21:00,21:37,23:11,97.1,60,Clear,High,20,False,False,131.9,2h 11m 54s
T107,2024-02-05,Monday,Howrah,Bardhaman,19:00,20:30,19:00,20:46,0.0,95,Clear,High,19,False,False,16.7,0h 16m 42s
T107,2024-02-05,Monday,Bardhaman,Durgapur,20:30,21:20,20:46,21:51,16.7,55,Clear,Low,20,False,False,31.1,0h 31m 6s
T107,2024-02-05,Monday,Durgapur,Asansol,21:20,22:00,21:51,22:51,31.1,40,Clear,Medium,21,False,False,51.3,0h 51m 18s
T107,2024-02-05,Monday,Asansol,Dhanbad,22:00,23:00,22:51,00:00,51.3,60,Clear,Low,22,False,False,60.6,1h 0m 36s
T100,2024-02-06,Tuesday,Howrah,Bardhaman,05:00,06:30,05:00,06:41,0.0,95,Clear,Low,5,False,False,11.4,0h 11m 24s
T100,2024-02-06,Tuesday,Bardhaman,Durgapur,06:30,07:20,06:41,07:53,11.4,55,Clear,Medium,6,False,False,33.9,0h 33m 54s
T100,2024-02-06,Tuesday,Durgapur,Asansol,07:20,08:00,07:53,08:49,33.9,40,Clear,Medium,7,False,False,50.0,0h 50m 0s
T100,2024-02-06,Tuesday,Asansol,Dhanbad,08:00,09:00,08:49,10:26,50.0,60,Clear,High,8,False,False,86.8,1h 26m 48s
T101,2024-02-06,Tuesday,Howrah,Bardhaman,07:00,08:30,07:00,09:03,0.0,95,Clear,High,7,False,False,33.5,0h 33m 30s
T101,2024-02-06,Tuesday,Bardhaman,Durgapur,08:30,09:20,09:03,10:22,33.5,55,Clear,High,8,False,False,62.1,1h 2m 6s
T101,2024-02-06,Tuesday,Durgapur,Asansol,09:20,10:00,10:22,11:11,62.1,40,Clear,Medium,9,False,False,71.9,1h 11m 54s
T101,2024-02-06,Tuesday,Asansol,Dhanbad,10:00,11:00,11:11,12:40,71.9,60,Clear,High,10,False,False,101.0,1h 41m 0s
T102,2024-02-06,Tuesday,Howrah,Bardhaman,09:00,10:30,09:00,10:55,0.0,95,Fog,High,9,False,False,25.9,0h 25m 54s
T102,2024-02-06,Tuesday,Bardhaman,Durgapur,10:30,11:20,10:55,11:58,25.9,55,Clear,Low,10,False,False,38.7,0h 38m 42s
T102,2024-02-06,Tuesday,Durgapur,Asansol,11:20,12:00,11:58,12:46,38.7,40,Clear,Low,11,False,False,46.1,0h 46m 6s
T102,2024-02-06,Tuesday,Asansol,Dhanbad,12:00,13:00,12:46,13:53,46.1,60,Clear,Low,12,False,False,53.1,0h 53m 6s
T103,2024-02-06,Tuesday,Howrah,Bardhaman,11:00,12:30,11:00,12:46,0.0,95,Clear,Low,11,False,False,16.9,0h 16m 54s
T103,2024-02-06,Tuesday,Bardhaman,Durgapur,12:30,13:20,12:46,14:06,16.9,55,Clear,Medium,12,False,False,46.7,0h 46m 42s
T103,2024-02-06,Tuesday,Durgapur,Asansol,13:20,14:00,14:06,15:05,46.7,40,Clear,Low,13,False,False,65.8,1h 5m 48s
T103,2024-02-06,Tuesday,Asansol,Dhanbad,14:00,15:00,15:05,16:27,65.8,60,Clear,Low,14,False,False,87.5,1h 27m 30s
T104,2024-02-06,Tuesday,Howrah,Bardhaman,13:00,14:30,13:00,14:36,0.0,95,Clear,Medium,13,False,False,6.5,0h 6m 30s
T104,2024-02-06,Tuesday,Bardhaman,Durgapur,14:30,15:20,14:36,15:51,6.5,55,Clear,High,14,False,False,31.3,0h 31m 18s
T104,2024-02-06,Tuesday,Durgapur,Asansol,15:20,16:00,15:51,16:31,31.3,40,Clear,Low,15,False,False,31.3,0h 31m 18s
T104,2024-02-06,Tuesday,Asansol,Dhanbad,16:00,17:00,16:31,17:33,31.3,60,Clear,Low,16,False,False,33.2,0h 33m 12s
T105,2024-02-06,Tuesday,Howrah,Bardhaman,15:00,16:30,15:00,16:30,0.0,95,Clear,Low,15,False,False,0.0,0h 0m 0s
T105,2024-02-06,Tuesday,Bardhaman,Durgapur,16:30,17:20,16:30,17:21,0.0,55,Clear,Low,16,False,False,1.4,0h 1m 24s
T105,2024-02-06,Tuesday,Durgapur,Asansol,17:20,18:00,17:21,18:15,1.4,40,Clear,Medium,17,False,False,15.5,0h 15m 30s
T105,2024-02-06,Tuesday,Asansol,Dhanbad,18:00,19:00,18:15,19:39,15.5,60,Rain,High,18,False,False,39.7,0h 39m 42s
T106,2024-02-06,Tuesday,Howrah,Bardhaman,17:00,18:30,17:00,18:54,0.0,95,Clear,Medium,17,False,False,24.7,0h 24m 42s
T106,2024-02-06,Tuesday,Bardhaman,Durgapur,18:30,19:20,18:54,20:29,24.7,55,Clear,High,18,False,False,69.1,1h 9m 6s
T106,2024-02-06,Tuesday,Durgapur,Asansol,19:20,20:00,20:29,21:48,69.1,40,Rain,Medium,19,False,False,108.7,1h 48m 42s
T106,2024-02-06,Tuesday,Asansol,Dhanbad,20:00,21:00,21:48,23:25,108.7,60,Clear,High,20,False,False,145.2,2h 25m 12s
T107,2024-02-06,Tuesday,Howrah,Bardhaman,19:00,20:30,19:00,20:54,0.0,95,Clear,High,19,False,False,24.2,0h 24m 12s
T107,2024-02-06,Tuesday,Bardhaman,Durgapur,20:30,21:20,20:54,21:53,24.2,55,Clear,Low,20,False,False,33.5,0h 33m 30s
T107,2024-02-06,Tuesday,Durgapur,Asansol,21:20,22:00,21:53,22:46,33.5,40,Clear,Low,21,False,False,46.5,0h 46m 30s
T107,2024-02-06,Tuesday,Asansol,Dhanbad,22:00,23:00,22:46,00:04,46.5,60,Clear,Medium,22,False,False,64.5,1h 4m 30s
T100,2024-02-07,Wednesday,Howrah,Bardhaman,05:00,06:30,05:00,06:39,0.0,95,Clear,Low,5,False,False,9.1,0h 9m 6s
T100,2024-02-07,Wednesday,Bardhaman,Durgapur,06:30,07:20,06:39,07:32,9.1,55,Clear,Low,6,False,False,12.5,0h 12m 30s
T100,2024-02-07,Wednesday,Durgapur,Asansol,07:20,08:00,07:32,08:42,12.5,40,Clear,High,7,False,False,42.6,0h 42m 36s
T100,2024-02-07,Wednesday,Asansol,Dhanbad,08:00,09:00,08:42,10:19,42.6,60,Clear,High,8,False,False,79.1,1h 19m 6s
T101,2024-02-07,Wednesday,Howrah,Bardhaman,07:00,08:30,07:00,09:00,0.0,95,Clear,High,7,False,False,30.6,0h 30m 36s
T101,2024-02-07,Wednesday,Bardhaman,Durgapur,08:30,09:20,09:00,10:22,30.6,55,Clear,High,8,False,False,62.7,1h 2m 42s
T101,2024-02-07,Wednesday,Durgapur,Asansol,09:20,10:00,10:22,11:06,62.7,40,Clear,Low,9,False,False,66.6,1h 6m 36s
T101,2024-02-07,Wednesday,Asansol,Dhanbad,10:00,11:00,11:06,12:07,66.6,60,Clear,Low,10,False,False,67.2,1h 7m 12s
T102,2024-02-07,Wednesday,Howrah,Bardhaman,09:00,10:30,09:00,10:49,0.0,95,Clear,High,9,False,False,20.0,0h 20m 0s
T102,2024-02-07,Wednesday,Bardhaman,Durgapur,10:30,11:20,10:49,12:06,20.0,55,Clear,Medium,10,False,False,46.8,0h 46m 48s
T102,2024-02-07,Wednesday,Durgapur,Asansol,11:20,12:00,12:06,12:57,46.8,40,Clear,Low,11,False,False,57.3,0h 57m 18s
T102,2024-02-07,Wednesday,Asansol,Dhanbad,12:00,13:00,12:57,14:05,57.3,60,Clear,Low,12,False,False,65.7,1h 5m 42s
T103,2024-02-07,Wednesday,Howrah,Bardhaman,11:00,12:30,11:00,12:45,0.0,95,Clear,Low,11,False,False,15.3,0h 15m 18s
T103,2024-02-07,Wednesday,Bardhaman,Durgapur,12:30,13:20,12:45,14:23,15.3,55,Fog,Medium,12,False,False,63.2,1h 3m 12s
T103,2024-02-07,Wednesday,Durgapur,Asansol,13:20,14:00,14:23,15:24,63.2,40,Clear,Medium,13,False,False,84.5,1h 24m 30s
T103,2024-02-07,Wednesday,Asansol,Dhanbad,14:00,15:00,15:24,16:53,84.5,60,Fog,Low,14,False,False,113.2,1h 53m 12s
T104,2024-02-07,Wednesday,Howrah,Bardhaman,13:00,14:30,13:00,15:16,0.0,95,Rain,High,13,False,False,46.8,0h 46m 48s
T104,2024-02-07,Wednesday,Bardhaman,Durgapur,14:30,15:20,15:16,16:09,46.8,55,Clear,Low,14,False,False,49.6,0h 49m 36s
T104,2024-02-07,Wednesday,Durgapur,Asansol,15:20,16:00,16:09,16:54,49.6,40,Clear,Low,15,False,False,54.4,0h 54m 24s
T104,2024-02-07,Wednesday,Asansol,Dhanbad,16:00,17:00,16:54,18:08,54.4,60,Rain,Medium,16,False,False,68.8,1h 8m 48s
T105,2024-02-07,Wednesday,Howrah,Bardhaman,15:00,16:30,15:00,16:30,0.0,95,Fog,Medium,15,False,False,0.4,0h 0m 24s
T105,2024-02-07,Wednesday,Bardhaman,Durgapur,16:30,17:20,16:30,17:34,0.4,55,Clear,High,16,False,False,14.6,0h 14m 36s
T105,2024-02-07,Wednesday,Durgapur,Asansol,17:20,18:00,17:34,18:49,14.6,40,Clear,High,17,False,False,49.7,0h 49m 42s
T105,2024-02-07,Wednesday,Asansol,Dhanbad,18:00,19:00,18:49,19:59,49.7,60,Clear,Medium,18,False,False,59.7,0h 59m 42s
T106,2024-02-07,Wednesday,Howrah,Bardhaman,17:00,18:30,17:00,18:42,0.0,95,Clear,High,17,False,False,12.8,0h 12m 48s
T106,2024-02-07,Wednesday,Bardhaman,Durgapur,18:30,19:20,18:42,20:07,12.8,55,Clear,High,18,False,False,47.9,0h 47m 54s
T106,2024-02-07,Wednesday,Durgapur,Asansol,19:20,20:00,20:07,21:23,47.9,40,Clear,High,19,False,False,83.8,1h 23m 48s
T106,2024-02-07,Wednesday,Asansol,Dhanbad,20:00,21:00,21:23,22:43,83.8,60,Clear,Low,20,False,False,103.1,1h 43m 6s
T107,2024-02-07,Wednesday,Howrah,Bardhaman,19:00,20:30,19:00,20:57,0.0,95,Clear,High,19,False,False,27.4,0h 27m 24s
T107,2024-02-07,Wednesday,Bardhaman,Durgapur,20:30,21:20,20:57,21:56,27.4,55,Clear,Low,20,False,False,36.4,0h 36m 24s
T107,2024-02-07,Wednesday,Durgapur,Asansol,21:20,22:00,21:56,23:03,36.4,40,Rain,Medium,21,False,False,63.4,1h 3m 24s
T107,2024-02-07,Wednesday,Asansol,Dhanbad,22:00,23:00,23:03,00:15,63.4,60,Clear,Low,22,False,False,75.4,1h 15m 24s
T100,2024-02-08,Thursday,Howrah,Bardhaman,05:00,06:30,05:00,06:36,0.0,95,Clear,Medium,5,False,False,6.0,0h 6m 0s
T100,2024-02-08,Thursday,Bardhaman,Durgapur,06:30,07:20,06:36,07:38,6.0,55,Clear,Low,6,False,False,18.3,0h 18m 18s
T100,2024-02-08,Thursday,Durgapur,Asansol,07:20,08:00,07:38,09:00,18.3,40,Clear,High,7,False,False,60.9,1h 0m 54s
T100,2024-02-08,Thursday,Asansol,Dhanbad,08:00,09:00,09:00,10:15,60.9,60,Clear,Medium,8,False,False,75.8,1h 15m 48s
T101,2024-02-08,Thursday,Howrah,Bardhaman,07:00,08:30,07:00,09:20,0.0,95,Fog,High,7,False,False,50.5,0h 50m 30s
T101,2024-02-08,Thursday,Bardhaman,Durgapur,08:30,09:20,09:20,10:42,50.5,55,Clear,High,8,False,False,82.6,1h 22m 36s
T101,2024-02-08,Thursday,Durgapur,Asansol,09:20,10:00,10:42,11:44,82.6,40,Clear,High,9,False,False,104.3,1h 44m 18s
T101,2024-02-08,Thursday,Asansol,Dhanbad,10:00,11:00,11:44,12:44,104.3,60,Clear,Low,10,False,False,104.6,1h 44m 36s
T102,2024-02-08,Thursday,Howrah,Bardhaman,09:00,10:30,09:00,10:49,0.0,95,Clear,Medium,9,False,False,19.2,0h 19m 12s
T102,2024-02-08,Thursday,Bardhaman,Durgapur,10:30,11:20,10:49,11:54,19.2,55,Fog,Low,10,False,False,34.3,0h 34m 18s
T102,2024-02-08,Thursday,Durgapur,Asansol,11:20,12:00,11:54,13:00,34.3,40,Clear,High,11,False,False,60.7,1h 0m 42s
T102,2024-02-08,Thursday,Asansol,Dhanbad,12:00,13:00,13:00,14:07,60.7,60,Clear,Low,12,False,False,68.0,1h 8m 0s
T103,2024-02-08,Thursday,Howrah,Bardhaman,11:00,12:30,11:00,12:57,0.0,95,Clear,Medium,11,False,False,27.1,0h 27m 6s
T103,2024-02-08,Thursday,Bardhaman,Durgapur,12:30,13:20,12:57,14:01,27.1,55,Clear,Low,12,False,False,41.6,0h 41m 36s
T103,2024-02-08,Thursday,Durgapur,Asansol,13:20,14:00,14:01,14:56,41.6,40,Clear,Low,13,False,False,56.1,0h 56m 6s
T103,2024-02-08,Thursday,Asansol,Dhanbad,14:00,15:00,14:56,16:33,56.1,60,Fog,Low,14,False,False,93.9,1h 33m 54s
T104,2024-02-08,Thursday,Howrah,Bardhaman,13:00,14:30,13:00,14:58,0.0,95,Clear,High,13,False,False,28.1,0h 28m 6s
T104,2024-02-08,Thursday,Bardhaman,Durgapur,14:30,15:20,14:58,15:49,28.1,55,Clear,Low,14,False,False,29.6,0h 29m 36s
T104,2024-02-08,Thursday,Durgapur,Asansol,15:20,16:00,15:49,16:30,29.6,40,Clear,Low,15,False,False,30.8,0h 30m 48s
T104,2024-02-08,Thursday,Asansol,Dhanbad,16:00,17:00,16:30,17:32,30.8,60,Clear,Low,16,False,False,32.7,0h 32m 42s
T105,2024-02-08,Thursday,Howrah,Bardhaman,15:00,16:30,15:00,16:40,0.0,95,Clear,Medium,15,False,False,10.2,0h 10m 12s
T105,2024-02-08,Thursday,Bardhaman,Durgapur,16:30,17:20,16:40,17:48,10.2,55,Clear,Medium,16,False,False,28.9,0h 28m 54s
T105,2024-02-08,Thursday,Durgapur,Asansol,17:20,18:00,17:48,18:44,28.9,40,Clear,Medium,17,False,False,44.5,0h 44m 30s
T105,2024-02-08,Thursday,Asansol,Dhanbad,18:00,19:00,18:44,20:16,44.5,60,Rain,High,18,False,False,76.2,1h 16m 12s
T106,2024-02-08,Thursday,Howrah,Bardhaman,17:00,18:30,17:00,19:10,0.0,95,Clear,High,17,False,False,40.5,0h 40m 30s
T106,2024-02-08,Thursday,Bardhaman,Durgapur,18:30,19:20,19:10,20:38,40.5,55,Clear,High,18,False,False,78.5,1h 18m 30s
T106,2024-02-08,Thursday,Durgapur,Asansol,19:20,20:00,20:38,21:40,78.5,40,Clear,High,19,False,False,100.4,1h 40m 24s
T106,2024-02-08,Thursday,Asansol,Dhanbad,20:00,21:00,21:40,23:34,100.4,60,Rain,High,20,False,False,154.3,2h 34m 18s
T107,2024-02-08,Thursday,Howrah,Bardhaman,19:00,20:30,19:00,21:07,0.0,95,Clear,High,19,False,False,37.3,0h 37m 18s
T107,2024-02-08,Thursday,Bardhaman,Durgapur,20:30,21:20,21:07,22:19,37.3,55,Clear,Medium,20,False,False,59.6,0h 59m 36s
T107,2024-02-08,Thursday,Durgapur,Asansol,21:20,22:00,22:19,23:10,59.6,40,Clear,Low,21,False,False,70.1,1h 10m 6s
T107,2024-02-08,Thursday,Asansol,Dhanbad,22:00,23:00,23:10,00:31,70.1,60,Rain,Low,22,False,False,91.1,1h 31m 6s
T100,2024-02-09,Friday,Howrah,Bardhaman,05:00,06:30,05:00,06:42,0.0,95,Clear,Low,5,False,False,12.7,0h 12m 42s
T100,2024-02-09,Friday,Bardhaman,Durgapur,06:30,07:20,06:42,07:55,12.7,55,Fog,Low,6,False,False,35.1,0h 35m 6s
T100,2024-02-09,Friday,Durgapur,Asansol,07:20,08:00,07:55,09:22,35.1,40,Fog,High,7,False,False,82.1,1h 22m 6s
T100,2024-02-09,Friday,Asansol,Dhanbad,08:00,09:00,09:22,10:45,82.1,60,Clear,High,8,False,False,105.4,1h 45m 24s
T101,2024-02-09,Friday,Howrah,Bardhaman,07:00,08:30,07:00,08:46,0.0,95,Clear,High,7,False,False,16.8,0h 16m 48s
T101,2024-02-09,Friday,Bardhaman,Durgapur,08:30,09:20,08:46,09:56,16.8,55,Clear,High,8,False,False,36.3,0h 36m 18s
T101,2024-02-09,Friday,Durgapur,Asansol,09:20,10:00,09:56,10:57,36.3,40,Clear,High,9,False,False,57.4,0h 57m 24s
T101,2024-02-09,Friday,Asansol,Dhanbad,10:00,11:00,10:57,12:01,57.4,60,Clear,Low,10,False,False,61.9,1h 1m 54s
T102,2024-02-09,Friday,Howrah,Bardhaman,09:00,10:30,09:00,11:12,0.0,95,Fog,High,9,False,False,42.5,0h 42m 30s
T102,2024-02-09,Friday,Bardhaman,Durgapur,10:30,11:20,11:12,12:15,42.5,55,Clear,Medium,10,False,False,55.8,0h 55m 48s
T102,2024-02-09,Friday,Durgapur,Asansol,11:20,12:00,12:15,13:07,55.8,40,Clear,Low,11,False,False,67.1,1h 7m 6s
T102,2024-02-09,Friday,Asansol,Dhanbad,12:00,13:00,13:07,14:16,67.1,60,Fog,Low,12,False,False,76.2,1h 16m 12s
T103,2024-02-09,Friday,Howrah,Bardhaman,11:00,12:30,11:00,13:15,0.0,95,Rain,Medium,11,False,False,45.2,0h 45m 12s
T103,2024-02-09,Friday,Bardhaman,Durgapur,12:30,13:20,13:15,14:25,45.2,55,Clear,Medium,12,False,False,65.3,1h 5m 18s
T103,2024-02-09,Friday,Durgapur,Asansol,13:20,14:00,14:25,15:21,65.3,40,Clear,Low,13,False,False,81.8,1h 21m 48s
T103,2024-02-09,Friday,Asansol,Dhanbad,14:00,15:00,15:21,16:49,81.8,60,Clear,Medium,14,False,False,109.2,1h 49m 12s
T104,2024-02-09,Friday,Howrah,Bardhaman,13:00,14:30,13:00,14:43,0.0,95,Clear,High,13,False,False,13.8,0h 13m 48s
T104,2024-02-09,Friday,Bardhaman,Durgapur,14:30,15:20,14:43,15:35,13.8,55,Clear,Low,14,False,False,15.5,0h 15m 30s
T104,2024-02-09,Friday,Durgapur,Asansol,15:20,16:00,15:35,16:25,15.5,40,Clear,Medium,15,False,False,25.6,0h 25m 36s
T104,2024-02-09,Friday,Asansol,Dhanbad,16:00,17:00,16:25,17:27,25.6,60,Clear,Low,16,False,False,27.3,0h 27m 18s
T105,2024-02-09,Friday,Howrah,Bardhaman,15:00,16:30,15:00,16:41,0.0,95,Clear,Low,15,False,False,11.3,0h 11m 18s
T105,2024-02-09,Friday,Bardhaman,Durgapur,16:30,17:20,16:41,17:49,11.3,55,Rain,Medium,16,False,False,29.2,0h 29m 12s
T105,2024-02-09,Friday,Durgapur,Asansol,17:20,18:00,17:49,18:42,29.2,40,Clear,Medium,17,False,False,42.8,0h 42m 48s
T105,2024-02-09,Friday,Asansol,Dhanbad,18:00,19:00,18:42,20:14,42.8,60,Clear,High,18,False,False,74.2,1h 14m 12s
T106,2024-02-09,Friday,Howrah,Bardhaman,17:00,18:30,17:00,18:48,0.0,95,Clear,High,17,False,False,18.3,0h 18m 18s
T106,2024-02-09,Friday,Bardhaman,Durgapur,18:30,19:20,18:48,19:52,18.3,55,Clear,High,18,False,False,32.6,0h 32m 36s
T106,2024-02-09,Friday,Durgapur,Asansol,19:20,20:00,19:52,21:18,32.6,40,Clear,High,19,False,False,78.6,1h 18m 36s
T106,2024-02-09,Friday,Asansol,Dhanbad,20:00,21:00,21:18,22:36,78.6,60,Clear,Low,20,False,False,96.1,1h 36m 6s
T107,2024-02-09,Friday,Howrah,Bardhaman,19:00,20:30,19:00,21:10,0.0,95,Fog,Medium,19,False,False,40.3,0h 40m 18s
T107,2024-02-09,Friday,Bardhaman,Durgapur,20:30,21:20,21:10,22:17,40.3,55,Clear,Low,20,False,False,57.4,0h 57m 24s
T107,2024-02-09,Friday,Durgapur,Asansol,21:20,22:00,22:17,23:21,57.4,40,Clear,Medium,21,False,False,81.9,1h 21m 54s
T107,2024-02-09,Friday,Asansol,Dhanbad,22:00,23:00,23:21,00:35,81.9,60,Clear,Low,22,False,False,95.2,1h 35m 12s
T100,2024-02-10,Saturday,Howrah,Bardhaman,05:00,06:30,05:00,06:34,0.0,95,Clear,Low,5,True,False,4.2,0h 4m 12s
T100,2024-02-10,Saturday,Bardhaman,Durgapur,06:30,07:20,06:34,07:41,4.2,55,Clear,High,6,True,False,21.5,0h 21m 30s
T100,2024-02-10,Saturday,Durgapur,Asansol,07:20,08:00,07:41,08:49,21.5,40,Clear,High,7,True,False,49.3,0h 49m 18s
T100,2024-02-10,Saturday,Asansol,Dhanbad,08:00,09:00,08:49,10:09,49.3,60,Clear,Medium,8,True,False,69.5,1h 9m 30s
T101,2024-02-10,Saturday,Howrah,Bardhaman,07:00,08:30,07:00,08:35,0.0,95,Clear,Low,7,True,False,5.2,0h 5m 12s
T101,2024-02-10,Saturday,Bardhaman,Durgapur,08:30,09:20,08:35,09:29,5.2,55,Clear,Low,8,True,False,9.0,0h 9m 0s
T101,2024-02-10,Saturday,Durgapur,Asansol,09:20,10:00,09:29,10:09,9.0,40,Clear,Low,9,True,False,9.0,0h 9m 0s
T101,2024-02-10,Saturday,Asansol,Dhanbad,10:00,11:00,10:09,11:10,9.0,60,Clear,Medium,10,True,False,10.1,0h 10m 6s
T102,2024-02-10,Saturday,Howrah,Bardhaman,09:00,10:30,09:00,10:52,0.0,95,Rain,Medium,9,True,False,22.2,0h 22m 12s
T102,2024-02-10,Saturday,Bardhaman,Durgapur,10:30,11:20,10:52,11:56,22.2,55,Clear,Medium,10,True,False,36.5,0h 36m 30s
T102,2024-02-10,Saturday,Durgapur,Asansol,11:20,12:00,11:56,12:52,36.5,40,Clear,Medium,11,True,False,52.7,0h 52m 42s
T102,2024-02-10,Saturday,Asansol,Dhanbad,12:00,13:00,12:52,14:25,52.7,60,Clear,High,12,True,False,85.7,1h 25m 42s
T103,2024-02-10,Saturday,Howrah,Bardhaman,11:00,12:30,11:00,13:15,0.0,95,Rain,High,11,True,False,45.7,0h 45m 42s
T103,2024-02-10,Saturday,Bardhaman,Durgapur,12:30,13:20,13:15,14:26,45.7,55,Clear,Medium,12,True,False,66.1,1h 6m 6s
T103,2024-02-10,Saturday,Durgapur,Asansol,13:20,14:00,14:26,15:25,66.1,40,Clear,Medium,13,True,False,85.6,1h 25m 36s
T103,2024-02-10,Saturday,Asansol,Dhanbad,14:00,15:00,15:25,16:44,85.6,60,Clear,Low,14,True,False,104.4,1h 44m 24s
T104,2024-02-10,Saturday,Howrah,Bardhaman,13:00,14:30,13:00,14:31,0.0,95,Clear,Medium,13,True,False,1.5,0h 1m 30s
T104,2024-02-10,Saturday,Bardhaman,Durgapur,14:30,15:20,14:31,15:31,1.5,55,Clear,High,14,True,False,11.1,0h 11m 6s
T104,2024-02-10,Saturday,Durgapur,Asansol,15:20,16:00,15:31,16:11,11.1,40,Clear,Low,15,True,False,11.3,0h 11m 18s
T104,2024-02-10,Saturday,Asansol,Dhanbad,16:00,17:00,16:11,17:11,11.3,60,Rain,High,16,True,False,11.9,0h 11m 54s
T105,2024-02-10,Saturday,Howrah,Bardhaman,15:00,16:30,15:00,16:34,0.0,95,Clear,Medium,15,True,False,4.4,0h 4m 24s
T105,2024-02-10,Saturday,Bardhaman,Durgapur,16:30,17:20,16:34,17:53,4.4,55,Rain,High,16,True,False,33.5,0h 33m 30s
T105,2024-02-10,Saturday,Durgapur,Asansol,17:20,18:00,17:53,18:33,33.5,40,Clear,Low,17,True,False,33.5,0h 33m 30s
T105,2024-02-10,Saturday,Asansol,Dhanbad,18:00,19:00,18:33,19:39,33.5,60,Clear,Medium,18,True,False,39.4,0h 39m 24s
T106,2024-02-10,Saturday,Howrah,Bardhaman,17:00,18:30,17:00,18:57,0.0,95,Clear,High,17,True,False,27.2,0h 27m 12s
T106,2024-02-10,Saturday,Bardhaman,Durgapur,18:30,19:20,18:57,20:07,27.2,55,Clear,Medium,18,True,False,47.9,0h 47m 54s
T106,2024-02-10,Saturday,Durgapur,Asansol,19:20,20:00,20:07,21:36,47.9,40,Rain,High,19,True,False,96.9,1h 36m 54s
T106,2024-02-10,Saturday,Asansol,Dhanbad,20:00,21:00,21:36,22:49,96.9,60,Clear,Low,20,True,False,109.6,1h 49m 36s
T107,2024-02-10,Saturday,Howrah,Bardhaman,19:00,20:30,19:00,20:35,0.0,95,Rain,Medium,19,True,False,5.7,0h 5m 42s
T107,2024-02-10,Saturday,Bardhaman,Durgapur,20:30,21:20,20:35,21:44,5.7,55,Rain,Low,20,True,False,24.8,0h 24m 48s
T107,2024-02-10,Saturday,Durgapur,Asansol,21:20,22:00,21:44,22:41,24.8,40,Fog,Low,21,True,False,41.7,0h 41m 42s
T107,2024-02-10,Saturday,Asansol,Dhanbad,22:00,23:00,22:41,23:47,41.7,60,Clear,Low,22,True,False,47.5,0h 47m 30s
T100,2024-02-11,Sunday,Howrah,Bardhaman,05:00,06:30,05:00,06:34,0.0,95,Clear,Low,5,True,False,4.7,0h 4m 42s
T100,2024-02-11,Sunday,Bardhaman,Durgapur,06:30,07:20,06:34,07:30,4.7,55,Clear,Low,6,True,False,10.9,0h 10m 54s
T100,2024-02-11,Sunday,Durgapur,Asansol,07:20,08:00,07:30,08:32,10.9,40,Rain,Low,7,True,False,32.8,0h 32m 48s
T100,2024-02-11,Sunday,Asansol,Dhanbad,08:00,09:00,08:32,09:37,32.8,60,Clear,Low,8,True,False,37.7,0h 37m 42s
T101,2024-02-11,Sunday,Howrah,Bardhaman,07:00,08:30,07:00,08:37,0.0,95,Clear,Medium,7,True,False,7.5,0h 7m 30s
T101,2024-02-11,Sunday,Bardhaman,Durgapur,08:30,09:20,08:37,09:27,7.5,55,Clear,Low,8,True,False,7.5,0h 7m 30s
T101,2024-02-11,Sunday,Durgapur,Asansol,09:20,10:00,09:27,10:25,7.5,40,Fog,Low,9,True,False,25.5,0h 25m 30s
T101,2024-02-11,Sunday,Asansol,Dhanbad,10:00,11:00,10:25,11:33,25.5,60,Clear,Medium,10,True,False,33.9,0h 33m 54s
T102,2024-02-11,Sunday,Howrah,Bardhaman,09:00,10:30,09:00,11:03,0.0,95,Clear,High,9,True,False,33.8,0h 33m 48s
T102,2024-02-11,Sunday,Bardhaman,Durgapur,10:30,11:20,11:03,12:04,33.8,55,Clear,Low,10,True,False,44.5,0h 44m 30s
T102,2024-02-11,Sunday,Durgapur,Asansol,11:20,12:00,12:04,12:51,44.5,40,Clear,Low,11,True,False,51.3,0h 51m 18s
T102,2024-02-11,Sunday,Asansol,Dhanbad,12:00,13:00,12:51,13:59,51.3,60,Clear,Low,12,True,False,59.3,0h 59m 18s
T103,2024-02-11,Sunday,Howrah,Bardhaman,11:00,12:30,11:00,12:47,0.0,95,Clear,Low,11,True,False,17.3,0h 17m 18s
T103,2024-02-11,Sunday,Bardhaman,Durgapur,12:30,13:20,12:47,14:05,17.3,55,Rain,Medium,12,True,False,45.1,0h 45m 6s
T103,2024-02-11,Sunday,Durgapur,Asansol,13:20,14:00,14:05,15:07,45.1,40,Clear,Medium,13,True,False,67.3,1h 7m 18s
T103,2024-02-11,Sunday,Asansol,Dhanbad,14:00,15:00,15:07,16:31,67.3,60,Rain,Low,14,True,False,91.3,1h 31m 18s
T104,2024-02-11,Sunday,Howrah,Bardhaman,13:00,14:30,13:00,14:30,0.0,95,Clear,Low,13,True,False,0.0,0h 0m 0s
T104,2024-02-11,Sunday,Bardhaman,Durgapur,14:30,15:20,14:30,15:29,0.0,55,Fog,Low,14,True,False,9.5,0h 9m 30s
T104,2024-02-11,Sunday,Durgapur,Asansol,15:20,16:00,15:29,16:13,9.5,40,Clear,Medium,15,True,False,13.3,0h 13m 18s
T104,2024-02-11,Sunday,Asansol,Dhanbad,16:00,17:00,16:13,17:16,13.3,60,Clear,Medium,16,True,False,16.6,0h 16m 36s
T105,2024-02-11,Sunday,Howrah,Bardhaman,15:00,16:30,15:00,16:40,0.0,95,Clear,Medium,15,True,False,10.5,0h 10m 30s
T105,2024-02-11,Sunday,Bardhaman,Durgapur,16:30,17:20,16:40,17:42,10.5,55,Clear,Medium,16,True,False,22.3,0h 22m 18s
T105,2024-02-11,Sunday,Durgapur,Asansol,17:20,18:00,17:42,18:22,22.3,40,Clear,Low,17,True,False,22.3,0h 22m 18s
T105,2024-02-11,Sunday,Asansol,Dhanbad,18:00,19:00,18:22,19:32,22.3,60,Clear,Medium,18,True,False,32.5,0h 32m 30s
T106,2024-02-11,Sunday,Howrah,Bardhaman,17:00,18:30,17:00,19:04,0.0,95,Clear,High,17,True,False,34.9,0h 34m 54s
T106,2024-02-11,Sunday,Bardhaman,Durgapur,18:30,19:20,19:04,20:05,34.9,55,Clear,Low,18,True,False,45.4,0h 45m 24s
T106,2024-02-11,Sunday,Durgapur,Asansol,19:20,20:00,20:05,20:57,45.4,40,Clear,Low,19,True,False,57.1,0h 57m 6s
T106,2024-02-11,Sunday,Asansol,Dhanbad,20:00,21:00,20:57,22:13,57.1,60,Clear,Low,20,True,False,73.2,1h 13m 12s
T107,2024-02-11,Sunday,Howrah,Bardhaman,19:00,20:30,19:00,20:45,0.0,95,Rain,Medium,19,True,False,15.4,0h 15m 24s
T107,2024-02-11,Sunday,Bardhaman,Durgapur,20:30,21:20,20:45,22:06,15.4,55,Fog,Medium,20,True,False,46.2,0h 46m 12s
T107,2024-02-11,Sunday,Durgapur,Asansol,21:20,22:00,22:06,22:54,46.2,40,Clear,Low,21,True,False,54.7,0h 54m 42s
T107,2024-02-11,Sunday,Asansol,Dhanbad,22:00,23:00,22:54,00:33,54.7,60,Clear,High,22,True,False,93.2,1h 33m 12s
T100,2024-02-12,Monday,Howrah,Bardhaman,05:00,06:30,05:00,06:57,0.0,95,Rain,Medium,5,False,False,27.9,0h 27m 54s
T100,2024-02-12,Monday,Bardhaman,Durgapur,06:30,07:20,06:57,07:53,27.9,55,Clear,Low,6,False,False,33.3,0h 33m 18s
T100,2024-02-12,Monday,Durgapur,Asansol,07:20,08:00,07:53,08:42,33.3,40,Clear,Low,7,False,False,42.0,0h 42m 0s
T100,2024-02-12,Monday,Asansol,Dhanbad,08:00,09:00,08:42,10:26,42.0,60,Clear,High,8,False,False,86.6,1h 26m 36s
T101,2024-02-12,Monday,Howrah,Bardhaman,07:00,08:30,07:00,09:01,0.0,95,Rain,Medium,7,False,False,31.5,0h 31m 30s
T101,2024-02-12,Monday,Bardhaman,Durgapur,08:30,09:20,09:01,10:04,31.5,55,Clear,High,8,False,False,44.4,0h 44m 24s
T101,2024-02-12,Monday,Durgapur,Asansol,09:20,10:00,10:04,11:01,44.4,40,Clear,High,9,False,False,61.0,1h 1m 0s
T101,2024-02-12,Monday,Asansol,Dhanbad,10:00,11:00,11:01,12:08,61.0,60,Rain,Low,10,False,False,68.9,1h 8m 54s
T102,2024-02-12,Monday,Howrah,Bardhaman,09:00,10:30,09:00,11:12,0.0,95,Rain,High,9,False,False,42.5,0h 42m 30s
T102,2024-02-12,Monday,Bardhaman,Durgapur,10:30,11:20,11:12,12:23,42.5,55,Rain,Low,10,False,False,63.8,1h 3m 48s
T102,2024-02-12,Monday,Durgapur,Asansol,11:20,12:00,12:23,13:13,63.8,40,Clear,Low,11,False,False,73.7,1h 13m 42s
T102,2024-02-12,Monday,Asansol,Dhanbad,12:00,13:00,13:13,14:49,73.7,60,Rain,High,12,False,False,109.5,1h 49m 30s
T103,2024-02-12,Monday,Howrah,Bardhaman,11:00,12:30,11:00,12:45,0.0,95,Clear,Low,11,False,False,15.8,0h 15m 48s
T103,2024-02-12,Monday,Bardhaman,Durgapur,12:30,13:20,12:45,14:04,15.8,55,Clear,Medium,12,False,False,44.0,0h 44m 0s
T103,2024-02-12,Monday,Durgapur,Asansol,13:20,14:00,14:04,14:57,44.0,40,Clear,Low,13,False,False,57.0,0h 57m 0s
T103,2024-02-12,Monday,Asansol,Dhanbad,14:00,15:00,14:57,16:17,57.0,60,Clear,Medium,14,False,False,77.1,1h 17m 6s
T104,2024-02-12,Monday,Howrah,Bardhaman,13:00,14:30,13:00,14:34,0.0,95,Clear,Low,13,False,False,4.5,0h 4m 30s
T104,2024-02-12,Monday,Bardhaman,Durgapur,14:30,15:20,14:34,15:34,4.5,55,Clear,Medium,14,False,False,14.4,0h 14m 24s
T104,2024-02-12,Monday,Durgapur,Asansol,15:20,16:00,15:34,16:21,14.4,40,Clear,Medium,15,False,False,21.6,0h 21m 36s
T104,2024-02-12,Monday,Asansol,Dhanbad,16:00,17:00,16:21,17:26,21.6,60,Clear,Low,16,False,False,26.8,0h 26m 48s
T105,2024-02-12,Monday,Howrah,Bardhaman,15:00,16:30,15:00,16:43,0.0,95,Fog,Low,15,False,False,13.3,0h 13m 18s
T105,2024-02-12,Monday,Bardhaman,Durgapur,16:30,17:20,16:43,17:55,13.3,55,Clear,Medium,16,False,False,35.8,0h 35m 48s
T105,2024-02-12,Monday,Durgapur,Asansol,17:20,18:00,17:55,18:54,35.8,40,Clear,High,17,False,False,54.7,0h 54m 42s
T105,2024-02-12,Monday,Asansol,Dhanbad,18:00,19:00,18:54,20:04,54.7,60,Clear,Medium,18,False,False,64.9,1h 4m 54s
T106,2024-02-12,Monday,Howrah,Bardhaman,17:00,18:30,17:00,19:01,0.0,95,Clear,High,17,False,False,31.1,0h 31m 6s
T106,2024-02-12,Monday,Bardhaman,Durgapur,18:30,19:20,19:01,20:43,31.1,55,Clear,High,18,False,False,83.5,1h 23m 30s
T106,2024-02-12,Monday,Durgapur,Asansol,19:20,20:00,20:43,22:00,83.5,40,Clear,High,19,False,False,120.7,2h 0m 42s
T106,2024-02-12,Monday,Asansol,Dhanbad,20:00,21:00,22:00,23:55,120.7,60,Fog,High,20,False,False,175.5,2h 55m 30s
T107,2024-02-12,Monday,Howrah,Bardhaman,19:00,20:30,19:00,21:03,0.0,95,Clear,High,19,False,False,33.4,0h 33m 24s
T107,2024-02-12,Monday,Bardhaman,Durgapur,20:30,21:20,21:03,22:03,33.4,55,Clear,Medium,20,False,False,43.3,0h 43m 18s
T107,2024-02-12,Monday,Durgapur,Asansol,21:20,22:00,22:03,22:58,43.3,40,Clear,Medium,21,False,False,58.3,0h 58m 18s
T107,2024-02-12,Monday,Asansol,Dhanbad,22:00,23:00,22:58,01:00,58.3,60,Fog,High,22,False,False,120.6,2h 0m 36s
T100,2024-02-13,Tuesday,Howrah,Bardhaman,05:00,06:30,05:00,07:48,0.0,95,Fog,High,5,False,False,78.5,1h 18m 30s
T100,2024-02-13,Tuesday,Bardhaman,Durgapur,06:30,07:20,07:48,08:54,78.5,55,Clear,Medium,6,False,False,94.1,1h 34m 6s
T100,2024-02-13,Tuesday,Durgapur,Asansol,07:20,08:00,08:54,09:51,94.1,40,Clear,High,7,False,False,111.2,1h 51m 12s
T100,2024-02-13,Tuesday,Asansol,Dhanbad,08:00,09:00,09:51,11:22,111.2,60,Fog,Medium,8,False,False,142.3,2h 22m 18s
T101,2024-02-13,Tuesday,Howrah,Bardhaman,07:00,08:30,07:00,09:01,0.0,95,Clear,High,7,False,False,31.4,0h 31m 24s
T101,2024-02-13,Tuesday,Bardhaman,Durgapur,08:30,09:20,09:01,10:02,31.4,55,Clear,High,8,False,False,42.5,0h 42m 30s
T101,2024-02-13,Tuesday,Durgapur,Asansol,09:20,10:00,10:02,11:04,42.5,40,Clear,High,9,False,False,64.4,1h 4m 24s
T101,2024-02-13,Tuesday,Asansol,Dhanbad,10:00,11:00,11:04,12:12,64.4,60,Rain,Low,10,False,False,72.6,1h 12m 36s
T102,2024-02-13,Tuesday,Howrah,Bardhaman,09:00,10:30,09:00,11:08,0.0,95,Clear,High,9,False,False,38.1,0h 38m 6s
T102,2024-02-13,Tuesday,Bardhaman,Durgapur,10:30,11:20,11:08,12:14,38.1,55,Fog,Low,10,False,False,54.4,0h 54m 24s
T102,2024-02-13,Tuesday,Durgapur,Asansol,11:20,12:00,12:14,13:26,54.4,40,Fog,Medium,11,False,False,86.0,1h 26m 0s
T102,2024-02-13,Tuesday,Asansol,Dhanbad,12:00,13:00,13:26,15:00,86.0,60,Rain,Medium,12,False,False,120.5,2h 0m 30s
T103,2024-02-13,Tuesday,Howrah,Bardhaman,11:00,12:30,11:00,12:47,0.0,95,Clear,Low,11,False,False,17.6,0h 17m 36s
T103,2024-02-13,Tuesday,Bardhaman,Durgapur,12:30,13:20,12:47,13:51,17.6,55,Clear,Low,12,False,False,31.8,0h 31m 48s
T103,2024-02-13,Tuesday,Durgapur,Asansol,13:20,14:00,13:51,14:50,31.8,40,Clear,Low,13,False,False,50.9,0h 50m 54s
T103,2024-02-13,Tuesday,Asansol,Dhanbad,14:00,15:00,14:50,16:39,50.9,60,Fog,Low,14,False,False,99.6,1h 39m 36s
T104,2024-02-13,Tuesday,Howrah,Bardhaman,13:00,14:30,13:00,14:41,0.0,95,Rain,High,13,False,False,11.6,0h 11m 36s
T104,2024-02-13,Tuesday,Bardhaman,Durgapur,14:30,15:20,14:41,15:44,11.6,55,Fog,Low,14,False,False,24.7,0h 24m 42s
T104,2024-02-13,Tuesday,Durgapur,Asansol,15:20,16:00,15:44,16:29,24.7,40,Clear,Low,15,False,False,29.6,0h 29m 36s
T104,2024-02-13,Tuesday,Asansol,Dhanbad,16:00,17:00,16:29,17:37,29.6,60,Fog,Low,16,False,False,37.6,0h 37m 36s
T105,2024-02-13,Tuesday,Howrah,Bardhaman,15:00,16:30,15:00,17:03,0.0,95,Fog,Medium,15,False,False,33.1,0h 33m 6s
T105,2024-02-13,Tuesday,Bardhaman,Durgapur,16:30,17:20,17:03,18:19,33.1,55,Clear,High,16,False,False,60.0,1h 0m 0s
T105,2024-02-13,Tuesday,Durgapur,Asansol,17:20,18:00,18:19,19:06,60.0,40,Clear,Medium,17,False,False,67.0,1h 7m 0s
T105,2024-02-13,Tuesday,Asansol,Dhanbad,18:00,19:00,19:06,20:25,67.0,60,Clear,High,18,False,False,85.6,1h 25m 36s
T106,2024-02-13,Tuesday,Howrah,Bardhaman,17:00,18:30,17:00,19:12,0.0,95,Fog,Medium,17,False,False,42.5,0h 42m 30s
T106,2024-02-13,Tuesday,Bardhaman,Durgapur,18:30,19:20,19:12,20:30,42.5,55,Clear,Medium,18,False,False,70.7,1h 10m 42s
T106,2024-02-13,Tuesday,Durgapur,Asansol,19:20,20:00,20:30,21:47,70.7,40,Clear,High,19,False,False,107.2,1h 47m 12s
T106,2024-02-13,Tuesday,Asansol,Dhanbad,20:00,21:00,21:47,23:13,107.2,60,Clear,Medium,20,False,False,133.2,2h 13m 12s
T107,2024-02-13,Tuesday,Howrah,Bardhaman,19:00,20:30,19:00,21:16,0.0,95,Rain,High,19,False,False,46.9,0h 46m 54s
T107,2024-02-13,Tuesday,Bardhaman,Durgapur,20:30,21:20,21:16,22:19,46.9,55,Clear,Low,20,False,False,59.4,0h 59m 24s
T107,2024-02-13,Tuesday,Durgapur,Asansol,21:20,22:00,22:19,23:29,59.4,40,Fog,Low,21,False,False,89.2,1h 29m 12s
T107,2024-02-13,Tuesday,Asansol,Dhanbad,22:00,23:00,23:29,00:50,89.2,60,Rain,Low,22,False,False,110.2,1h 50m 12s
T100,2024-02-14,Wednesday,Howrah,Bardhaman,05:00,06:30,05:00,07:18,0.0,95,Clear,High,5,False,True,48.5,0h 48m 30s
T100,2024-02-14,Wednesday,Bardhaman,Durgapur,06:30,07:20,07:18,09:13,48.5,55,Clear,High,6,False,True,113.5,1h 53m 30s
T100,2024-02-14,Wednesday,Durgapur,Asansol,07:20,08:00,09:13,10:43,113.5,40,Fog,Medium,7,False,True,163.5,2h 43m 30s
T100,2024-02-14,Wednesday,Asansol,Dhanbad,08:00,09:00,10:43,12:57,163.5,60,Clear,High,8,False,True,237.3,3h 57m 18s
T101,2024-02-14,Wednesday,Howrah,Bardhaman,07:00,08:30,07:00,09:11,0.0,95,Clear,Low,7,False,True,41.5,0h 41m 30s
T101,2024-02-14,Wednesday,Bardhaman,Durgapur,08:30,09:20,09:11,10:19,41.5,55,Clear,Low,8,False,True,59.6,0h 59m 36s
T101,2024-02-14,Wednesday,Durgapur,Asansol,09:20,10:00,10:19,11:36,59.6,40,Clear,High,9,False,True,96.3,1h 36m 18s
T101,2024-02-14,Wednesday,Asansol,Dhanbad,10:00,11:00,11:36,13:22,96.3,60,Clear,Low,10,False,True,142.9,2h 22m 54s
T102,2024-02-14,Wednesday,Howrah,Bardhaman,09:00,10:30,09:00,11:25,0.0,95,Clear,High,9,False,True,55.4,0h 55m 24s
T102,2024-02-14,Wednesday,Bardhaman,Durgapur,10:30,11:20,11:25,12:52,55.4,55,Fog,Low,10,False,True,92.3,1h 32m 18s
T102,2024-02-14,Wednesday,Durgapur,Asansol,11:20,12:00,12:52,14:08,92.3,40,Clear,Low,11,False,True,128.3,2h 8m 18s
T102,2024-02-14,Wednesday,Asansol,Dhanbad,12:00,13:00,14:08,15:31,128.3,60,Clear,Medium,12,False,True,151.6,2h 31m 36s
T103,2024-02-14,Wednesday,Howrah,Bardhaman,11:00,12:30,11:00,13:33,0.0,95,Clear,High,11,False,True,63.1,1h 3m 6s
T103,2024-02-14,Wednesday,Bardhaman,Durgapur,12:30,13:20,13:33,15:45,63.1,55,Fog,Medium,12,False,True,145.7,2h 25m 42s
T103,2024-02-14,Wednesday,Durgapur,Asansol,13:20,14:00,15:45,17:03,145.7,40,Clear,Low,13,False,True,183.0,3h 3m 0s
T103,2024-02-14,Wednesday,Asansol,Dhanbad,14:00,15:00,17:03,18:57,183.0,60,Fog,Low,14,False,True,237.8,3h 57m 48s
T104,2024-02-14,Wednesday,Howrah,Bardhaman,13:00,14:30,13:00,14:58,0.0,95,Clear,Low,13,False,True,28.6,0h 28m 36s
T104,2024-02-14,Wednesday,Bardhaman,Durgapur,14:30,15:20,14:58,16:34,28.6,55,Clear,Low,14,False,True,74.6,1h 14m 36s
T104,2024-02-14,Wednesday,Durgapur,Asansol,15:20,16:00,16:34,18:09,74.6,40,Clear,Low,15,False,True,130.0,2h 10m 0s
T104,2024-02-14,Wednesday,Asansol,Dhanbad,16:00,17:00,18:09,20:06,130.0,60,Rain,Low,16,False,True,186.1,3h 6m 6s
T105,2024-02-14,Wednesday,Howrah,Bardhaman,15:00,16:30,15:00,17:04,0.0,95,Clear,Low,15,False,True,34.7,0h 34m 42s
T105,2024-02-14,Wednesday,Bardhaman,Durgapur,16:30,17:20,17:04,18:43,34.7,55,Clear,Low,16,False,True,84.0,1h 24m 0s
T105,2024-02-14,Wednesday,Durgapur,Asansol,17:20,18:00,18:43,20:27,84.0,40,Clear,High,17,False,True,147.6,2h 27m 36s
T105,2024-02-14,Wednesday,Asansol,Dhanbad,18:00,19:00,20:27,21:57,147.6,60,Clear,High,18,False,True,177.8,2h 57m 48s
T106,2024-02-14,Wednesday,Howrah,Bardhaman,17:00,18:30,17:00,19:23,0.0,95,Clear,High,17,False,True,53.8,0h 53m 48s
T106,2024-02-14,Wednesday,Bardhaman,Durgapur,18:30,19:20,19:23,20:57,53.8,55,Clear,High,18,False,True,97.4,1h 37m 24s
T106,2024-02-14,Wednesday,Durgapur,Asansol,19:20,20:00,20:57,22:45,97.4,40,Clear,High,19,False,True,165.1,2h 45m 6s
T106,2024-02-14,Wednesday,Asansol,Dhanbad,20:00,21:00,22:45,00:57,165.1,60,Rain,Medium,20,False,True,237.7,3h 57m 42s
T107,2024-02-14,Wednesday,Howrah,Bardhaman,19:00,20:30,19:00,20:56,0.0,95,Clear,Low,19,False,True,26.2,0h 26m 12s
T107,2024-02-14,Wednesday,Bardhaman,Durgapur,20:30,21:20,20:56,22:31,26.2,55,Clear,Medium,20,False,True,71.4,1h 11m 24s
T107,2024-02-14,Wednesday,Durgapur,Asansol,21:20,22:00,22:31,23:52,71.4,40,Clear,Low,21,False,True,112.5,1h 52m 30s
T107,2024-02-14,Wednesday,Asansol,Dhanbad,22:00,23:00,23:52,01:14,112.5,60,Clear,Low,22,False,True,134.0,2h 14m 0s
T100,2024-02-15,Thursday,Howrah,Bardhaman,05:00,06:30,05:00,06:57,0.0,95,Clear,Medium,5,False,False,27.3,0h 27m 18s
T100,2024-02-15,Thursday,Bardhaman,Durgapur,06:30,07:20,06:57,07:57,27.3,55,Clear,Low,6,False,False,37.4,0h 37m 24s
T100,2024-02-15,Thursday,Durgapur,Asansol,07:20,08:00,07:57,09:11,37.4,40,Rain,Medium,7,False,False,71.1,1h 11m 6s
T100,2024-02-15,Thursday,Asansol,Dhanbad,08:00,09:00,09:11,10:32,71.1,60,Clear,High,8,False,False,93.0,1h 33m 0s
T101,2024-02-15,Thursday,Howrah,Bardhaman,07:00,08:30,07:00,08:58,0.0,95,Clear,High,7,False,False,29.0,0h 29m 0s
T101,2024-02-15,Thursday,Bardhaman,Durgapur,08:30,09:20,08:58,10:09,29.0,55,Clear,High,8,False,False,49.7,0h 49m 42s
T101,2024-02-15,Thursday,Durgapur,Asansol,09:20,10:00,10:09,11:20,49.7,40,Clear,High,9,False,False,80.7,1h 20m 42s
T101,2024-02-15,Thursday,Asansol,Dhanbad,10:00,11:00,11:20,12:28,80.7,60,Rain,Low,10,False,False,88.9,1h 28m 54s
T102,2024-02-15,Thursday,Howrah,Bardhaman,09:00,10:30,09:00,10:46,0.0,95,Clear,Low,9,False,False,16.0,0h 16m 0s
T102,2024-02-15,Thursday,Bardhaman,Durgapur,10:30,11:20,10:46,11:42,16.0,55,Clear,Low,10,False,False,22.1,0h 22m 6s
T102,2024-02-15,Thursday,Durgapur,Asansol,11:20,12:00,11:42,12:46,22.1,40,Fog,Low,11,False,False,46.2,0h 46m 12s
T102,2024-02-15,Thursday,Asansol,Dhanbad,12:00,13:00,12:46,14:06,46.2,60,Fog,Low,12,False,False,66.2,1h 6m 12s
T103,2024-02-15,Thursday,Howrah,Bardhaman,11:00,12:30,11:00,13:06,0.0,95,Clear,High,11,False,False,36.4,0h 36m 24s
T103,2024-02-15,Thursday,Bardhaman,Durgapur,12:30,13:20,13:06,14:31,36.4,55,Fog,Low,12,False,False,71.4,1h 11m 24s
T103,2024-02-15,Thursday,Durgapur,Asansol,13:20,14:00,14:31,15:25,71.4,40,Clear,Low,13,False,False,85.1,1h 25m 6s
T103,2024-02-15,Thursday,Asansol,Dhanbad,14:00,15:00,15:25,16:43,85.1,60,Clear,Low,14,False,False,103.1,1h 43m 6s
T104,2024-02-15,Thursday,Howrah,Bardhaman,13:00,14:30,13:00,14:52,0.0,95,Fog,Low,13,False,False,22.8,0h 22m 48s
T104,2024-02-15,Thursday,Bardhaman,Durgapur,14:30,15:20,14:52,15:44,22.8,55,Clear,Low,14,False,False,24.6,0h 24m 36s
T104,2024-02-15,Thursday,Durgapur,Asansol,15:20,16:00,15:44,17:00,24.6,40,Rain,High,15,False,False,60.0,1h 0m 0s
T104,2024-02-15,Thursday,Asansol,Dhanbad,16:00,17:00,17:00,18:04,60.0,60,Clear,Low,16,False,False,64.4,1h 4m 24s
T105,2024-02-15,Thursday,Howrah,Bardhaman,15:00,16:30,15:00,16:31,0.0,95,Clear,Low,15,False,False,1.8,0h 1m 48s
T105,2024-02-15,Thursday,Bardhaman,Durgapur,16:30,17:20,16:31,17:21,1.8,55,Clear,Low,16,False,False,1.8,0h 1m 48s
T105,2024-02-15,Thursday,Durgapur,Asansol,17:20,18:00,17:21,18:28,1.8,40,Clear,High,17,False,False,28.6,0h 28m 36s
T105,2024-02-15,Thursday,Asansol,Dhanbad,18:00,19:00,18:28,19:32,28.6,60,Rain,Medium,18,False,False,32.5,0h 32m 30s
T106,2024-02-15,Thursday,Howrah,Bardhaman,17:00,18:30,17:00,19:04,0.0,95,Fog,Medium,17,False,False,34.6,0h 34m 36s
T106,2024-02-15,Thursday,Bardhaman,Durgapur,18:30,19:20,19:04,20:15,34.6,55,Clear,Medium,18,False,False,55.3,0h 55m 18s
T106,2024-02-15,Thursday,Durgapur,Asansol,19:20,20:00,20:15,21:32,55.3,40,Clear,High,19,False,False,92.2,1h 32m 12s
T106,2024-02-15,Thursday,Asansol,Dhanbad,20:00,21:00,21:32,22:46,92.2,60,Clear,Low,20,False,False,106.6,1h 46m 36s
T107,2024-02-15,Thursday,Howrah,Bardhaman,19:00,20:30,19:00,21:02,0.0,95,Clear,High,19,False,False,32.6,0h 32m 36s
T107,2024-02-15,Thursday,Bardhaman,Durgapur,20:30,21:20,21:02,22:16,32.6,55,Clear,Medium,20,False,False,56.4,0h 56m 24s
T107,2024-02-15,Thursday,Durgapur,Asansol,21:20,22:00,22:16,23:06,56.4,40,Clear,Low,21,False,False,66.4,1h 6m 24s
T107,2024-02-15,Thursday,Asansol,Dhanbad,22:00,23:00,23:06,00:20,66.4,60,Clear,Low,22,False,False,80.1,1h 20m 6s
T100,2024-02-16,Friday,Howrah,Bardhaman,05:00,06:30,05:00,07:00,0.0,95,Fog,Low,5,False,False,30.6,0h 30m 36s
T100,2024-02-16,Friday,Bardhaman,Durgapur,06:30,07:20,07:00,08:03,30.6,55,Clear,High,6,False,False,43.8,0h 43m 48s
T100,2024-02-16,Friday,Durgapur,Asansol,07:20,08:00,08:03,08:48,43.8,40,Clear,Low,7,False,False,48.4,0h 48m 24s
T100,2024-02-16,Friday,Asansol,Dhanbad,08:00,09:00,08:48,10:18,48.4,60,Clear,High,8,False,False,78.6,1h 18m 36s
T101,2024-02-16,Friday,Howrah,Bardhaman,07:00,08:30,07:00,08:40,0.0,95,Clear,Medium,7,False,False,10.1,0h 10m 6s
T101,2024-02-16,Friday,Bardhaman,Durgapur,08:30,09:20,08:40,09:54,10.1,55,Fog,High,8,False,False,34.9,0h 34m 54s
T101,2024-02-16,Friday,Durgapur,Asansol,09:20,10:00,09:54,10:53,34.9,40,Clear,High,9,False,False,53.9,0h 53m 54s
T101,2024-02-16,Friday,Asansol,Dhanbad,10:00,11:00,10:53,11:57,53.9,60,Clear,Low,10,False,False,57.9,0h 57m 54s
T102,2024-02-16,Friday,Howrah,Bardhaman,09:00,10:30,09:00,10:59,0.0,95,Rain,High,9,False,False,29.7,0h 29m 42s
T102,2024-02-16,Friday,Bardhaman,Durgapur,10:30,11:20,10:59,12:13,29.7,55,Rain,Low,10,False,False,53.2,0h 53m 12s
T102,2024-02-16,Friday,Durgapur,Asansol,11:20,12:00,12:13,13:17,53.2,40,Fog,High,11,False,False,77.7,1h 17m 42s
T102,2024-02-16,Friday,Asansol,Dhanbad,12:00,13:00,13:17,14:39,77.7,60,Clear,Medium,12,False,False,99.3,1h 39m 18s
T103,2024-02-16,Friday,Howrah,Bardhaman,11:00,12:30,11:00,13:08,0.0,95,Fog,Low,11,False,False,38.8,0h 38m 48s
T103,2024-02-16,Friday,Bardhaman,Durgapur,12:30,13:20,13:08,14:17,38.8,55,Rain,Low,12,False,False,57.3,0h 57m 18s
T103,2024-02-16,Friday,Durgapur,Asansol,13:20,14:00,14:17,15:14,57.3,40,Clear,Low,13,False,False,74.7,1h 14m 42s
T103,2024-02-16,Friday,Asansol,Dhanbad,14:00,15:00,15:14,16:30,74.7,60,Clear,Low,14,False,False,90.8,1h 30m 48s
T104,2024-02-16,Friday,Howrah,Bardhaman,13:00,14:30,13:00,14:46,0.0,95,Clear,Medium,13,False,False,16.5,0h 16m 30s
T104,2024-02-16,Friday,Bardhaman,Durgapur,14:30,15:20,14:46,15:53,16.5,55,Clear,High,14,False,False,33.1,0h 33m 6s
T104,2024-02-16,Friday,Durgapur,Asansol,15:20,16:00,15:53,16:37,33.1,40,Clear,Low,15,False,False,37.7,0h 37m 42s
T104,2024-02-16,Friday,Asansol,Dhanbad,16:00,17:00,16:37,17:40,37.7,60,Clear,Low,16,False,False,40.2,0h 40m 12s
T105,2024-02-16,Friday,Howrah,Bardhaman,15:00,16:30,15:00,16:43,0.0,95,Fog,Low,15,False,False,13.7,0h 13m 42s
T105,2024-02-16,Friday,Bardhaman,Durgapur,16:30,17:20,16:43,17:41,13.7,55,Clear,Low,16,False,False,21.5,0h 21m 30s
T105,2024-02-16,Friday,Durgapur,Asansol,17:20,18:00,17:41,18:34,21.5,40,Clear,High,17,False,False,34.5,0h 34m 30s
T105,2024-02-16,Friday,Asansol,Dhanbad,18:00,19:00,18:34,19:44,34.5,60,Clear,Medium,18,False,False,44.4,0h 44m 24s
T106,2024-02-16,Friday,Howrah,Bardhaman,17:00,18:30,17:00,19:03,0.0,95,Clear,High,17,False,False,33.6,0h 33m 36s
T106,2024-02-16,Friday,Bardhaman,Durgapur,18:30,19:20,19:03,20:38,33.6,55,Rain,High,18,False,False,78.8,1h 18m 48s
T106,2024-02-16,Friday,Durgapur,Asansol,19:20,20:00,20:38,21:52,78.8,40,Clear,High,19,False,False,112.5,1h 52m 30s
T106,2024-02-16,Friday,Asansol,Dhanbad,20:00,21:00,21:52,23:24,112.5,60,Rain,Low,20,False,False,144.2,2h 24m 12s
T107,2024-02-16,Friday,Howrah,Bardhaman,19:00,20:30,19:00,20:38,0.0,95,Clear,Low,19,False,False,8.8,0h 8m 48s
T107,2024-02-16,Friday,Bardhaman,Durgapur,20:30,21:20,20:38,21:52,8.8,55,Clear,Medium,20,False,False,32.6,0h 32m 36s
T107,2024-02-16,Friday,Durgapur,Asansol,21:20,22:00,21:52,22:43,32.6,40,Clear,Low,21,False,False,43.8,0h 43m 48s
T107,2024-02-16,Friday,Asansol,Dhanbad,22:00,23:00,22:43,00:10,43.8,60,Fog,Medium,22,False,False,70.2,1h 10m 12s
T100,2024-02-17,Saturday,Howrah,Bardhaman,05:00,06:30,05:00,06:41,0.0,95,Clear,Low,5,True,False,11.0,0h 11m 0s
T100,2024-02-17,Saturday,Bardhaman,Durgapur,06:30,07:20,06:41,07:31,11.0,55,Clear,Low,6,True,False,11.0,0h 11m 0s
T100,2024-02-17,Saturday,Durgapur,Asansol,07:20,08:00,07:31,08:30,11.0,40,Clear,Medium,7,True,False,30.8,0h 30m 48s
T100,2024-02-17,Saturday,Asansol,Dhanbad,08:00,09:00,08:30,09:46,30.8,60,Rain,Medium,8,True,False,46.4,0h 46m 24s
T101,2024-02-17,Saturday,Howrah,Bardhaman,07:00,08:30,07:00,08:30,0.0,95,Clear,Low,7,True,False,0.0,0h 0m 0s
T101,2024-02-17,Saturday,Bardhaman,Durgapur,08:30,09:20,08:30,09:35,0.0,55,Clear,High,8,True,False,15.1,0h 15m 6s
T101,2024-02-17,Saturday,Durgapur,Asansol,09:20,10:00,09:35,10:26,15.1,40,Clear,Medium,9,True,False,26.7,0h 26m 42s
T101,2024-02-17,Saturday,Asansol,Dhanbad,10:00,11:00,10:26,11:32,26.7,60,Rain,Low,10,True,False,32.8,0h 32m 48s
T102,2024-02-17,Saturday,Howrah,Bardhaman,09:00,10:30,09:00,10:42,0.0,95,Clear,Medium,9,True,False,12.5,0h 12m 30s
T102,2024-02-17,Saturday,Bardhaman,Durgapur,10:30,11:20,10:42,11:46,12.5,55,Rain,Low,10,True,False,27.0,0h 27m 0s
T102,2024-02-17,Saturday,Durgapur,Asansol,11:20,12:00,11:46,12:37,27.0,40,Clear,Medium,11,True,False,37.2,0h 37m 12s
T102,2024-02-17,Saturday,Asansol,Dhanbad,12:00,13:00,12:37,13:45,37.2,60,Clear,Low,12,True,False,45.4,0h 45m 24s
T103,2024-02-17,Saturday,Howrah,Bardhaman,11:00,12:30,11:00,12:45,0.0,95,Clear,Low,11,True,False,15.6,0h 15m 36s
T103,2024-02-17,Saturday,Bardhaman,Durgapur,12:30,13:20,12:45,13:42,15.6,55,Clear,Low,12,True,False,23.0,0h 23m 0s
T103,2024-02-17,Saturday,Durgapur,Asansol,13:20,14:00,13:42,14:38,23.0,40,Clear,Low,13,True,False,38.2,0h 38m 12s
T103,2024-02-17,Saturday,Asansol,Dhanbad,14:00,15:00,14:38,16:02,38.2,60,Clear,Medium,14,True,False,62.9,1h 2m 54s
T104,2024-02-17,Saturday,Howrah,Bardhaman,13:00,14:30,13:00,14:33,0.0,95,Clear,Low,13,True,False,3.3,0h 3m 18s
T104,2024-02-17,Saturday,Bardhaman,Durgapur,14:30,15:20,14:33,15:48,3.3,55,Clear,High,14,True,False,28.8,0h 28m 48s
T104,2024-02-17,Saturday,Durgapur,Asansol,15:20,16:00,15:48,16:28,28.8,40,Clear,Low,15,True,False,28.8,0h 28m 48s
T104,2024-02-17,Saturday,Asansol,Dhanbad,16:00,17:00,16:28,18:16,28.8,60,Fog,High,16,True,False,76.9,1h 16m 54s
T105,2024-02-17,Saturday,Howrah,Bardhaman,15:00,16:30,15:00,16:35,0.0,95,Clear,Medium,15,True,False,6.0,0h 6m 0s
T105,2024-02-17,Saturday,Bardhaman,Durgapur,16:30,17:20,16:35,17:25,6.0,55,Clear,Low,16,True,False,6.0,0h 6m 0s
T105,2024-02-17,Saturday,Durgapur,Asansol,17:20,18:00,17:25,18:05,6.0,40,Clear,Low,17,True,False,6.0,0h 6m 0s
T105,2024-02-17,Saturday,Asansol,Dhanbad,18:00,19:00,18:05,19:12,6.0,60,Clear,Medium,18,True,False,12.3,0h 12m 18s
T106,2024-02-17,Saturday,Howrah,Bardhaman,17:00,18:30,17:00,18:35,0.0,95,Clear,Low,17,True,False,5.8,0h 5m 48s
T106,2024-02-17,Saturday,Bardhaman,Durgapur,18:30,19:20,18:35,19:40,5.8,55,Clear,Low,18,True,False,20.4,0h 20m 24s
T106,2024-02-17,Saturday,Durgapur,Asansol,19:20,20:00,19:40,20:36,20.4,40,Clear,Low,19,True,False,36.9,0h 36m 54s
T106,2024-02-17,Saturday,Asansol,Dhanbad,20:00,21:00,20:36,21:49,36.9,60,Clear,Low,20,True,False,49.9,0h 49m 54s
T107,2024-02-17,Saturday,Howrah,Bardhaman,19:00,20:30,19:00,20:30,0.0,95,Clear,Low,19,True,False,0.0,0h 0m 0s
T107,2024-02-17,Saturday,Bardhaman,Durgapur,20:30,21:20,20:30,21:30,0.0,55,Clear,Low,20,True,False,10.0,0h 10m 0s
T107,2024-02-17,Saturday,Durgapur,Asansol,21:20,22:00,21:30,22:30,10.0,40,Rain,Low,21,True,False,30.1,0h 30m 6s
T107,2024-02-17,Saturday,Asansol,Dhanbad,22:00,23:00,22:30,23:44,30.1,60,Clear,Medium,22,True,False,44.4,0h 44m 24s
T100,2024-02-18,Sunday,Howrah,Bardhaman,05:00,06:30,05:00,06:58,0.0,95,Fog,Low,5,True,False,28.0,0h 28m 0s
T100,2024-02-18,Sunday,Bardhaman,Durgapur,06:30,07:20,06:58,07:54,28.0,55,Clear,Low,6,True,False,35.0,0h 35m 0s
T100,2024-02-18,Sunday,Durgapur,Asansol,07:20,08:00,07:54,08:38,35.0,40,Clear,Low,7,True,False,39.0,0h 39m 0s
T100,2024-02-18,Sunday,Asansol,Dhanbad,08:00,09:00,08:38,09:43,39.0,60,Clear,Low,8,True,False,44.0,0h 44m 0s
T101,2024-02-18,Sunday,Howrah,Bardhaman,07:00,08:30,07:00,08:32,0.0,95,Clear,Low,7,True,False,2.6,0h 2m 36s
T101,2024-02-18,Sunday,Bardhaman,Durgapur,08:30,09:20,08:32,09:30,2.6,55,Clear,Medium,8,True,False,10.2,0h 10m 12s
T101,2024-02-18,Sunday,Durgapur,Asansol,09:20,10:00,09:30,10:27,10.2,40,Rain,Low,9,True,False,27.4,0h 27m 24s
T101,2024-02-18,Sunday,Asansol,Dhanbad,10:00,11:00,10:27,11:45,27.4,60,Clear,High,10,True,False,45.1,0h 45m 6s
T102,2024-02-18,Sunday,Howrah,Bardhaman,09:00,10:30,09:00,10:44,0.0,95,Clear,Low,9,True,False,14.5,0h 14m 30s
T102,2024-02-18,Sunday,Bardhaman,Durgapur,10:30,11:20,10:44,11:49,14.5,55,Clear,Medium,10,True,False,29.7,0h 29m 42s
T102,2024-02-18,Sunday,Durgapur,Asansol,11:20,12:00,11:49,12:47,29.7,40,Rain,Low,11,True,False,47.0,0h 47m 0s
T102,2024-02-18,Sunday,Asansol,Dhanbad,12:00,13:00,12:47,13:53,47.0,60,Rain,Low,12,True,False,53.9,0h 53m 54s
T103,2024-02-18,Sunday,Howrah,Bardhaman,11:00,12:30,11:00,12:53,0.0,95,Fog,Medium,11,True,False,23.8,0h 23m 48s
T103,2024-02-18,Sunday,Bardhaman,Durgapur,12:30,13:20,12:53,14:02,23.8,55,Clear,Medium,12,True,False,42.4,0h 42m 24s
T103,2024-02-18,Sunday,Durgapur,Asansol,13:20,14:00,14:02,14:57,42.4,40,Clear,Low,13,True,False,57.9,0h 57m 54s
T103,2024-02-18,Sunday,Asansol,Dhanbad,14:00,15:00,14:57,16:29,57.9,60,Clear,Medium,14,True,False,89.2,1h 29m 12s
T104,2024-02-18,Sunday,Howrah,Bardhaman,13:00,14:30,13:00,14:40,0.0,95,Clear,Medium,13,True,False,10.1,0h 10m 6s
T104,2024-02-18,Sunday,Bardhaman,Durgapur,14:30,15:20,14:40,15:39,10.1,55,Clear,Medium,14,True,False,19.2,0h 19m 12s
T104,2024-02-18,Sunday,Durgapur,Asansol,15:20,16:00,15:39,16:19,19.2,40,Clear,Medium,15,True,False,19.5,0h 19m 30s
T104,2024-02-18,Sunday,Asansol,Dhanbad,16:00,17:00,16:19,17:19,19.5,60,Clear,Low,16,True,False,19.5,0h 19m 30s
T105,2024-02-18,Sunday,Howrah,Bardhaman,15:00,16:30,15:00,16:30,0.0,95,Clear,Medium,15,True,False,0.4,0h 0m 24s
T105,2024-02-18,Sunday,Bardhaman,Durgapur,16:30,17:20,16:30,17:53,0.4,55,Fog,High,16,True,False,33.6,0h 33m 36s
T105,2024-02-18,Sunday,Durgapur,Asansol,17:20,18:00,17:53,18:33,33.6,40,Clear,Low,17,True,False,33.6,0h 33m 36s
T105,2024-02-18,Sunday,Asansol,Dhanbad,18:00,19:00,18:33,19:54,33.6,60,Rain,Medium,18,True,False,54.7,0h 54m 42s
T106,2024-02-18,Sunday,Howrah,Bardhaman,17:00,18:30,17:00,18:38,0.0,95,Clear,Low,17,True,False,8.0,0h 8m 0s
T106,2024-02-18,Sunday,Bardhaman,Durgapur,18:30,19:20,18:38,19:52,8.0,55,Rain,Low,18,True,False,32.7,0h 32m 42s
T106,2024-02-18,Sunday,Durgapur,Asansol,19:20,20:00,19:52,21:08,32.7,40,Clear,High,19,True,False,68.8,1h 8m 48s
T106,2024-02-18,Sunday,Asansol,Dhanbad,20:00,21:00,21:08,22:24,68.8,60,Clear,Medium,20,True,False,84.0,1h 24m 0s
T107,2024-02-18,Sunday,Howrah,Bardhaman,19:00,20:30,19:00,20:34,0.0,95,Clear,Low,19,True,False,4.4,0h 4m 24s
T107,2024-02-18,Sunday,Bardhaman,Durgapur,20:30,21:20,20:34,21:24,4.4,55,Clear,Low,20,True,False,4.4,0h 4m 24s
T107,2024-02-18,Sunday,Durgapur,Asansol,21:20,22:00,21:24,22:11,4.4,40,Clear,Low,21,True,False,11.1,0h 11m 6s
T107,2024-02-18,Sunday,Asansol,Dhanbad,22:00,23:00,22:11,23:26,11.1,60,Clear,Medium,22,True,False,26.8,0h 26m 48s
T100,2024-02-19,Monday,Howrah,Bardhaman,05:00,06:30,05:00,06:47,0.0,95,Clear,Medium,5,False,False,17.5,0h 17m 30s
T100,2024-02-19,Monday,Bardhaman,Durgapur,06:30,07:20,06:47,07:42,17.5,55,Clear,Low,6,False,False,22.4,0h 22m 24s
T100,2024-02-19,Monday,Durgapur,Asansol,07:20,08:00,07:42,09:05,22.4,40,Fog,High,7,False,False,65.3,1h 5m 18s
T100,2024-02-19,Monday,Asansol,Dhanbad,08:00,09:00,09:05,10:26,65.3,60,Clear,High,8,False,False,86.3,1h 26m 18s
T101,2024-02-19,Monday,Howrah,Bardhaman,07:00,08:30,07:00,08:43,0.0,95,Clear,High,7,False,False,13.1,0h 13m 6s
T101,2024-02-19,Monday,Bardhaman,Durgapur,08:30,09:20,08:43,09:47,13.1,55,Clear,High,8,False,False,27.2,0h 27m 12s
T101,2024-02-19,Monday,Durgapur,Asansol,09:20,10:00,09:47,10:45,27.2,40,Rain,Low,9,False,False,45.4,0h 45m 24s
T101,2024-02-19,Monday,Asansol,Dhanbad,10:00,11:00,10:45,11:50,45.4,60,Clear,Low,10,False,False,50.9,0h 50m 54s
T102,2024-02-19,Monday,Howrah,Bardhaman,09:00,10:30,09:00,10:59,0.0,95,Clear,High,9,False,False,29.5,0h 29m 30s
T102,2024-02-19,Monday,Bardhaman,Durgapur,10:30,11:20,10:59,12:16,29.5,55,Clear,High,10,False,False,56.9,0h 56m 54s
T102,2024-02-19,Monday,Durgapur,Asansol,11:20,12:00,12:16,13:16,56.9,40,Clear,Medium,11,False,False,76.2,1h 16m 12s
T102,2024-02-19,Monday,Asansol,Dhanbad,12:00,13:00,13:16,14:35,76.2,60,Clear,Medium,12,False,False,95.1,1h 35m 6s
T103,2024-02-19,Monday,Howrah,Bardhaman,11:00,12:30,11:00,13:00,0.0,95,Fog,Medium,11,False,False,31.0,0h 31m 0s
T103,2024-02-19,Monday,Bardhaman,Durgapur,12:30,13:20,13:00,14:37,31.0,55,Fog,Low,12,False,False,77.6,1h 17m 36s
T103,2024-02-19,Monday,Durgapur,Asansol,13:20,14:00,14:37,15:38,77.6,40,Clear,Low,13,False,False,98.6,1h 38m 36s
T103,2024-02-19,Monday,Asansol,Dhanbad,14:00,15:00,15:38,16:56,98.6,60,Clear,Low,14,False,False,116.7,1h 56m 42s
T104,2024-02-19,Monday,Howrah,Bardhaman,13:00,14:30,13:00,14:33,0.0,95,Clear,Low,13,False,False,3.8,0h 3m 48s
T104,2024-02-19,Monday,Bardhaman,Durgapur,14:30,15:20,14:33,15:35,3.8,55,Clear,Medium,14,False,False,15.2,0h 15m 12s
T104,2024-02-19,Monday,Durgapur,Asansol,15:20,16:00,15:35,16:52,15.2,40,Fog,High,15,False,False,52.6,0h 52m 36s
T104,2024-02-19,Monday,Asansol,Dhanbad,16:00,17:00,16:52,18:04,52.6,60,Clear,Medium,16,False,False,64.1,1h 4m 6s
T105,2024-02-19,Monday,Howrah,Bardhaman,15:00,16:30,15:00,16:44,0.0,95,Clear,Medium,15,False,False,14.9,0h 14m 54s
T105,2024-02-19,Monday,Bardhaman,Durgapur,16:30,17:20,16:44,17:45,14.9,55,Clear,Medium,16,False,False,25.1,0h 25m 6s
T105,2024-02-19,Monday,Durgapur,Asansol,17:20,18:00,17:45,18:29,25.1,40,Clear,Low,17,False,False,29.6,0h 29m 36s
T105,2024-02-19,Monday,Asansol,Dhanbad,18:00,19:00,18:29,19:41,29.6,60,Clear,Medium,18,False,False,41.7,0h 41m 42s
T106,2024-02-19,Monday,Howrah,Bardhaman,17:00,18:30,17:00,18:45,0.0,95,Clear,Medium,17,False,False,15.3,0h 15m 18s
T106,2024-02-19,Monday,Bardhaman,Durgapur,18:30,19:20,18:45,19:53,15.3,55,Clear,Low,18,False,False,33.4,0h 33m 24s
T106,2024-02-19,Monday,Durgapur,Asansol,19:20,20:00,19:53,20:53,33.4,40,Clear,Low,19,False,False,53.7,0h 53m 42s
T106,2024-02-19,Monday,Asansol,Dhanbad,20:00,21:00,20:53,22:24,53.7,60,Clear,High,20,False,False,85.0,1h 25m 0s
T107,2024-02-19,Monday,Howrah,Bardhaman,19:00,20:30,19:00,20:52,0.0,95,Clear,High,19,False,False,22.8,0h 22m 48s
T107,2024-02-19,Monday,Bardhaman,Durgapur,20:30,21:20,20:52,21:54,22.8,55,Clear,Low,20,False,False,34.9,0h 34m 54s
T107,2024-02-19,Monday,Durgapur,Asansol,21:20,22:00,21:54,22:43,34.9,40,Clear,Low,21,False,False,43.6,0h 43m 36s
T107,2024-02-19,Monday,Asansol,Dhanbad,22:00,23:00,22:43,00:11,43.6,60,Clear,Medium,22,False,False,71.5,1h 11m 30s
T100,2024-02-20,Tuesday,Howrah,Bardhaman,05:00,06:30,05:00,06:40,0.0,95,Clear,Low,5,False,False,10.1,0h 10m 6s
T100,2024-02-20,Tuesday,Bardhaman,Durgapur,06:30,07:20,06:40,07:41,10.1,55,Clear,Medium,6,False,False,21.4,0h 21m 24s
T100,2024-02-20,Tuesday,Durgapur,Asansol,07:20,08:00,07:41,08:30,21.4,40,Clear,Medium,7,False,False,30.6,0h 30m 36s
T100,2024-02-20,Tuesday,Asansol,Dhanbad,08:00,09:00,08:30,09:53,30.6,60,Clear,High,8,False,False,53.5,0h 53m 30s
T101,2024-02-20,Tuesday,Howrah,Bardhaman,07:00,08:30,07:00,08:31,0.0,95,Clear,Medium,7,False,False,1.6,0h 1m 36s
T101,2024-02-20,Tuesday,Bardhaman,Durgapur,08:30,09:20,08:31,09:28,1.6,55,Clear,Medium,8,False,False,9.0,0h 9m 0s
T101,2024-02-20,Tuesday,Durgapur,Asansol,09:20,10:00,09:28,10:37,9.0,40,Clear,High,9,False,False,37.1,0h 37m 6s
T101,2024-02-20,Tuesday,Asansol,Dhanbad,10:00,11:00,10:37,11:38,37.1,60,Clear,Low,10,False,False,38.0,0h 38m 0s
T102,2024-02-20,Tuesday,Howrah,Bardhaman,09:00,10:30,09:00,10:45,0.0,95,Clear,Medium,9,False,False,15.2,0h 15m 12s
T102,2024-02-20,Tuesday,Bardhaman,Durgapur,10:30,11:20,10:45,11:52,15.2,55,Clear,Medium,10,False,False,32.0,0h 32m 0s
T102,2024-02-20,Tuesday,Durgapur,Asansol,11:20,12:00,11:52,12:37,32.0,40,Clear,Low,11,False,False,37.7,0h 37m 42s
T102,2024-02-20,Tuesday,Asansol,Dhanbad,12:00,13:00,12:37,13:56,37.7,60,Fog,Low,12,False,False,56.2,0h 56m 12s
T103,2024-02-20,Tuesday,Howrah,Bardhaman,11:00,12:30,11:00,12:56,0.0,95,Rain,Medium,11,False,False,26.4,0h 26m 24s
T103,2024-02-20,Tuesday,Bardhaman,Durgapur,12:30,13:20,12:56,14:16,26.4,55,Rain,Low,12,False,False,56.8,0h 56m 48s
T103,2024-02-20,Tuesday,Durgapur,Asansol,13:20,14:00,14:16,15:13,56.8,40,Clear,Low,13,False,False,73.7,1h 13m 42s
T103,2024-02-20,Tuesday,Asansol,Dhanbad,14:00,15:00,15:13,16:34,73.7,60,Clear,Low,14,False,False,94.1,1h 34m 6s
T104,2024-02-20,Tuesday,Howrah,Bardhaman,13:00,14:30,13:00,14:41,0.0,95,Clear,Low,13,False,False,11.1,0h 11m 6s
T104,2024-02-20,Tuesday,Bardhaman,Durgapur,14:30,15:20,14:41,15:50,11.1,55,Clear,High,14,False,False,30.4,0h 30m 24s
T104,2024-02-20,Tuesday,Durgapur,Asansol,15:20,16:00,15:50,16:34,30.4,40,Clear,Low,15,False,False,34.4,0h 34m 24s
T104,2024-02-20,Tuesday,Asansol,Dhanbad,16:00,17:00,16:34,17:44,34.4,60,Clear,Medium,16,False,False,44.8,0h 44m 48s
T105,2024-02-20,Tuesday,Howrah,Bardhaman,15:00,16:30,15:00,16:44,0.0,95,Clear,Medium,15,False,False,14.1,0h 14m 6s
T105,2024-02-20,Tuesday,Bardhaman,Durgapur,16:30,17:20,16:44,17:39,14.1,55,Clear,Low,16,False,False,19.1,0h 19m 6s
T105,2024-02-20,Tuesday,Durgapur,Asansol,17:20,18:00,17:39,19:03,19.1,40,Rain,High,17,False,False,63.3,1h 3m 18s
T105,2024-02-20,Tuesday,Asansol,Dhanbad,18:00,19:00,19:03,20:07,63.3,60,Clear,Medium,18,False,False,67.9,1h 7m 54s
T106,2024-02-20,Tuesday,Howrah,Bardhaman,17:00,18:30,17:00,19:09,0.0,95,Clear,High,17,False,False,39.9,0h 39m 54s
T106,2024-02-20,Tuesday,Bardhaman,Durgapur,18:30,19:20,19:09,20:29,39.9,55,Clear,High,18,False,False,69.1,1h 9m 6s
T106,2024-02-20,Tuesday,Durgapur,Asansol,19:20,20:00,20:29,21:31,69.1,40,Clear,Medium,19,False,False,91.7,1h 31m 42s
T106,2024-02-20,Tuesday,Asansol,Dhanbad,20:00,21:00,21:31,23:03,91.7,60,Rain,Medium,20,False,False,124.0,2h 4m 0s
T107,2024-02-20,Tuesday,Howrah,Bardhaman,19:00,20:30,19:00,20:34,0.0,95,Clear,Low,19,False,False,4.0,0h 4m 0s
T107,2024-02-20,Tuesday,Bardhaman,Durgapur,20:30,21:20,20:34,21:51,4.0,55,Clear,High,20,False,False,31.7,0h 31m 42s
T107,2024-02-20,Tuesday,Durgapur,Asansol,21:20,22:00,21:51,23:01,31.7,40,Rain,Medium,21,False,False,61.7,1h 1m 42s
T107,2024-02-20,Tuesday,Asansol,Dhanbad,22:00,23:00,23:01,00:19,61.7,60,Clear,Low,22,False,False,79.0,1h 19m 0s
T100,2024-02-21,Wednesday,Howrah,Bardhaman,05:00,06:30,05:00,06:53,0.0,95,Clear,Medium,5,False,False,23.0,0h 23m 0s
T100,2024-02-21,Wednesday,Bardhaman,Durgapur,06:30,07:20,06:53,07:59,23.0,55,Clear,Medium,6,False,False,39.7,0h 39m 42s
T100,2024-02-21,Wednesday,Durgapur,Asansol,07:20,08:00,07:59,09:09,39.7,40,Clear,High,7,False,False,69.9,1h 9m 54s
T100,2024-02-21,Wednesday,Asansol,Dhanbad,08:00,09:00,09:09,10:53,69.9,60,Clear,High,8,False,False,114.0,1h 54m 0s
T101,2024-02-21,Wednesday,Howrah,Bardhaman,07:00,08:30,07:00,09:24,0.0,95,Fog,High,7,False,False,54.3,0h 54m 18s
T101,2024-02-21,Wednesday,Bardhaman,Durgapur,08:30,09:20,09:24,10:39,54.3,55,Clear,High,8,False,False,79.2,1h 19m 12s
T101,2024-02-21,Wednesday,Durgapur,Asansol,09:20,10:00,10:39,11:44,79.2,40,Clear,High,9,False,False,104.5,1h 44m 30s
T101,2024-02-21,Wednesday,Asansol,Dhanbad,10:00,11:00,11:44,13:07,104.5,60,Clear,High,10,False,False,127.8,2h 7m 48s
T102,2024-02-21,Wednesday,Howrah,Bardhaman,09:00,10:30,09:00,11:09,0.0,95,Clear,High,9,False,False,39.8,0h 39m 48s
T102,2024-02-21,Wednesday,Bardhaman,Durgapur,10:30,11:20,11:09,12:10,39.8,55,Clear,Medium,10,False,False,50.1,0h 50m 6s
T102,2024-02-21,Wednesday,Durgapur,Asansol,11:20,12:00,12:10,12:58,50.1,40,Clear,Low,11,False,False,59.0,0h 59m 0s
T102,2024-02-21,Wednesday,Asansol,Dhanbad,12:00,13:00,12:58,14:17,59.0,60,Fog,Low,12,False,False,77.2,1h 17m 12s
T103,2024-02-21,Wednesday,Howrah,Bardhaman,11:00,12:30,11:00,12:57,0.0,95,Clear,Medium,11,False,False,27.1,0h 27m 6s
T103,2024-02-21,Wednesday,Bardhaman,Durgapur,12:30,13:20,12:57,14:27,27.1,55,Rain,Medium,12,False,False,67.2,1h 7m 12s
T103,2024-02-21,Wednesday,Durgapur,Asansol,13:20,14:00,14:27,15:35,67.2,40,Rain,Low,13,False,False,95.9,1h 35m 54s
T103,2024-02-21,Wednesday,Asansol,Dhanbad,14:00,15:00,15:35,17:01,95.9,60,Clear,Medium,14,False,False,121.7,2h 1m 42s
T104,2024-02-21,Wednesday,Howrah,Bardhaman,13:00,14:30,13:00,14:32,0.0,95,Clear,Medium,13,False,False,2.3,0h 2m 18s
T104,2024-02-21,Wednesday,Bardhaman,Durgapur,14:30,15:20,14:32,15:23,2.3,55,Clear,Low,14,False,False,3.8,0h 3m 48s
T104,2024-02-21,Wednesday,Durgapur,Asansol,15:20,16:00,15:23,16:09,3.8,40,Clear,Medium,15,False,False,9.3,0h 9m 18s
T104,2024-02-21,Wednesday,Asansol,Dhanbad,16:00,17:00,16:09,17:26,9.3,60,Clear,Medium,16,False,False,26.2,0h 26m 12s
T105,2024-02-21,Wednesday,Howrah,Bardhaman,15:00,16:30,15:00,16:48,0.0,95,Clear,Medium,15,False,False,18.2,0h 18m 12s
T105,2024-02-21,Wednesday,Bardhaman,Durgapur,16:30,17:20,16:48,17:53,18.2,55,Clear,Medium,16,False,False,33.6,0h 33m 36s
T105,2024-02-21,Wednesday,Durgapur,Asansol,17:20,18:00,17:53,18:52,33.6,40,Clear,Medium,17,False,False,52.3,0h 52m 18s
T105,2024-02-21,Wednesday,Asansol,Dhanbad,18:00,19:00,18:52,20:21,52.3,60,Rain,Medium,18,False,False,81.3,1h 21m 18s
T106,2024-02-21,Wednesday,Howrah,Bardhaman,17:00,18:30,17:00,19:16,0.0,95,Clear,High,17,False,False,46.1,0h 46m 6s
T106,2024-02-21,Wednesday,Bardhaman,Durgapur,18:30,19:20,19:16,20:49,46.1,55,Clear,High,18,False,False,90.0,1h 30m 0s
T106,2024-02-21,Wednesday,Durgapur,Asansol,19:20,20:00,20:49,21:56,90.0,40,Clear,Medium,19,False,False,116.3,1h 56m 18s
T106,2024-02-21,Wednesday,Asansol,Dhanbad,20:00,21:00,21:56,23:31,116.3,60,Clear,High,20,False,False,151.6,2h 31m 36s
T107,2024-02-21,Wednesday,Howrah,Bardhaman,19:00,20:30,19:00,21:15,0.0,95,Fog,High,19,False,False,45.6,0h 45m 36s
T107,2024-02-21,Wednesday,Bardhaman,Durgapur,20:30,21:20,21:15,22:13,45.6,55,Clear,Low,20,False,False,53.0,0h 53m 0s
T107,2024-02-21,Wednesday,Durgapur,Asansol,21:20,22:00,22:13,23:06,53.0,40,Clear,Low,21,False,False,66.9,1h 6m 54s
T107,2024-02-21,Wednesday,Asansol,Dhanbad,22:00,23:00,23:06,00:31,66.9,60,Clear,Medium,22,False,False,91.3,1h 31m 18s
T100,2024-02-22,Thursday,Howrah,Bardhaman,05:00,06:30,05:00,06:37,0.0,95,Clear,Low,5,False,False,7.5,0h 7m 30s
T100,2024-02-22,Thursday,Bardhaman,Durgapur,06:30,07:20,06:37,07:44,7.5,55,Clear,High,6,False,False,24.8,0h 24m 48s
T100,2024-02-22,Thursday,Durgapur,Asansol,07:20,08:00,07:44,08:53,24.8,40,Clear,High,7,False,False,53.1,0h 53m 6s
T100,2024-02-22,Thursday,Asansol,Dhanbad,08:00,09:00,08:53,10:22,53.1,60,Fog,High,8,False,False,82.1,1h 22m 6s
T101,2024-02-22,Thursday,Howrah,Bardhaman,07:00,08:30,07:00,08:52,0.0,95,Clear,High,7,False,False,22.3,0h 22m 18s
T101,2024-02-22,Thursday,Bardhaman,Durgapur,08:30,09:20,08:52,10:02,22.3,55,Fog,Medium,8,False,False,42.9,0h 42m 54s
T101,2024-02-22,Thursday,Durgapur,Asansol,09:20,10:00,10:02,11:00,42.9,40,Clear,Medium,9,False,False,60.9,1h 0m 54s
T101,2024-02-22,Thursday,Asansol,Dhanbad,10:00,11:00,11:00,12:12,60.9,60,Clear,Medium,10,False,False,72.5,1h 12m 30s
T102,2024-02-22,Thursday,Howrah,Bardhaman,09:00,10:30,09:00,10:49,0.0,95,Clear,High,9,False,False,19.1,0h 19m 6s
T102,2024-02-22,Thursday,Bardhaman,Durgapur,10:30,11:20,10:49,11:54,19.1,55,Clear,Medium,10,False,False,34.7,0h 34m 42s
T102,2024-02-22,Thursday,Durgapur,Asansol,11:20,12:00,11:54,12:51,34.7,40,Rain,Low,11,False,False,51.6,0h 51m 36s
T102,2024-02-22,Thursday,Asansol,Dhanbad,12:00,13:00,12:51,14:14,51.6,60,Clear,Medium,12,False,False,74.1,1h 14m 6s
T103,2024-02-22,Thursday,Howrah,Bardhaman,11:00,12:30,11:00,12:54,0.0,95,Clear,Low,11,False,False,24.3,0h 24m 18s
T103,2024-02-22,Thursday,Bardhaman,Durgapur,12:30,13:20,12:54,14:17,24.3,55,Clear,Medium,12,False,False,57.1,0h 57m 6s
T103,2024-02-22,Thursday,Durgapur,Asansol,13:20,14:00,14:17,15:16,57.1,40,Clear,Low,13,False,False,76.4,1h 16m 24s
T103,2024-02-22,Thursday,Asansol,Dhanbad,14:00,15:00,15:16,16:46,76.4,60,Rain,Medium,14,False,False,106.7,1h 46m 42s
T104,2024-02-22,Thursday,Howrah,Bardhaman,13:00,14:30,13:00,14:46,0.0,95,Rain,Low,13,False,False,16.3,0h 16m 18s
T104,2024-02-22,Thursday,Bardhaman,Durgapur,14:30,15:20,14:46,15:58,16.3,55,Clear,High,14,False,False,38.9,0h 38m 54s
T104,2024-02-22,Thursday,Durgapur,Asansol,15:20,16:00,15:58,16:45,38.9,40,Clear,Low,15,False,False,45.8,0h 45m 48s
T104,2024-02-22,Thursday,Asansol,Dhanbad,16:00,17:00,16:45,17:46,45.8,60,Clear,Low,16,False,False,46.3,0h 46m 18s
T105,2024-02-22,Thursday,Howrah,Bardhaman,15:00,16:30,15:00,16:38,0.0,95,Fog,Low,15,False,False,8.6,0h 8m 36s
T105,2024-02-22,Thursday,Bardhaman,Durgapur,16:30,17:20,16:38,17:33,8.6,55,Clear,Low,16,False,False,13.7,0h 13m 42s
T105,2024-02-22,Thursday,Durgapur,Asansol,17:20,18:00,17:33,18:17,13.7,40,Clear,Low,17,False,False,17.7,0h 17m 42s
T105,2024-02-22,Thursday,Asansol,Dhanbad,18:00,19:00,18:17,19:20,17.7,60,Clear,Low,18,False,False,20.4,0h 20m 24s
T106,2024-02-22,Thursday,Howrah,Bardhaman,17:00,18:30,17:00,19:00,0.0,95,Clear,High,17,False,False,31.0,0h 31m 0s
T106,2024-02-22,Thursday,Bardhaman,Durgapur,18:30,19:20,19:00,20:24,31.0,55,Clear,Medium,18,False,False,64.4,1h 4m 24s
T106,2024-02-22,Thursday,Durgapur,Asansol,19:20,20:00,20:24,21:36,64.4,40,Clear,High,19,False,False,96.8,1h 36m 48s
T106,2024-02-22,Thursday,Asansol,Dhanbad,20:00,21:00,21:36,22:55,96.8,60,Clear,Low,20,False,False,115.8,1h 55m 48s
T107,2024-02-22,Thursday,Howrah,Bardhaman,19:00,20:30,19:00,21:02,0.0,95,Clear,High,19,False,False,32.6,0h 32m 36s
T107,2024-02-22,Thursday,Bardhaman,Durgapur,20:30,21:20,21:02,22:08,32.6,55,Clear,Low,20,False,False,48.1,0h 48m 6s
T107,2024-02-22,Thursday,Durgapur,Asansol,21:20,22:00,22:08,23:22,48.1,40,Clear,High,21,False,False,82.8,1h 22m 48s
T107,2024-02-22,Thursday,Asansol,Dhanbad,22:00,23:00,23:22,00:39,82.8,60,Clear,Low,22,False,False,99.8,1h 39m 48s
T100,2024-02-23,Friday,Howrah,Bardhaman,05:00,06:30,05:00,07:07,0.0,95,Rain,Medium,5,False,False,37.1,0h 37m 6s
T100,2024-02-23,Friday,Bardhaman,Durgapur,06:30,07:20,07:07,08:03,37.1,55,Rain,Low,6,False,False,43.2,0h 43m 12s
T100,2024-02-23,Friday,Durgapur,Asansol,07:20,08:00,08:03,08:59,43.2,40,Clear,Medium,7,False,False,59.0,0h 59m 0s
T100,2024-02-23,Friday,Asansol,Dhanbad,08:00,09:00,08:59,10:12,59.0,60,Clear,Medium,8,False,False,72.9,1h 12m 54s
T101,2024-02-23,Friday,Howrah,Bardhaman,07:00,08:30,07:00,08:30,0.0,95,Clear,Low,7,False,False,0.0,0h 0m 0s
T101,2024-02-23,Friday,Bardhaman,Durgapur,08:30,09:20,08:30,09:50,0.0,55,Rain,Low,8,False,False,30.5,0h 30m 30s
T101,2024-02-23,Friday,Durgapur,Asansol,09:20,10:00,09:50,10:41,30.5,40,Clear,Medium,9,False,False,41.0,0h 41m 0s
T101,2024-02-23,Friday,Asansol,Dhanbad,10:00,11:00,10:41,11:47,41.0,60,Clear,Low,10,False,False,47.9,0h 47m 54s
T102,2024-02-23,Friday,Howrah,Bardhaman,09:00,10:30,09:00,10:58,0.0,95,Clear,High,9,False,False,28.9,0h 28m 54s
T102,2024-02-23,Friday,Bardhaman,Durgapur,10:30,11:20,10:58,11:55,28.9,55,Clear,Low,10,False,False,35.5,0h 35m 30s
T102,2024-02-23,Friday,Durgapur,Asansol,11:20,12:00,11:55,12:55,35.5,40,Clear,Medium,11,False,False,55.4,0h 55m 24s
T102,2024-02-23,Friday,Asansol,Dhanbad,12:00,13:00,12:55,14:18,55.4,60,Clear,Medium,12,False,False,78.9,1h 18m 54s
T103,2024-02-23,Friday,Howrah,Bardhaman,11:00,12:30,11:00,12:57,0.0,95,Clear,High,11,False,False,27.6,0h 27m 36s
T103,2024-02-23,Friday,Bardhaman,Durgapur,12:30,13:20,12:57,14:12,27.6,55,Clear,Medium,12,False,False,53.0,0h 53m 0s
T103,2024-02-23,Friday,Durgapur,Asansol,13:20,14:00,14:12,15:09,53.0,40,Clear,Low,13,False,False,69.7,1h 9m 42s
T103,2024-02-23,Friday,Asansol,Dhanbad,14:00,15:00,15:09,16:29,69.7,60,Clear,Low,14,False,False,89.8,1h 29m 48s
T104,2024-02-23,Friday,Howrah,Bardhaman,13:00,14:30,13:00,14:30,0.0,95,Clear,Low,13,False,False,0.0,0h 0m 0s
T104,2024-02-23,Friday,Bardhaman,Durgapur,14:30,15:20,14:30,15:24,0.0,55,Clear,Low,14,False,False,4.1,0h 4m 6s
T104,2024-02-23,Friday,Durgapur,Asansol,15:20,16:00,15:24,16:13,4.1,40,Clear,Medium,15,False,False,13.8,0h 13m 48s
T104,2024-02-23,Friday,Asansol,Dhanbad,16:00,17:00,16:13,17:28,13.8,60,Rain,Medium,16,False,False,28.8,0h 28m 48s
T105,2024-02-23,Friday,Howrah,Bardhaman,15:00,16:30,15:00,16:37,0.0,95,Clear,Medium,15,False,False,7.9,0h 7m 54s
T105,2024-02-23,Friday,Bardhaman,Durgapur,16:30,17:20,16:37,17:27,7.9,55,Clear,Medium,16,False,False,7.9,0h 7m 54s
T105,2024-02-23,Friday,Durgapur,Asansol,17:20,18:00,17:27,18:28,7.9,40,Clear,High,17,False,False,28.0,0h 28m 0s
T105,2024-02-23,Friday,Asansol,Dhanbad,18:00,19:00,18:28,19:46,28.0,60,Fog,Low,18,False,False,46.5,0h 46m 30s
T106,2024-02-23,Friday,Howrah,Bardhaman,17:00,18:30,17:00,19:28,0.0,95,Rain,High,17,False,False,58.4,0h 58m 24s
T106,2024-02-23,Friday,Bardhaman,Durgapur,18:30,19:20,19:28,20:35,58.4,55,Clear,Low,18,False,False,75.1,1h 15m 6s
T106,2024-02-23,Friday,Durgapur,Asansol,19:20,20:00,20:35,21:57,75.1,40,Clear,High,19,False,False,117.8,1h 57m 48s
T106,2024-02-23,Friday,Asansol,Dhanbad,20:00,21:00,21:57,23:15,117.8,60,Clear,Low,20,False,False,135.7,2h 15m 42s
T107,2024-02-23,Friday,Howrah,Bardhaman,19:00,20:30,19:00,20:51,0.0,95,Clear,High,19,False,False,21.7,0h 21m 42s
T107,2024-02-23,Friday,Bardhaman,Durgapur,20:30,21:20,20:51,22:24,21.7,55,Fog,Medium,20,False,False,64.8,1h 4m 48s
T107,2024-02-23,Friday,Durgapur,Asansol,21:20,22:00,22:24,23:14,64.8,40,Clear,Low,21,False,False,74.7,1h 14m 42s
T107,2024-02-23,Friday,Asansol,Dhanbad,22:00,23:00,23:14,00:37,74.7,60,Clear,Medium,22,False,False,97.2,1h 37m 12s
T100,2024-02-24,Saturday,Howrah,Bardhaman,05:00,06:30,05:00,06:47,0.0,95,Rain,Medium,5,True,False,17.2,0h 17m 12s
T100,2024-02-24,Saturday,Bardhaman,Durgapur,06:30,07:20,06:47,07:41,17.2,55,Clear,Low,6,True,False,21.4,0h 21m 24s
T100,2024-02-24,Saturday,Durgapur,Asansol,07:20,08:00,07:41,08:51,21.4,40,Fog,Low,7,True,False,52.0,0h 52m 0s
T100,2024-02-24,Saturday,Asansol,Dhanbad,08:00,09:00,08:51,10:27,52.0,60,Fog,Medium,8,True,False,87.0,1h 27m 0s
T101,2024-02-24,Saturday,Howrah,Bardhaman,07:00,08:30,07:00,08:42,0.0,95,Rain,Low,7,True,False,12.8,0h 12m 48s
T101,2024-02-24,Saturday,Bardhaman,Durgapur,08:30,09:20,08:42,09:39,12.8,55,Rain,Low,8,True,False,19.4,0h 19m 24s
T101,2024-02-24,Saturday,Durgapur,Asansol,09:20,10:00,09:39,10:22,19.4,40,Clear,Medium,9,True,False,22.8,0h 22m 48s
T101,2024-02-24,Saturday,Asansol,Dhanbad,10:00,11:00,10:22,11:34,22.8,60,Clear,Medium,10,True,False,34.1,0h 34m 6s
T102,2024-02-24,Saturday,Howrah,Bardhaman,09:00,10:30,09:00,10:46,0.0,95,Clear,Medium,9,True,False,16.5,0h 16m 30s
T102,2024-02-24,Saturday,Bardhaman,Durgapur,10:30,11:20,10:46,11:40,16.5,55,Clear,Low,10,True,False,20.6,0h 20m 36s
T102,2024-02-24,Saturday,Durgapur,Asansol,11:20,12:00,11:40,12:38,20.6,40,Clear,High,11,True,False,38.3,0h 38m 18s
T102,2024-02-24,Saturday,Asansol,Dhanbad,12:00,13:00,12:38,14:14,38.3,60,Clear,High,12,True,False,74.6,1h 14m 36s
T103,2024-02-24,Saturday,Howrah,Bardhaman,11:00,12:30,11:00,12:53,0.0,95,Clear,Low,11,True,False,23.2,0h 23m 12s
T103,2024-02-24,Saturday,Bardhaman,Durgapur,12:30,13:20,12:53,14:18,23.2,55,Clear,High,12,True,False,58.6,0h 58m 36s
T103,2024-02-24,Saturday,Durgapur,Asansol,13:20,14:00,14:18,15:22,58.6,40,Clear,Medium,13,True,False,82.2,1h 22m 12s
T103,2024-02-24,Saturday,Asansol,Dhanbad,14:00,15:00,15:22,16:46,82.2,60,Clear,Medium,14,True,False,106.3,1h 46m 18s
T104,2024-02-24,Saturday,Howrah,Bardhaman,13:00,14:30,13:00,14:38,0.0,95,Clear,Low,13,True,False,8.4,0h 8m 24s
T104,2024-02-24,Saturday,Bardhaman,Durgapur,14:30,15:20,14:38,15:32,8.4,55,Clear,Low,14,True,False,12.1,0h 12m 6s
T104,2024-02-24,Saturday,Durgapur,Asansol,15:20,16:00,15:32,16:44,12.1,40,Fog,Medium,15,True,False,44.4,0h 44m 24s
T104,2024-02-24,Saturday,Asansol,Dhanbad,16:00,17:00,16:44,17:57,44.4,60,Fog,Medium,16,True,False,57.5,0h 57m 30s
T105,2024-02-24,Saturday,Howrah,Bardhaman,15:00,16:30,15:00,16:38,0.0,95,Rain,Medium,15,True,False,8.7,0h 8m 42s
T105,2024-02-24,Saturday,Bardhaman,Durgapur,16:30,17:20,16:38,17:38,8.7,55,Rain,Low,16,True,False,18.6,0h 18m 36s
T105,2024-02-24,Saturday,Durgapur,Asansol,17:20,18:00,17:38,18:18,18.6,40,Clear,Low,17,True,False,18.6,0h 18m 36s
T105,2024-02-24,Saturday,Asansol,Dhanbad,18:00,19:00,18:18,19:18,18.6,60,Clear,Low,18,True,False,18.6,0h 18m 36s
T106,2024-02-24,Saturday,Howrah,Bardhaman,17:00,18:30,17:00,18:48,0.0,95,Clear,Low,17,True,False,18.6,0h 18m 36s
T106,2024-02-24,Saturday,Bardhaman,Durgapur,18:30,19:20,18:48,20:05,18.6,55,Clear,High,18,True,False,45.9,0h 45m 54s
T106,2024-02-24,Saturday,Durgapur,Asansol,19:20,20:00,20:05,21:19,45.9,40,Clear,High,19,True,False,79.5,1h 19m 30s
T106,2024-02-24,Saturday,Asansol,Dhanbad,20:00,21:00,21:19,22:41,79.5,60,Clear,Medium,20,True,False,101.7,1h 41m 42s
T107,2024-02-24,Saturday,Howrah,Bardhaman,19:00,20:30,19:00,20:35,0.0,95,Clear,Low,19,True,False,5.9,0h 5m 54s
T107,2024-02-24,Saturday,Bardhaman,Durgapur,20:30,21:20,20:35,21:44,5.9,55,Rain,Low,20,True,False,24.0,0h 24m 0s
T107,2024-02-24,Saturday,Durgapur,Asansol,21:20,22:00,21:44,22:31,24.0,40,Clear,Medium,21,True,False,31.9,0h 31m 54s
T107,2024-02-24,Saturday,Asansol,Dhanbad,22:00,23:00,22:31,23:34,31.9,60,Clear,Low,22,True,False,34.3,0h 34m 18s
T100,2024-02-25,Sunday,Howrah,Bardhaman,05:00,06:30,05:00,06:42,0.0,95,Rain,Medium,5,True,False,12.8,0h 12m 48s
T100,2024-02-25,Sunday,Bardhaman,Durgapur,06:30,07:20,06:42,07:34,12.8,55,Clear,Low,6,True,False,14.8,0h 14m 48s
T100,2024-02-25,Sunday,Durgapur,Asansol,07:20,08:00,07:34,08:37,14.8,40,Clear,High,7,True,False,37.8,0h 37m 48s
T100,2024-02-25,Sunday,Asansol,Dhanbad,08:00,09:00,08:37,09:42,37.8,60,Clear,Low,8,True,False,42.9,0h 42m 54s
T101,2024-02-25,Sunday,Howrah,Bardhaman,07:00,08:30,07:00,08:32,0.0,95,Clear,Low,7,True,False,2.1,0h 2m 6s
T101,2024-02-25,Sunday,Bardhaman,Durgapur,08:30,09:20,08:32,09:22,2.1,55,Clear,Low,8,True,False,2.1,0h 2m 6s
T101,2024-02-25,Sunday,Durgapur,Asansol,09:20,10:00,09:22,10:11,2.1,40,Fog,Low,9,True,False,11.7,0h 11m 42s
T101,2024-02-25,Sunday,Asansol,Dhanbad,10:00,11:00,10:11,11:14,11.7,60,Clear,Low,10,True,False,14.5,0h 14m 30s
T102,2024-02-25,Sunday,Howrah,Bardhaman,09:00,10:30,09:00,10:55,0.0,95,Clear,Medium,9,True,False,25.6,0h 25m 36s
T102,2024-02-25,Sunday,Bardhaman,Durgapur,10:30,11:20,10:55,11:51,25.6,55,Clear,Low,10,True,False,31.7,0h 31m 42s
T102,2024-02-25,Sunday,Durgapur,Asansol,11:20,12:00,11:51,12:47,31.7,40,Rain,Low,11,True,False,47.8,0h 47m 48s
T102,2024-02-25,Sunday,Asansol,Dhanbad,12:00,13:00,12:47,13:56,47.8,60,Clear,Medium,12,True,False,56.8,0h 56m 48s
T103,2024-02-25,Sunday,Howrah,Bardhaman,11:00,12:30,11:00,12:59,0.0,95,Rain,Medium,11,True,False,29.8,0h 29m 48s
T103,2024-02-25,Sunday,Bardhaman,Durgapur,12:30,13:20,12:59,14:15,29.8,55,Clear,Medium,12,True,False,55.0,0h 55m 0s
T103,2024-02-25,Sunday,Durgapur,Asansol,13:20,14:00,14:15,15:17,55.0,40,Clear,Medium,13,True,False,77.5,1h 17m 30s
T103,2024-02-25,Sunday,Asansol,Dhanbad,14:00,15:00,15:17,16:55,77.5,60,Rain,High,14,True,False,115.3,1h 55m 18s
T104,2024-02-25,Sunday,Howrah,Bardhaman,13:00,14:30,13:00,15:03,0.0,95,Clear,High,13,True,False,33.3,0h 33m 18s
T104,2024-02-25,Sunday,Bardhaman,Durgapur,14:30,15:20,15:03,16:00,33.3,55,Clear,Medium,14,True,False,40.5,0h 40m 30s
T104,2024-02-25,Sunday,Durgapur,Asansol,15:20,16:00,16:00,16:42,40.5,40,Clear,Low,15,True,False,42.5,0h 42m 30s
T104,2024-02-25,Sunday,Asansol,Dhanbad,16:00,17:00,16:42,17:59,42.5,60,Clear,Medium,16,True,False,59.1,0h 59m 6s
T105,2024-02-25,Sunday,Howrah,Bardhaman,15:00,16:30,15:00,16:51,0.0,95,Clear,High,15,True,False,21.3,0h 21m 18s
T105,2024-02-25,Sunday,Bardhaman,Durgapur,16:30,17:20,16:51,17:43,21.3,55,Rain,Low,16,True,False,23.7,0h 23m 42s
T105,2024-02-25,Sunday,Durgapur,Asansol,17:20,18:00,17:43,18:42,23.7,40,Fog,Medium,17,True,False,43.0,0h 43m 0s
T105,2024-02-25,Sunday,Asansol,Dhanbad,18:00,19:00,18:42,19:42,43.0,60,Clear,Low,18,True,False,43.0,0h 43m 0s
T106,2024-02-25,Sunday,Howrah,Bardhaman,17:00,18:30,17:00,18:49,0.0,95,Clear,Low,17,True,False,19.4,0h 19m 24s
T106,2024-02-25,Sunday,Bardhaman,Durgapur,18:30,19:20,18:49,19:54,19.4,55,Clear,Low,18,True,False,34.4,0h 34m 24s
T106,2024-02-25,Sunday,Durgapur,Asansol,19:20,20:00,19:54,20:44,34.4,40,Clear,Low,19,True,False,44.6,0h 44m 36s
T106,2024-02-25,Sunday,Asansol,Dhanbad,20:00,21:00,20:44,22:00,44.6,60,Clear,Low,20,True,False,60.2,1h 0m 12s
T107,2024-02-25,Sunday,Howrah,Bardhaman,19:00,20:30,19:00,20:46,0.0,95,Rain,Low,19,True,False,16.9,0h 16m 54s
T107,2024-02-25,Sunday,Bardhaman,Durgapur,20:30,21:20,20:46,21:44,16.9,55,Clear,Low,20,True,False,24.5,0h 24m 30s
T107,2024-02-25,Sunday,Durgapur,Asansol,21:20,22:00,21:44,22:52,24.5,40,Clear,High,21,True,False,52.0,0h 52m 0s
T107,2024-02-25,Sunday,Asansol,Dhanbad,22:00,23:00,22:52,00:11,52.0,60,Clear,Medium,22,True,False,72.0,1h 12m 0s
T100,2024-02-26,Monday,Howrah,Bardhaman,05:00,06:30,05:00,07:03,0.0,95,Fog,Low,5,False,False,33.4,0h 33m 24s
T100,2024-02-26,Monday,Bardhaman,Durgapur,06:30,07:20,07:03,08:20,33.4,55,Rain,Medium,6,False,False,60.3,1h 0m 18s
T100,2024-02-26,Monday,Durgapur,Asansol,07:20,08:00,08:20,09:17,60.3,40,Rain,Low,7,False,False,77.2,1h 17m 12s
T100,2024-02-26,Monday,Asansol,Dhanbad,08:00,09:00,09:17,10:39,77.2,60,Clear,Medium,8,False,False,99.6,1h 39m 36s
T101,2024-02-26,Monday,Howrah,Bardhaman,07:00,08:30,07:00,08:33,0.0,95,Clear,Medium,7,False,False,3.4,0h 3m 24s
T101,2024-02-26,Monday,Bardhaman,Durgapur,08:30,09:20,08:33,09:53,3.4,55,Clear,High,8,False,False,33.6,0h 33m 36s
T101,2024-02-26,Monday,Durgapur,Asansol,09:20,10:00,09:53,10:56,33.6,40,Clear,High,9,False,False,56.6,0h 56m 36s
T101,2024-02-26,Monday,Asansol,Dhanbad,10:00,11:00,10:56,12:01,56.6,60,Clear,Low,10,False,False,61.3,1h 1m 18s
T102,2024-02-26,Monday,Howrah,Bardhaman,09:00,10:30,09:00,10:51,0.0,95,Clear,High,9,False,False,21.8,0h 21m 48s
T102,2024-02-26,Monday,Bardhaman,Durgapur,10:30,11:20,10:51,11:47,21.8,55,Clear,Low,10,False,False,27.1,0h 27m 6s
T102,2024-02-26,Monday,Durgapur,Asansol,11:20,12:00,11:47,12:40,27.1,40,Clear,Low,11,False,False,40.8,0h 40m 48s
T102,2024-02-26,Monday,Asansol,Dhanbad,12:00,13:00,12:40,14:05,40.8,60,Clear,High,12,False,False,65.4,1h 5m 24s
T103,2024-02-26,Monday,Howrah,Bardhaman,11:00,12:30,11:00,12:57,0.0,95,Fog,Low,11,False,False,27.4,0h 27m 24s
T103,2024-02-26,Monday,Bardhaman,Durgapur,12:30,13:20,12:57,14:06,27.4,55,Clear,Low,12,False,False,46.5,0h 46m 30s
T103,2024-02-26,Monday,Durgapur,Asansol,13:20,14:00,14:06,15:05,46.5,40,Clear,Low,13,False,False,65.6,1h 5m 36s
T103,2024-02-26,Monday,Asansol,Dhanbad,14:00,15:00,15:05,16:59,65.6,60,Rain,High,14,False,False,119.9,1h 59m 54s
T104,2024-02-26,Monday,Howrah,Bardhaman,13:00,14:30,13:00,14:44,0.0,95,Clear,Low,13,False,False,14.4,0h 14m 24s
T104,2024-02-26,Monday,Bardhaman,Durgapur,14:30,15:20,14:44,15:34,14.4,55,Clear,Low,14,False,False,14.4,0h 14m 24s
T104,2024-02-26,Monday,Durgapur,Asansol,15:20,16:00,15:34,16:37,14.4,40,Clear,High,15,False,False,37.7,0h 37m 42s
T104,2024-02-26,Monday,Asansol,Dhanbad,16:00,17:00,16:37,17:37,37.7,60,Clear,Low,16,False,False,37.7,0h 37m 42s
T105,2024-02-26,Monday,Howrah,Bardhaman,15:00,16:30,15:00,16:42,0.0,95,Rain,Medium,15,False,False,12.5,0h 12m 30s
T105,2024-02-26,Monday,Bardhaman,Durgapur,16:30,17:20,16:42,17:36,12.5,55,Clear,Low,16,False,False,16.9,0h 16m 54s
T105,2024-02-26,Monday,Durgapur,Asansol,17:20,18:00,17:36,18:24,16.9,40,Clear,Medium,17,False,False,24.2,0h 24m 12s
T105,2024-02-26,Monday,Asansol,Dhanbad,18:00,19:00,18:24,19:43,24.2,60,Clear,High,18,False,False,44.0,0h 44m 0s
T106,2024-02-26,Monday,Howrah,Bardhaman,17:00,18:30,17:00,18:57,0.0,95,Clear,High,17,False,False,27.6,0h 27m 36s
T106,2024-02-26,Monday,Bardhaman,Durgapur,18:30,19:20,18:57,20:27,27.6,55,Clear,High,18,False,False,67.1,1h 7m 6s
T106,2024-02-26,Monday,Durgapur,Asansol,19:20,20:00,20:27,21:46,67.1,40,Clear,High,19,False,False,106.1,1h 46m 6s
T106,2024-02-26,Monday,Asansol,Dhanbad,20:00,21:00,21:46,23:02,106.1,60,Clear,Low,20,False,False,122.1,2h 2m 6s
T107,2024-02-26,Monday,Howrah,Bardhaman,19:00,20:30,19:00,21:19,0.0,95,Fog,Medium,19,False,False,49.1,0h 49m 6s
T107,2024-02-26,Monday,Bardhaman,Durgapur,20:30,21:20,21:19,22:39,49.1,55,Fog,Low,20,False,False,79.3,1h 19m 18s
T107,2024-02-26,Monday,Durgapur,Asansol,21:20,22:00,22:39,23:46,79.3,40,Fog,Low,21,False,False,106.1,1h 46m 6s
T107,2024-02-26,Monday,Asansol,Dhanbad,22:00,23:00,23:46,00:55,106.1,60,Clear,Low,22,False,False,115.1,1h 55m 6s
T100,2024-02-27,Tuesday,Howrah,Bardhaman,05:00,06:30,05:00,06:34,0.0,95,Clear,Low,5,False,False,4.6,0h 4m 36s
T100,2024-02-27,Tuesday,Bardhaman,Durgapur,06:30,07:20,06:34,07:51,4.6,55,Rain,Medium,6,False,False,31.1,0h 31m 6s
T100,2024-02-27,Tuesday,Durgapur,Asansol,07:20,08:00,07:51,08:50,31.1,40,Clear,Medium,7,False,False,50.5,0h 50m 30s
T100,2024-02-27,Tuesday,Asansol,Dhanbad,08:00,09:00,08:50,10:23,50.5,60,Clear,High,8,False,False,83.7,1h 23m 42s
T101,2024-02-27,Tuesday,Howrah,Bardhaman,07:00,08:30,07:00,08:51,0.0,95,Rain,Medium,7,False,False,21.8,0h 21m 48s
T101,2024-02-27,Tuesday,Bardhaman,Durgapur,08:30,09:20,08:51,10:06,21.8,55,Clear,High,8,False,False,46.2,0h 46m 12s
T101,2024-02-27,Tuesday,Durgapur,Asansol,09:20,10:00,10:06,10:49,46.2,40,Clear,Medium,9,False,False,49.7,0h 49m 42s
T101,2024-02-27,Tuesday,Asansol,Dhanbad,10:00,11:00,10:49,12:15,49.7,60,Clear,High,10,False,False,75.2,1h 15m 12s
T102,2024-02-27,Tuesday,Howrah,Bardhaman,09:00,10:30,09:00,11:00,0.0,95,Clear,High,9,False,False,30.5,0h 30m 30s
T102,2024-02-27,Tuesday,Bardhaman,Durgapur,10:30,11:20,11:00,12:15,30.5,55,Clear,Medium,10,False,False,55.8,0h 55m 48s
T102,2024-02-27,Tuesday,Durgapur,Asansol,11:20,12:00,12:15,13:08,55.8,40,Clear,Low,11,False,False,68.3,1h 8m 18s
T102,2024-02-27,Tuesday,Asansol,Dhanbad,12:00,13:00,13:08,14:18,68.3,60,Clear,Low,12,False,False,78.1,1h 18m 6s
T103,2024-02-27,Tuesday,Howrah,Bardhaman,11:00,12:30,11:00,12:45,0.0,95,Clear,Low,11,False,False,15.2,0h 15m 12s
T103,2024-02-27,Tuesday,Bardhaman,Durgapur,12:30,13:20,12:45,14:03,15.2,55,Clear,Medium,12,False,False,43.5,0h 43m 30s
T103,2024-02-27,Tuesday,Durgapur,Asansol,13:20,14:00,14:03,15:28,43.5,40,Fog,Low,13,False,False,88.5,1h 28m 30s
T103,2024-02-27,Tuesday,Asansol,Dhanbad,14:00,15:00,15:28,16:46,88.5,60,Clear,Low,14,False,False,106.6,1h 46m 36s
T104,2024-02-27,Tuesday,Howrah,Bardhaman,13:00,14:30,13:00,15:01,0.0,95,Clear,High,13,False,False,31.1,0h 31m 6s
T104,2024-02-27,Tuesday,Bardhaman,Durgapur,14:30,15:20,15:01,16:07,31.1,55,Clear,Medium,14,False,False,47.5,0h 47m 30s
T104,2024-02-27,Tuesday,Durgapur,Asansol,15:20,16:00,16:07,16:59,47.5,40,Clear,Medium,15,False,False,59.0,0h 59m 0s
T104,2024-02-27,Tuesday,Asansol,Dhanbad,16:00,17:00,16:59,17:59,59.0,60,Clear,Low,16,False,False,59.0,0h 59m 0s
T105,2024-02-27,Tuesday,Howrah,Bardhaman,15:00,16:30,15:00,16:48,0.0,95,Clear,Medium,15,False,False,19.0,0h 19m 0s
T105,2024-02-27,Tuesday,Bardhaman,Durgapur,16:30,17:20,16:48,18:00,19.0,55,Rain,Medium,16,False,False,40.8,0h 40m 48s
T105,2024-02-27,Tuesday,Durgapur,Asansol,17:20,18:00,18:00,18:49,40.8,40,Clear,High,17,False,False,49.5,0h 49m 30s
T105,2024-02-27,Tuesday,Asansol,Dhanbad,18:00,19:00,18:49,19:53,49.5,60,Clear,Medium,18,False,False,53.9,0h 53m 54s
T106,2024-02-27,Tuesday,Howrah,Bardhaman,17:00,18:30,17:00,18:55,0.0,95,Rain,Low,17,False,False,25.3,0h 25m 18s
T106,2024-02-27,Tuesday,Bardhaman,Durgapur,18:30,19:20,18:55,20:05,25.3,55,Clear,Low,18,False,False,45.4,0h 45m 24s
T106,2024-02-27,Tuesday,Durgapur,Asansol,19:20,20:00,20:05,21:04,45.4,40,Rain,Medium,19,False,False,64.7,1h 4m 42s
T106,2024-02-27,Tuesday,Asansol,Dhanbad,20:00,21:00,21:04,22:53,64.7,60,Rain,Medium,20,False,False,113.7,1h 53m 42s
T107,2024-02-27,Tuesday,Howrah,Bardhaman,19:00,20:30,19:00,20:49,0.0,95,Clear,High,19,False,False,19.5,0h 19m 30s
T107,2024-02-27,Tuesday,Bardhaman,Durgapur,20:30,21:20,20:49,22:04,19.5,55,Clear,Medium,20,False,False,44.8,0h 44m 48s
T107,2024-02-27,Tuesday,Durgapur,Asansol,21:20,22:00,22:04,22:58,44.8,40,Rain,Low,21,False,False,58.4,0h 58m 24s
T107,2024-02-27,Tuesday,Asansol,Dhanbad,22:00,23:00,22:58,00:06,58.4,60,Clear,Low,22,False,False,66.0,1h 6m 0s
T100,2024-02-28,Wednesday,Howrah,Bardhaman,05:00,06:30,05:00,07:04,0.0,95,Clear,High,5,False,False,34.8,0h 34m 48s
T100,2024-02-28,Wednesday,Bardhaman,Durgapur,06:30,07:20,07:04,08:27,34.8,55,Fog,Low,6,False,False,67.2,1h 7m 12s
T100,2024-02-28,Wednesday,Durgapur,Asansol,07:20,08:00,08:27,09:40,67.2,40,Clear,High,7,False,False,100.8,1h 40m 48s
T100,2024-02-28,Wednesday,Asansol,Dhanbad,08:00,09:00,09:40,11:03,100.8,60,Clear,High,8,False,False,123.0,2h 3m 0s
T101,2024-02-28,Wednesday,Howrah,Bardhaman,07:00,08:30,07:00,08:58,0.0,95,Clear,High,7,False,False,28.1,0h 28m 6s
T101,2024-02-28,Wednesday,Bardhaman,Durgapur,08:30,09:20,08:58,10:41,28.1,55,Rain,High,8,False,False,81.5,1h 21m 30s
T101,2024-02-28,Wednesday,Durgapur,Asansol,09:20,10:00,10:41,11:33,81.5,40,Clear,Medium,9,False,False,93.6,1h 33m 36s
T101,2024-02-28,Wednesday,Asansol,Dhanbad,10:00,11:00,11:33,12:42,93.6,60,Clear,Low,10,False,False,102.6,1h 42m 36s
T102,2024-02-28,Wednesday,Howrah,Bardhaman,09:00,10:30,09:00,10:40,0.0,95,Clear,Medium,9,False,False,10.5,0h 10m 30s
T102,2024-02-28,Wednesday,Bardhaman,Durgapur,10:30,11:20,10:40,11:39,10.5,55,Clear,Medium,10,False,False,19.5,0h 19m 30s
T102,2024-02-28,Wednesday,Durgapur,Asansol,11:20,12:00,11:39,12:25,19.5,40,Clear,Low,11,False,False,25.8,0h 25m 48s
T102,2024-02-28,Wednesday,Asansol,Dhanbad,12:00,13:00,12:25,13:31,25.8,60,Clear,Low,12,False,False,31.5,0h 31m 30s
T103,2024-02-28,Wednesday,Howrah,Bardhaman,11:00,12:30,11:00,12:54,0.0,95,Clear,Medium,11,False,False,24.4,0h 24m 24s
T103,2024-02-28,Wednesday,Bardhaman,Durgapur,12:30,13:20,12:54,14:03,24.4,55,Clear,Medium,12,False,False,43.5,0h 43m 30s
T103,2024-02-28,Wednesday,Durgapur,Asansol,13:20,14:00,14:03,15:01,43.5,40,Clear,Low,13,False,False,61.6,1h 1m 36s
T103,2024-02-28,Wednesday,Asansol,Dhanbad,14:00,15:00,15:01,16:16,61.6,60,Clear,Low,14,False,False,76.5,1h 16m 30s
T104,2024-02-28,Wednesday,Howrah,Bardhaman,13:00,14:30,13:00,14:37,0.0,95,Clear,Medium,13,False,False,7.1,0h 7m 6s
T104,2024-02-28,Wednesday,Bardhaman,Durgapur,14:30,15:20,14:37,15:35,7.1,55,Clear,Medium,14,False,False,15.2,0h 15m 12s
T104,2024-02-28,Wednesday,Durgapur,Asansol,15:20,16:00,15:35,16:22,15.2,40,Clear,Low,15,False,False,22.1,0h 22m 6s
T104,2024-02-28,Wednesday,Asansol,Dhanbad,16:00,17:00,16:22,17:22,22.1,60,Clear,Low,16,False,False,22.6,0h 22m 36s
T105,2024-02-28,Wednesday,Howrah,Bardhaman,15:00,16:30,15:00,16:43,0.0,95,Clear,Medium,15,False,False,13.8,0h 13m 48s
T105,2024-02-28,Wednesday,Bardhaman,Durgapur,16:30,17:20,16:43,17:38,13.8,55,Clear,Medium,16,False,False,18.3,0h 18m 18s
T105,2024-02-28,Wednesday,Durgapur,Asansol,17:20,18:00,17:38,18:45,18.3,40,Clear,High,17,False,False,45.0,0h 45m 0s
T105,2024-02-28,Wednesday,Asansol,Dhanbad,18:00,19:00,18:45,20:05,45.0,60,Clear,High,18,False,False,65.9,1h 5m 54s
T106,2024-02-28,Wednesday,Howrah,Bardhaman,17:00,18:30,17:00,19:24,0.0,95,Clear,High,17,False,False,54.3,0h 54m 18s
T106,2024-02-28,Wednesday,Bardhaman,Durgapur,18:30,19:20,19:24,20:59,54.3,55,Rain,High,18,False,False,99.5,1h 39m 30s
T106,2024-02-28,Wednesday,Durgapur,Asansol,19:20,20:00,20:59,22:08,99.5,40,Rain,High,19,False,False,128.8,2h 8m 48s
T106,2024-02-28,Wednesday,Asansol,Dhanbad,20:00,21:00,22:08,23:28,128.8,60,Clear,Low,20,False,False,148.1,2h 28m 6s
T107,2024-02-28,Wednesday,Howrah,Bardhaman,19:00,20:30,19:00,20:56,0.0,95,Clear,High,19,False,False,26.2,0h 26m 12s
T107,2024-02-28,Wednesday,Bardhaman,Durgapur,20:30,21:20,20:56,21:57,26.2,55,Clear,Low,20,False,False,37.2,0h 37m 12s
T107,2024-02-28,Wednesday,Durgapur,Asansol,21:20,22:00,21:57,22:54,37.2,40,Clear,Medium,21,False,False,54.0,0h 54m 0s
T107,2024-02-28,Wednesday,Asansol,Dhanbad,22:00,23:00,22:54,00:08,54.0,60,Clear,Low,22,False,False,68.2,1h 8m 12s
T100,2024-02-29,Thursday,Howrah,Bardhaman,05:00,06:30,05:00,06:55,0.0,95,Clear,Low,5,False,False,25.7,0h 25m 42s
T100,2024-02-29,Thursday,Bardhaman,Durgapur,06:30,07:20,06:55,07:51,25.7,55,Clear,Low,6,False,False,31.3,0h 31m 18s
T100,2024-02-29,Thursday,Durgapur,Asansol,07:20,08:00,07:51,08:48,31.3,40,Clear,Medium,7,False,False,48.6,0h 48m 36s
T100,2024-02-29,Thursday,Asansol,Dhanbad,08:00,09:00,08:48,10:11,48.6,60,Clear,High,8,False,False,71.4,1h 11m 24s
T101,2024-02-29,Thursday,Howrah,Bardhaman,07:00,08:30,07:00,08:52,0.0,95,Clear,High,7,False,False,22.6,0h 22m 36s
T101,2024-02-29,Thursday,Bardhaman,Durgapur,08:30,09:20,08:52,09:53,22.6,55,Clear,Medium,8,False,False,33.3,0h 33m 18s
T101,2024-02-29,Thursday,Durgapur,Asansol,09:20,10:00,09:53,10:48,33.3,40,Clear,High,9,False,False,48.7,0h 48m 42s
T101,2024-02-29,Thursday,Asansol,Dhanbad,10:00,11:00,10:48,12:25,48.7,60,Clear,High,10,False,False,85.1,1h 25m 6s
T102,2024-02-29,Thursday,Howrah,Bardhaman,09:00,10:30,09:00,10:58,0.0,95,Clear,High,9,False,False,28.2,0h 28m 12s
T102,2024-02-29,Thursday,Bardhaman,Durgapur,10:30,11:20,10:58,12:07,28.2,55,Clear,Medium,10,False,False,47.5,0h 47m 30s
T102,2024-02-29,Thursday,Durgapur,Asansol,11:20,12:00,12:07,12:56,47.5,40,Clear,Low,11,False,False,56.2,0h 56m 12s
T102,2024-02-29,Thursday,Asansol,Dhanbad,12:00,13:00,12:56,14:10,56.2,60,Clear,Medium,12,False,False,70.9,1h 10m 54s
T103,2024-02-29,Thursday,Howrah,Bardhaman,11:00,12:30,11:00,12:58,0.0,95,Rain,Low,11,False,False,28.4,0h 28m 24s
T103,2024-02-29,Thursday,Bardhaman,Durgapur,12:30,13:20,12:58,14:18,28.4,55,Clear,Medium,12,False,False,58.1,0h 58m 6s
T103,2024-02-29,Thursday,Durgapur,Asansol,13:20,14:00,14:18,15:14,58.1,40,Clear,Low,13,False,False,74.4,1h 14m 24s
T103,2024-02-29,Thursday,Asansol,Dhanbad,14:00,15:00,15:14,16:38,74.4,60,Rain,Low,14,False,False,99.0,1h 39m 0s
T104,2024-02-29,Thursday,Howrah,Bardhaman,13:00,14:30,13:00,14:37,0.0,95,Clear,Low,13,False,False,7.7,0h 7m 42s
T104,2024-02-29,Thursday,Bardhaman,Durgapur,14:30,15:20,14:37,15:29,7.7,55,Clear,Low,14,False,False,9.8,0h 9m 48s
T104,2024-02-29,Thursday,Durgapur,Asansol,15:20,16:00,15:29,16:14,9.8,40,Clear,Low,15,False,False,14.3,0h 14m 18s
T104,2024-02-29,Thursday,Asansol,Dhanbad,16:00,17:00,16:14,17:14,14.3,60,Clear,Low,16,False,False,14.5,0h 14m 30s
T105,2024-02-29,Thursday,Howrah,Bardhaman,15:00,16:30,15:00,16:46,0.0,95,Clear,Medium,15,False,False,16.8,0h 16m 48s
T105,2024-02-29,Thursday,Bardhaman,Durgapur,16:30,17:20,16:46,17:58,16.8,55,Fog,Low,16,False,False,38.7,0h 38m 42s
T105,2024-02-29,Thursday,Durgapur,Asansol,17:20,18:00,17:58,19:04,38.7,40,Clear,High,17,False,False,64.0,1h 4m 0s
T105,2024-02-29,Thursday,Asansol,Dhanbad,18:00,19:00,19:04,20:08,64.0,60,Clear,Low,18,False,False,68.8,1h 8m 48s
T106,2024-02-29,Thursday,Howrah,Bardhaman,17:00,18:30,17:00,19:23,0.0,95,Fog,High,17,False,False,53.8,0h 53m 48s
T106,2024-02-29,Thursday,Bardhaman,Durgapur,18:30,19:20,19:23,21:01,53.8,55,Clear,High,18,False,False,101.7,1h 41m 42s
T106,2024-02-29,Thursday,Durgapur,Asansol,19:20,20:00,21:01,22:30,101.7,40,Clear,High,19,False,False,150.4,2h 30m 24s
T106,2024-02-29,Thursday,Asansol,Dhanbad,20:00,21:00,22:30,23:42,150.4,60,Clear,Low,20,False,False,162.2,2h 42m 12s
T107,2024-02-29,Thursday,Howrah,Bardhaman,19:00,20:30,19:00,20:53,0.0,95,Fog,Medium,19,False,False,23.6,0h 23m 36s
T107,2024-02-29,Thursday,Bardhaman,Durgapur,20:30,21:20,20:53,21:53,23.6,55,Clear,Low,20,False,False,33.2,0h 33m 12s
T107,2024-02-29,Thursday,Durgapur,Asansol,21:20,22:00,21:53,22:45,33.2,40,Clear,Low,21,False,False,45.5,0h 45m 30s
T107,2024-02-29,Thursday,Asansol,Dhanbad,22:00,23:00,22:45,00:06,45.5,60,Clear,Medium,22,False,False,66.6,1h 6m 36s
T100,2024-03-01,Friday,Howrah,Bardhaman,05:00,06:30,05:00,06:45,0.0,95,Clear,Medium,5,False,False,15.8,0h 15m 48s
T100,2024-03-01,Friday,Bardhaman,Durgapur,06:30,07:20,06:45,07:45,15.8,55,Clear,Low,6,False,False,25.8,0h 25m 48s
T100,2024-03-01,Friday,Durgapur,Asansol,07:20,08:00,07:45,09:00,25.8,40,Clear,High,7,False,False,60.1,1h 0m 6s
T100,2024-03-01,Friday,Asansol,Dhanbad,08:00,09:00,09:00,11:01,60.1,60,Rain,High,8,False,False,121.9,2h 1m 54s
T101,2024-03-01,Friday,Howrah,Bardhaman,07:00,08:30,07:00,09:09,0.0,95,Clear,High,7,False,False,39.6,0h 39m 36s
T101,2024-03-01,Friday,Bardhaman,Durgapur,08:30,09:20,09:09,10:22,39.6,55,Rain,Medium,8,False,False,62.7,1h 2m 42s
T101,2024-03-01,Friday,Durgapur,Asansol,09:20,10:00,10:22,11:39,62.7,40,Clear,High,9,False,False,99.7,1h 39m 42s
T101,2024-03-01,Friday,Asansol,Dhanbad,10:00,11:00,11:39,12:46,99.7,60,Clear,Low,10,False,False,107.0,1h 47m 0s
T102,2024-03-01,Friday,Howrah,Bardhaman,09:00,10:30,09:00,10:57,0.0,95,Clear,High,9,False,False,27.9,0h 27m 54s
T102,2024-03-01,Friday,Bardhaman,Durgapur,10:30,11:20,10:57,12:16,27.9,55,Clear,High,10,False,False,56.9,0h 56m 54s
T102,2024-03-01,Friday,Durgapur,Asansol,11:20,12:00,12:16,13:16,56.9,40,Clear,Medium,11,False,False,76.2,1h 16m 12s
T102,2024-03-01,Friday,Asansol,Dhanbad,12:00,13:00,13:16,14:51,76.2,60,Clear,High,12,False,False,111.4,1h 51m 24s
T103,2024-03-01,Friday,Howrah,Bardhaman,11:00,12:30,11:00,12:42,0.0,95,Clear,Low,11,False,False,12.8,0h 12m 48s
T103,2024-03-01,Friday,Bardhaman,Durgapur,12:30,13:20,12:42,14:21,12.8,55,Rain,High,12,False,False,61.7,1h 1m 42s
T103,2024-03-01,Friday,Durgapur,Asansol,13:20,14:00,14:21,15:20,61.7,40,Clear,Medium,13,False,False,80.8,1h 20m 48s
T103,2024-03-01,Friday,Asansol,Dhanbad,14:00,15:00,15:20,16:37,80.8,60,Clear,Low,14,False,False,97.8,1h 37m 48s
T104,2024-03-01,Friday,Howrah,Bardhaman,13:00,14:30,13:00,15:03,0.0,95,Clear,High,13,False,False,33.1,0h 33m 6s
T104,2024-03-01,Friday,Bardhaman,Durgapur,14:30,15:20,15:03,16:03,33.1,55,Clear,Medium,14,False,False,43.0,0h 43m 0s
T104,2024-03-01,Friday,Durgapur,Asansol,15:20,16:00,16:03,17:01,43.0,40,Clear,Medium,15,False,False,61.5,1h 1m 30s
T104,2024-03-01,Friday,Asansol,Dhanbad,16:00,17:00,17:01,18:05,61.5,60,Clear,Low,16,False,False,65.3,1h 5m 18s
T105,2024-03-01,Friday,Howrah,Bardhaman,15:00,16:30,15:00,16:30,0.0,95,Clear,Low,15,False,False,0.0,0h 0m 0s
T105,2024-03-01,Friday,Bardhaman,Durgapur,16:30,17:20,16:30,17:33,0.0,55,Clear,Medium,16,False,False,13.4,0h 13m 24s
T105,2024-03-01,Friday,Durgapur,Asansol,17:20,18:00,17:33,18:29,13.4,40,Clear,Medium,17,False,False,29.9,0h 29m 54s
T105,2024-03-01,Friday,Asansol,Dhanbad,18:00,19:00,18:29,19:57,29.9,60,Clear,High,18,False,False,57.1,0h 57m 6s
T106,2024-03-01,Friday,Howrah,Bardhaman,17:00,18:30,17:00,19:07,0.0,95,Rain,High,17,False,False,37.1,0h 37m 6s
T106,2024-03-01,Friday,Bardhaman,Durgapur,18:30,19:20,19:07,20:17,37.1,55,Clear,High,18,False,False,58.0,0h 58m 0s
T106,2024-03-01,Friday,Durgapur,Asansol,19:20,20:00,20:17,21:39,58.0,40,Clear,High,19,False,False,99.6,1h 39m 36s
T106,2024-03-01,Friday,Asansol,Dhanbad,20:00,21:00,21:39,23:18,99.6,60,Clear,Medium,20,False,False,138.2,2h 18m 12s
T107,2024-03-01,Friday,Howrah,Bardhaman,19:00,20:30,19:00,20:47,0.0,95,Clear,Medium,19,False,False,17.8,0h 17m 48s
T107,2024-03-01,Friday,Bardhaman,Durgapur,20:30,21:20,20:47,21:56,17.8,55,Clear,Medium,20,False,False,36.8,0h 36m 48s
T107,2024-03-01,Friday,Durgapur,Asansol,21:20,22:00,21:56,23:01,36.8,40,Clear,High,21,False,False,61.6,1h 1m 36s
T107,2024-03-01,Friday,Asansol,Dhanbad,22:00,23:00,23:01,00:12,61.6,60,Clear,Low,22,False,False,72.3,1h 12m 18s
T100,2024-03-02,Saturday,Howrah,Bardhaman,05:00,06:30,05:00,06:30,0.0,95,Clear,Low,5,True,False,0.0,0h 0m 0s
T100,2024-03-02,Saturday,Bardhaman,Durgapur,06:30,07:20,06:30,07:21,0.0,55,Clear,Low,6,True,False,1.1,0h 1m 6s
T100,2024-03-02,Saturday,Durgapur,Asansol,07:20,08:00,07:21,08:13,1.1,40,Clear,Medium,7,True,False,13.5,0h 13m 30s
T100,2024-03-02,Saturday,Asansol,Dhanbad,08:00,09:00,08:13,09:33,13.5,60,Clear,High,8,True,False,33.0,0h 33m 0s
T101,2024-03-02,Saturday,Howrah,Bardhaman,07:00,08:30,07:00,08:39,0.0,95,Clear,Medium,7,True,False,9.7,0h 9m 42s
T101,2024-03-02,Saturday,Bardhaman,Durgapur,08:30,09:20,08:39,09:31,9.7,55,Clear,Low,8,True,False,11.9,0h 11m 54s
T101,2024-03-02,Saturday,Durgapur,Asansol,09:20,10:00,09:31,10:24,11.9,40,Rain,Low,9,True,False,24.3,0h 24m 18s
T101,2024-03-02,Saturday,Asansol,Dhanbad,10:00,11:00,10:24,11:34,24.3,60,Clear,Medium,10,True,False,34.5,0h 34m 30s
T102,2024-03-02,Saturday,Howrah,Bardhaman,09:00,10:30,09:00,10:30,0.0,95,Clear,Low,9,True,False,0.0,0h 0m 0s
T102,2024-03-02,Saturday,Bardhaman,Durgapur,10:30,11:20,10:30,11:24,0.0,55,Rain,Low,10,True,False,4.6,0h 4m 36s
T102,2024-03-02,Saturday,Durgapur,Asansol,11:20,12:00,11:24,12:23,4.6,40,Rain,Medium,11,True,False,23.6,0h 23m 36s
T102,2024-03-02,Saturday,Asansol,Dhanbad,12:00,13:00,12:23,13:40,23.6,60,Rain,Low,12,True,False,40.2,0h 40m 12s
T103,2024-03-02,Saturday,Howrah,Bardhaman,11:00,12:30,11:00,12:51,0.0,95,Clear,Medium,11,True,False,21.1,0h 21m 6s
T103,2024-03-02,Saturday,Bardhaman,Durgapur,12:30,13:20,12:51,13:56,21.1,55,Clear,Medium,12,True,False,36.4,0h 36m 24s
T103,2024-03-02,Saturday,Durgapur,Asansol,13:20,14:00,13:56,15:01,36.4,40,Fog,Low,13,True,False,61.2,1h 1m 12s
T103,2024-03-02,Saturday,Asansol,Dhanbad,14:00,15:00,15:01,16:18,61.2,60,Clear,Low,14,True,False,78.4,1h 18m 24s
T104,2024-03-02,Saturday,Howrah,Bardhaman,13:00,14:30,13:00,14:33,0.0,95,Clear,Medium,13,True,False,3.9,0h 3m 54s
T104,2024-03-02,Saturday,Bardhaman,Durgapur,14:30,15:20,14:33,15:23,3.9,55,Clear,Medium,14,True,False,3.9,0h 3m 54s
T104,2024-03-02,Saturday,Durgapur,Asansol,15:20,16:00,15:23,16:23,3.9,40,Clear,High,15,True,False,23.7,0h 23m 42s
T104,2024-03-02,Saturday,Asansol,Dhanbad,16:00,17:00,16:23,17:33,23.7,60,Rain,Low,16,True,False,33.4,0h 33m 24s
T105,2024-03-02,Saturday,Howrah,Bardhaman,15:00,16:30,15:00,16:51,0.0,95,Clear,High,15,True,False,21.5,0h 21m 30s
T105,2024-03-02,Saturday,Bardhaman,Durgapur,16:30,17:20,16:51,17:59,21.5,55,Clear,Medium,16,True,False,39.1,0h 39m 6s
T105,2024-03-02,Saturday,Durgapur,Asansol,17:20,18:00,17:59,18:39,39.1,40,Clear,Medium,17,True,False,39.1,0h 39m 6s
T105,2024-03-02,Saturday,Asansol,Dhanbad,18:00,19:00,18:39,19:39,39.1,60,Clear,Medium,18,True,False,39.1,0h 39m 6s
T106,2024-03-02,Saturday,Howrah,Bardhaman,17:00,18:30,17:00,19:07,0.0,95,Clear,Medium,17,True,False,37.1,0h 37m 6s
T106,2024-03-02,Saturday,Bardhaman,Durgapur,18:30,19:20,19:07,20:12,37.1,55,Clear,Low,18,True,False,52.7,0h 52m 42s
T106,2024-03-02,Saturday,Durgapur,Asansol,19:20,20:00,20:12,21:05,52.7,40,Clear,Low,19,True,False,66.0,1h 6m 0s
T106,2024-03-02,Saturday,Asansol,Dhanbad,20:00,21:00,21:05,22:27,66.0,60,Clear,Medium,20,True,False,87.6,1h 27m 36s
T107,2024-03-02,Saturday,Howrah,Bardhaman,19:00,20:30,19:00,20:38,0.0,95,Rain,Low,19,True,False,8.7,0h 8m 42s
T107,2024-03-02,Saturday,Bardhaman,Durgapur,20:30,21:20,20:38,21:45,8.7,55,Rain,Low,20,True,False,25.1,0h 25m 6s
T107,2024-03-02,Saturday,Durgapur,Asansol,21:20,22:00,21:45,22:40,25.1,40,Clear,Medium,21,True,False,40.1,0h 40m 6s
T107,2024-03-02,Saturday,Asansol,Dhanbad,22:00,23:00,22:40,23:49,40.1,60,Clear,Low,22,True,False,49.7,0h 49m 42s
T100,2024-03-03,Sunday,Howrah,Bardhaman,05:00,06:30,05:00,06:37,0.0,95,Clear,Low,5,True,False,7.8,0h 7m 48s
T100,2024-03-03,Sunday,Bardhaman,Durgapur,06:30,07:20,06:37,08:11,7.8,55,Rain,High,6,True,False,51.7,0h 51m 42s
T100,2024-03-03,Sunday,Durgapur,Asansol,07:20,08:00,08:11,09:25,51.7,40,Fog,Low,7,True,False,85.5,1h 25m 30s
T100,2024-03-03,Sunday,Asansol,Dhanbad,08:00,09:00,09:25,10:38,85.5,60,Clear,Medium,8,True,False,98.8,1h 38m 48s
T101,2024-03-03,Sunday,Howrah,Bardhaman,07:00,08:30,07:00,09:12,0.0,95,Fog,High,7,True,False,42.0,0h 42m 0s
T101,2024-03-03,Sunday,Bardhaman,Durgapur,08:30,09:20,09:12,10:21,42.0,55,Clear,Medium,8,True,False,61.0,1h 1m 0s
T101,2024-03-03,Sunday,Durgapur,Asansol,09:20,10:00,10:21,11:33,61.0,40,Rain,High,9,True,False,93.7,1h 33m 42s
T101,2024-03-03,Sunday,Asansol,Dhanbad,10:00,11:00,11:33,13:05,93.7,60,Clear,High,10,True,False,125.2,2h 5m 12s
T102,2024-03-03,Sunday,Howrah,Bardhaman,09:00,10:30,09:00,10:42,0.0,95,Clear,Low,9,True,False,12.7,0h 12m 42s
T102,2024-03-03,Sunday,Bardhaman,Durgapur,10:30,11:20,10:42,11:41,12.7,55,Clear,Low,10,True,False,21.1,0h 21m 6s
T102,2024-03-03,Sunday,Durgapur,Asansol,11:20,12:00,11:41,12:52,21.1,40,Clear,High,11,True,False,52.9,0h 52m 54s
T102,2024-03-03,Sunday,Asansol,Dhanbad,12:00,13:00,12:52,13:57,52.9,60,Clear,Low,12,True,False,57.8,0h 57m 48s
T103,2024-03-03,Sunday,Howrah,Bardhaman,11:00,12:30,11:00,12:36,0.0,95,Clear,Low,11,True,False,6.7,0h 6m 42s
T103,2024-03-03,Sunday,Bardhaman,Durgapur,12:30,13:20,12:36,13:47,6.7,55,Clear,Medium,12,True,False,27.5,0h 27m 30s
T103,2024-03-03,Sunday,Durgapur,Asansol,13:20,14:00,13:47,14:35,27.5,40,Clear,Medium,13,True,False,35.2,0h 35m 12s
T103,2024-03-03,Sunday,Asansol,Dhanbad,14:00,15:00,14:35,15:48,35.2,60,Clear,Low,14,True,False,48.9,0h 48m 54s
T104,2024-03-03,Sunday,Howrah,Bardhaman,13:00,14:30,13:00,14:39,0.0,95,Clear,Medium,13,True,False,9.1,0h 9m 6s
T104,2024-03-03,Sunday,Bardhaman,Durgapur,14:30,15:20,14:39,15:29,9.1,55,Clear,Low,14,True,False,9.8,0h 9m 48s
T104,2024-03-03,Sunday,Durgapur,Asansol,15:20,16:00,15:29,16:09,9.8,40,Clear,Low,15,True,False,9.8,0h 9m 48s
T104,2024-03-03,Sunday,Asansol,Dhanbad,16:00,17:00,16:09,17:20,9.8,60,Clear,Medium,16,True,False,20.2,0h 20m 12s
T105,2024-03-03,Sunday,Howrah,Bardhaman,15:00,16:30,15:00,16:51,0.0,95,Clear,Medium,15,True,False,21.4,0h 21m 24s
T105,2024-03-03,Sunday,Bardhaman,Durgapur,16:30,17:20,16:51,18:10,21.4,55,Fog,High,16,True,False,50.0,0h 50m 0s
T105,2024-03-03,Sunday,Durgapur,Asansol,17:20,18:00,18:10,18:52,50.0,40,Clear,Low,17,True,False,52.6,0h 52m 36s
T105,2024-03-03,Sunday,Asansol,Dhanbad,18:00,19:00,18:52,19:52,52.6,60,Clear,Low,18,True,False,52.6,0h 52m 36s
T106,2024-03-03,Sunday,Howrah,Bardhaman,17:00,18:30,17:00,18:37,0.0,95,Clear,Low,17,True,False,7.3,0h 7m 18s
T106,2024-03-03,Sunday,Bardhaman,Durgapur,18:30,19:20,18:37,19:50,7.3,55,Clear,Medium,18,True,False,30.3,0h 30m 18s
T106,2024-03-03,Sunday,Durgapur,Asansol,19:20,20:00,19:50,20:59,30.3,40,Clear,High,19,True,False,59.6,0h 59m 36s
T106,2024-03-03,Sunday,Asansol,Dhanbad,20:00,21:00,20:59,22:29,59.6,60,Fog,Medium,20,True,False,89.3,1h 29m 18s
T107,2024-03-03,Sunday,Howrah,Bardhaman,19:00,20:30,19:00,20:51,0.0,95,Clear,Medium,19,True,False,21.3,0h 21m 18s
T107,2024-03-03,Sunday,Bardhaman,Durgapur,20:30,21:20,20:51,21:56,21.3,55,Fog,Low,20,True,False,36.3,0h 36m 18s
T107,2024-03-03,Sunday,Durgapur,Asansol,21:20,22:00,21:56,23:13,36.3,40,Rain,Medium,21,True,False,73.8,1h 13m 48s
T107,2024-03-03,Sunday,Asansol,Dhanbad,22:00,23:00,23:13,00:35,73.8,60,Rain,Low,22,True,False,95.4,1h 35m 24s
T100,2024-03-04,Monday,Howrah,Bardhaman,05:00,06:30,05:00,06:47,0.0,95,Clear,Medium,5,False,False,17.2,0h 17m 12s
T100,2024-03-04,Monday,Bardhaman,Durgapur,06:30,07:20,06:47,08:07,17.2,55,Rain,Medium,6,False,False,47.3,0h 47m 18s
T100,2024-03-04,Monday,Durgapur,Asansol,07:20,08:00,08:07,09:16,47.3,40,Clear,High,7,False,False,76.3,1h 16m 18s
T100,2024-03-04,Monday,Asansol,Dhanbad,08:00,09:00,09:16,10:52,76.3,60,Rain,High,8,False,False,112.7,1h 52m 42s
T101,2024-03-04,Monday,Howrah,Bardhaman,07:00,08:30,07:00,08:52,0.0,95,Clear,High,7,False,False,22.1,0h 22m 6s
T101,2024-03-04,Monday,Bardhaman,Durgapur,08:30,09:20,08:52,10:04,22.1,55,Clear,High,8,False,False,45.0,0h 45m 0s
T101,2024-03-04,Monday,Durgapur,Asansol,09:20,10:00,10:04,10:51,45.0,40,Clear,Medium,9,False,False,51.7,0h 51m 42s
T101,2024-03-04,Monday,Asansol,Dhanbad,10:00,11:00,10:51,12:14,51.7,60,Clear,High,10,False,False,75.0,1h 15m 0s
T102,2024-03-04,Monday,Howrah,Bardhaman,09:00,10:30,09:00,11:02,0.0,95,Clear,High,9,False,False,32.1,0h 32m 6s
T102,2024-03-04,Monday,Bardhaman,Durgapur,10:30,11:20,11:02,12:02,32.1,55,Clear,Low,10,False,False,42.2,0h 42m 12s
T102,2024-03-04,Monday,Durgapur,Asansol,11:20,12:00,12:02,12:51,42.2,40,Clear,Low,11,False,False,51.9,0h 51m 54s
T102,2024-03-04,Monday,Asansol,Dhanbad,12:00,13:00,12:51,13:56,51.9,60,Clear,Low,12,False,False,56.7,0h 56m 42s
T103,2024-03-04,Monday,Howrah,Bardhaman,11:00,12:30,11:00,12:49,0.0,95,Clear,Low,11,False,False,19.7,0h 19m 42s
T103,2024-03-04,Monday,Bardhaman,Durgapur,12:30,13:20,12:49,14:01,19.7,55,Clear,Medium,12,False,False,41.2,0h 41m 12s
T103,2024-03-04,Monday,Durgapur,Asansol,13:20,14:00,14:01,15:05,41.2,40,Clear,Medium,13,False,False,65.1,1h 5m 6s
T103,2024-03-04,Monday,Asansol,Dhanbad,14:00,15:00,15:05,16:17,65.1,60,Clear,Low,14,False,False,77.8,1h 17m 48s
T104,2024-03-04,Monday,Howrah,Bardhaman,13:00,14:30,13:00,14:44,0.0,95,Clear,Medium,13,False,False,14.1,0h 14m 6s
T104,2024-03-04,Monday,Bardhaman,Durgapur,14:30,15:20,14:44,15:39,14.1,55,Clear,Low,14,False,False,19.4,0h 19m 24s
T104,2024-03-04,Monday,Durgapur,Asansol,15:20,16:00,15:39,16:51,19.4,40,Fog,Medium,15,False,False,51.5,0h 51m 30s
T104,2024-03-04,Monday,Asansol,Dhanbad,16:00,17:00,16:51,18:00,51.5,60,Rain,Low,16,False,False,60.1,1h 0m 6s
T105,2024-03-04,Monday,Howrah,Bardhaman,15:00,16:30,15:00,16:37,0.0,95,Clear,Low,15,False,False,8.0,0h 8m 0s
T105,2024-03-04,Monday,Bardhaman,Durgapur,16:30,17:20,16:37,17:29,8.0,55,Clear,Low,16,False,False,9.4,0h 9m 24s
T105,2024-03-04,Monday,Durgapur,Asansol,17:20,18:00,17:29,18:09,9.4,40,Clear,Low,17,False,False,9.8,0h 9m 48s
T105,2024-03-04,Monday,Asansol,Dhanbad,18:00,19:00,18:09,19:36,9.8,60,Fog,High,18,False,False,36.8,0h 36m 48s
T106,2024-03-04,Monday,Howrah,Bardhaman,17:00,18:30,17:00,18:50,0.0,95,Clear,Medium,17,False,False,20.2,0h 20m 12s
T106,2024-03-04,Monday,Bardhaman,Durgapur,18:30,19:20,18:50,20:19,20.2,55,Clear,High,18,False,False,59.4,0h 59m 24s
T106,2024-03-04,Monday,Durgapur,Asansol,19:20,20:00,20:19,21:19,59.4,40,Clear,Low,19,False,False,79.6,1h 19m 36s
T106,2024-03-04,Monday,Asansol,Dhanbad,20:00,21:00,21:19,22:30,79.6,60,Clear,Low,20,False,False,90.5,1h 30m 30s
T107,2024-03-04,Monday,Howrah,Bardhaman,19:00,20:30,19:00,21:01,0.0,95,Clear,High,19,False,False,31.6,0h 31m 36s
T107,2024-03-04,Monday,Bardhaman,Durgapur,20:30,21:20,21:01,22:24,31.6,55,Fog,Medium,20,False,False,64.7,1h 4m 42s
T107,2024-03-04,Monday,Durgapur,Asansol,21:20,22:00,22:24,23:18,64.7,40,Clear,Low,21,False,False,78.3,1h 18m 18s
T107,2024-03-04,Monday,Asansol,Dhanbad,22:00,23:00,23:18,00:46,78.3,60,Rain,Medium,22,False,False,106.4,1h 46m 24s
T100,2024-03-05,Tuesday,Howrah,Bardhaman,05:00,06:30,05:00,06:33,0.0,95,Clear,Low,5,False,False,3.9,0h 3m 54s
T100,2024-03-05,Tuesday,Bardhaman,Durgapur,06:30,07:20,06:33,07:31,3.9,55,Clear,Low,6,False,False,11.5,0h 11m 30s
T100,2024-03-05,Tuesday,Durgapur,Asansol,07:20,08:00,07:31,08:54,11.5,40,Clear,High,7,False,False,54.6,0h 54m 36s
T100,2024-03-05,Tuesday,Asansol,Dhanbad,08:00,09:00,08:54,10:11,54.6,60,Clear,High,8,False,False,71.5,1h 11m 30s
T101,2024-03-05,Tuesday,Howrah,Bardhaman,07:00,08:30,07:00,08:45,0.0,95,Clear,High,7,False,False,15.1,0h 15m 6s
T101,2024-03-05,Tuesday,Bardhaman,Durgapur,08:30,09:20,08:45,09:59,15.1,55,Clear,High,8,False,False,39.5,0h 39m 30s
T101,2024-03-05,Tuesday,Durgapur,Asansol,09:20,10:00,09:59,10:58,39.5,40,Clear,Medium,9,False,False,58.0,0h 58m 0s
T101,2024-03-05,Tuesday,Asansol,Dhanbad,10:00,11:00,10:58,12:04,58.0,60,Clear,Low,10,False,False,64.9,1h 4m 54s
T102,2024-03-05,Tuesday,Howrah,Bardhaman,09:00,10:30,09:00,10:59,0.0,95,Fog,High,9,False,False,29.7,0h 29m 42s
T102,2024-03-05,Tuesday,Bardhaman,Durgapur,10:30,11:20,10:59,12:13,29.7,55,Rain,Low,10,False,False,53.9,0h 53m 54s
T102,2024-03-05,Tuesday,Durgapur,Asansol,11:20,12:00,12:13,13:06,53.9,40,Clear,Low,11,False,False,66.6,1h 6m 36s
T102,2024-03-05,Tuesday,Asansol,Dhanbad,12:00,13:00,13:06,14:25,66.6,60,Clear,Medium,12,False,False,85.7,1h 25m 42s
T103,2024-03-05,Tuesday,Howrah,Bardhaman,11:00,12:30,11:00,12:42,0.0,95,Clear,Low,11,False,False,12.1,0h 12m 6s
T103,2024-03-05,Tuesday,Bardhaman,Durgapur,12:30,13:20,12:42,13:50,12.1,55,Clear,Low,12,False,False,30.9,0h 30m 54s
T103,2024-03-05,Tuesday,Durgapur,Asansol,13:20,14:00,13:50,15:09,30.9,40,Clear,High,13,False,False,69.4,1h 9m 24s
T103,2024-03-05,Tuesday,Asansol,Dhanbad,14:00,15:00,15:09,16:40,69.4,60,Clear,Medium,14,False,False,100.0,1h 40m 0s
T104,2024-03-05,Tuesday,Howrah,Bardhaman,13:00,14:30,13:00,14:38,0.0,95,Clear,Medium,13,False,False,8.8,0h 8m 48s
T104,2024-03-05,Tuesday,Bardhaman,Durgapur,14:30,15:20,14:38,15:37,8.8,55,Clear,Low,14,False,False,17.2,0h 17m 12s
T104,2024-03-05,Tuesday,Durgapur,Asansol,15:20,16:00,15:37,16:50,17.2,40,Clear,High,15,False,False,50.8,0h 50m 48s
T104,2024-03-05,Tuesday,Asansol,Dhanbad,16:00,17:00,16:50,17:50,50.8,60,Clear,Low,16,False,False,50.8,0h 50m 48s
T105,2024-03-05,Tuesday,Howrah,Bardhaman,15:00,16:30,15:00,16:38,0.0,95,Clear,Medium,15,False,False,8.3,0h 8m 18s
T105,2024-03-05,Tuesday,Bardhaman,Durgapur,16:30,17:20,16:38,17:28,8.3,55,Clear,Low,16,False,False,8.3,0h 8m 18s
T105,2024-03-05,Tuesday,Durgapur,Asansol,17:20,18:00,17:28,18:36,8.3,40,Fog,High,17,False,False,36.5,0h 36m 30s
T105,2024-03-05,Tuesday,Asansol,Dhanbad,18:00,19:00,18:36,19:43,36.5,60,Clear,Medium,18,False,False,43.4,0h 43m 24s
T106,2024-03-05,Tuesday,Howrah,Bardhaman,17:00,18:30,17:00,18:51,0.0,95,Clear,Medium,17,False,False,21.3,0h 21m 18s
T106,2024-03-05,Tuesday,Bardhaman,Durgapur,18:30,19:20,18:51,20:10,21.3,55,Clear,Medium,18,False,False,50.1,0h 50m 6s
T106,2024-03-05,Tuesday,Durgapur,Asansol,19:20,20:00,20:10,21:44,50.1,40,Rain,High,19,False,False,104.7,1h 44m 42s
T106,2024-03-05,Tuesday,Asansol,Dhanbad,20:00,21:00,21:44,23:03,104.7,60,Clear,Low,20,False,False,123.6,2h 3m 36s
T107,2024-03-05,Tuesday,Howrah,Bardhaman,19:00,20:30,19:00,20:46,0.0,95,Clear,Medium,19,False,False,16.2,0h 16m 12s
T107,2024-03-05,Tuesday,Bardhaman,Durgapur,20:30,21:20,20:46,21:50,16.2,55,Clear,Medium,20,False,False,30.6,0h 30m 36s
T107,2024-03-05,Tuesday,Durgapur,Asansol,21:20,22:00,21:50,22:53,30.6,40,Clear,High,21,False,False,53.1,0h 53m 6s
T107,2024-03-05,Tuesday,Asansol,Dhanbad,22:00,23:00,22:53,00:11,53.1,60,Clear,Medium,22,False,False,71.1,1h 11m 6s
T100,2024-03-06,Wednesday,Howrah,Bardhaman,05:00,06:30,05:00,06:35,0.0,95,Clear,Low,5,False,False,5.5,0h 5m 30s
T100,2024-03-06,Wednesday,Bardhaman,Durgapur,06:30,07:20,06:35,07:46,5.5,55,Fog,Low,6,False,False,26.7,0h 26m 42s
T100,2024-03-06,Wednesday,Durgapur,Asansol,07:20,08:00,07:46,08:48,26.7,40,Clear,High,7,False,False,48.4,0h 48m 24s
T100,2024-03-06,Wednesday,Asansol,Dhanbad,08:00,09:00,08:48,10:23,48.4,60,Clear,High,8,False,False,83.2,1h 23m 12s
T101,2024-03-06,Wednesday,Howrah,Bardhaman,07:00,08:30,07:00,08:36,0.0,95,Clear,Medium,7,False,False,6.3,0h 6m 18s
T101,2024-03-06,Wednesday,Bardhaman,Durgapur,08:30,09:20,08:36,09:51,6.3,55,Clear,Medium,8,False,False,31.4,0h 31m 24s
T101,2024-03-06,Wednesday,Durgapur,Asansol,09:20,10:00,09:51,11:04,31.4,40,Fog,Medium,9,False,False,64.8,1h 4m 48s
T101,2024-03-06,Wednesday,Asansol,Dhanbad,10:00,11:00,11:04,12:09,64.8,60,Clear,Low,10,False,False,69.8,1h 9m 48s
T102,2024-03-06,Wednesday,Howrah,Bardhaman,09:00,10:30,09:00,11:11,0.0,95,Clear,High,9,False,False,41.2,0h 41m 12s
T102,2024-03-06,Wednesday,Bardhaman,Durgapur,10:30,11:20,11:11,12:14,41.2,55,Clear,Medium,10,False,False,54.0,0h 54m 0s
T102,2024-03-06,Wednesday,Durgapur,Asansol,11:20,12:00,12:14,13:04,54.0,40,Clear,Medium,11,False,False,64.1,1h 4m 6s
T102,2024-03-06,Wednesday,Asansol,Dhanbad,12:00,13:00,13:04,14:17,64.1,60,Clear,Low,12,False,False,77.2,1h 17m 12s
T103,2024-03-06,Wednesday,Howrah,Bardhaman,11:00,12:30,11:00,12:44,0.0,95,Clear,Low,11,False,False,14.6,0h 14m 36s
T103,2024-03-06,Wednesday,Bardhaman,Durgapur,12:30,13:20,12:44,13:54,14.6,55,Clear,Low,12,False,False,34.8,0h 34m 48s
T103,2024-03-06,Wednesday,Durgapur,Asansol,13:20,14:00,13:54,15:06,34.8,40,Fog,Low,13,False,False,66.4,1h 6m 24s
T103,2024-03-06,Wednesday,Asansol,Dhanbad,14:00,15:00,15:06,16:32,66.4,60,Clear,Medium,14,False,False,92.6,1h 32m 36s
T104,2024-03-06,Wednesday,Howrah,Bardhaman,13:00,14:30,13:00,14:34,0.0,95,Clear,Medium,13,False,False,4.6,0h 4m 36s
T104,2024-03-06,Wednesday,Bardhaman,Durgapur,14:30,15:20,14:34,15:35,4.6,55,Clear,Medium,14,False,False,15.5,0h 15m 30s
T104,2024-03-06,Wednesday,Durgapur,Asansol,15:20,16:00,15:35,16:17,15.5,40,Clear,Low,15,False,False,17.7,0h 17m 42s
T104,2024-03-06,Wednesday,Asansol,Dhanbad,16:00,17:00,16:17,17:29,17.7,60,Clear,Medium,16,False,False,29.3,0h 29m 18s
T105,2024-03-06,Wednesday,Howrah,Bardhaman,15:00,16:30,15:00,16:32,0.0,95,Clear,Low,15,False,False,2.1,0h 2m 6s
T105,2024-03-06,Wednesday,Bardhaman,Durgapur,16:30,17:20,16:32,17:22,2.1,55,Clear,Low,16,False,False,2.1,0h 2m 6s
T105,2024-03-06,Wednesday,Durgapur,Asansol,17:20,18:00,17:22,18:26,2.1,40,Clear,High,17,False,False,26.6,0h 26m 36s
T105,2024-03-06,Wednesday,Asansol,Dhanbad,18:00,19:00,18:26,19:47,26.6,60,Clear,High,18,False,False,47.4,0h 47m 24s
T106,2024-03-06,Wednesday,Howrah,Bardhaman,17:00,18:30,17:00,18:54,0.0,95,Clear,Medium,17,False,False,24.4,0h 24m 24s
T106,2024-03-06,Wednesday,Bardhaman,Durgapur,18:30,19:20,18:54,20:31,24.4,55,Clear,High,18,False,False,71.0,1h 11m 0s
T106,2024-03-06,Wednesday,Durgapur,Asansol,19:20,20:00,20:31,21:30,71.0,40,Clear,Low,19,False,False,90.7,1h 30m 42s
T106,2024-03-06,Wednesday,Asansol,Dhanbad,20:00,21:00,21:30,22:44,90.7,60,Clear,Low,20,False,False,104.1,1h 44m 6s
T107,2024-03-06,Wednesday,Howrah,Bardhaman,19:00,20:30,19:00,21:03,0.0,95,Rain,High,19,False,False,33.6,0h 33m 36s
T107,2024-03-06,Wednesday,Bardhaman,Durgapur,20:30,21:20,21:03,22:30,33.6,55,Clear,High,20,False,False,70.6,1h 10m 36s
T107,2024-03-06,Wednesday,Durgapur,Asansol,21:20,22:00,22:30,23:27,70.6,40,Clear,Medium,21,False,False,87.1,1h 27m 6s
T107,2024-03-06,Wednesday,Asansol,Dhanbad,22:00,23:00,23:27,00:52,87.1,60,Clear,High,22,False,False,112.2,1h 52m 12s
T100,2024-03-07,Thursday,Howrah,Bardhaman,05:00,06:30,05:00,06:43,0.0,95,Fog,Low,5,False,False,13.5,0h 13m 30s
T100,2024-03-07,Thursday,Bardhaman,Durgapur,06:30,07:20,06:43,07:49,13.5,55,Clear,Medium,6,False,False,29.8,0h 29m 48s
T100,2024-03-07,Thursday,Durgapur,Asansol,07:20,08:00,07:49,09:07,29.8,40,Clear,High,7,False,False,67.9,1h 7m 54s
T100,2024-03-07,Thursday,Asansol,Dhanbad,08:00,09:00,09:07,10:53,67.9,60,Clear,High,8,False,False,113.3,1h 53m 18s
T101,2024-03-07,Thursday,Howrah,Bardhaman,07:00,08:30,07:00,08:37,0.0,95,Clear,Medium,7,False,False,7.9,0h 7m 54s
T101,2024-03-07,Thursday,Bardhaman,Durgapur,08:30,09:20,08:37,09:52,7.9,55,Clear,High,8,False,False,32.1,0h 32m 6s
T101,2024-03-07,Thursday,Durgapur,Asansol,09:20,10:00,09:52,11:01,32.1,40,Clear,High,9,False,False,61.4,1h 1m 24s
T101,2024-03-07,Thursday,Asansol,Dhanbad,10:00,11:00,11:01,12:34,61.4,60,Fog,Medium,10,False,False,94.3,1h 34m 18s
T102,2024-03-07,Thursday,Howrah,Bardhaman,09:00,10:30,09:00,11:03,0.0,95,Rain,Medium,9,False,False,33.6,0h 33m 36s
T102,2024-03-07,Thursday,Bardhaman,Durgapur,10:30,11:20,11:03,12:13,33.6,55,Clear,Medium,10,False,False,53.0,0h 53m 0s
T102,2024-03-07,Thursday,Durgapur,Asansol,11:20,12:00,12:13,13:14,53.0,40,Clear,Medium,11,False,False,74.1,1h 14m 6s
T102,2024-03-07,Thursday,Asansol,Dhanbad,12:00,13:00,13:14,14:45,74.1,60,Fog,Medium,12,False,False,105.3,1h 45m 18s
T103,2024-03-07,Thursday,Howrah,Bardhaman,11:00,12:30,11:00,12:53,0.0,95,Clear,Low,11,False,False,23.4,0h 23m 24s
T103,2024-03-07,Thursday,Bardhaman,Durgapur,12:30,13:20,12:53,14:02,23.4,55,Clear,Low,12,False,False,42.6,0h 42m 36s
T103,2024-03-07,Thursday,Durgapur,Asansol,13:20,14:00,14:02,15:14,42.6,40,Clear,Medium,13,False,False,74.7,1h 14m 42s
T103,2024-03-07,Thursday,Asansol,Dhanbad,14:00,15:00,15:14,16:52,74.7,60,Rain,Medium,14,False,False,112.7,1h 52m 42s
T104,2024-03-07,Thursday,Howrah,Bardhaman,13:00,14:30,13:00,14:47,0.0,95,Clear,Medium,13,False,False,17.8,0h 17m 48s
T104,2024-03-07,Thursday,Bardhaman,Durgapur,14:30,15:20,14:47,15:38,17.8,55,Clear,Low,14,False,False,18.2,0h 18m 12s
T104,2024-03-07,Thursday,Durgapur,Asansol,15:20,16:00,15:38,16:37,18.2,40,Rain,Low,15,False,False,37.0,0h 37m 0s
T104,2024-03-07,Thursday,Asansol,Dhanbad,16:00,17:00,16:37,17:59,37.0,60,Clear,High,16,False,False,59.1,0h 59m 6s
T105,2024-03-07,Thursday,Howrah,Bardhaman,15:00,16:30,15:00,16:39,0.0,95,Rain,Low,15,False,False,9.9,0h 9m 54s
T105,2024-03-07,Thursday,Bardhaman,Durgapur,16:30,17:20,16:39,17:33,9.9,55,Clear,Low,16,False,False,13.3,0h 13m 18s
T105,2024-03-07,Thursday,Durgapur,Asansol,17:20,18:00,17:33,18:48,13.3,40,Fog,High,17,False,False,48.4,0h 48m 24s
T105,2024-03-07,Thursday,Asansol,Dhanbad,18:00,19:00,18:48,20:05,48.4,60,Fog,Medium,18,False,False,65.7,1h 5m 42s
T106,2024-03-07,Thursday,Howrah,Bardhaman,17:00,18:30,17:00,18:44,0.0,95,Clear,Low,17,False,False,14.4,0h 14m 24s
T106,2024-03-07,Thursday,Bardhaman,Durgapur,18:30,19:20,18:44,20:06,14.4,55,Clear,Medium,18,False,False,46.5,0h 46m 30s
T106,2024-03-07,Thursday,Durgapur,Asansol,19:20,20:00,20:06,21:28,46.5,40,Clear,High,19,False,False,88.4,1h 28m 24s
T106,2024-03-07,Thursday,Asansol,Dhanbad,20:00,21:00,21:28,22:54,88.4,60,Clear,Medium,20,False,False,114.9,1h 54m 54s
T107,2024-03-07,Thursday,Howrah,Bardhaman,19:00,20:30,19:00,20:48,0.0,95,Clear,Medium,19,False,False,18.5,0h 18m 30s
T107,2024-03-07,Thursday,Bardhaman,Durgapur,20:30,21:20,20:48,22:08,18.5,55,Rain,Medium,20,False,False,48.9,0h 48m 54s
T107,2024-03-07,Thursday,Durgapur,Asansol,21:20,22:00,22:08,23:15,48.9,40,Rain,Low,21,False,False,75.8,1h 15m 48s
T107,2024-03-07,Thursday,Asansol,Dhanbad,22:00,23:00,23:15,00:33,75.8,60,Clear,Medium,22,False,False,93.4,1h 33m 24s
T100,2024-03-08,Friday,Howrah,Bardhaman,05:00,06:30,05:00,06:55,0.0,95,Rain,Low,5,False,False,25.7,0h 25m 42s
T100,2024-03-08,Friday,Bardhaman,Durgapur,06:30,07:20,06:55,08:03,25.7,55,Clear,Medium,6,False,False,43.6,0h 43m 36s
T100,2024-03-08,Friday,Durgapur,Asansol,07:20,08:00,08:03,09:00,43.6,40,Clear,Medium,7,False,False,60.1,1h 0m 6s
T100,2024-03-08,Friday,Asansol,Dhanbad,08:00,09:00,09:00,10:30,60.1,60,Clear,High,8,False,False,90.3,1h 30m 18s
T101,2024-03-08,Friday,Howrah,Bardhaman,07:00,08:30,07:00,08:40,0.0,95,Clear,Low,7,False,False,10.9,0h 10m 54s
T101,2024-03-08,Friday,Bardhaman,Durgapur,08:30,09:20,08:40,09:48,10.9,55,Clear,High,8,False,False,28.6,0h 28m 36s
T101,2024-03-08,Friday,Durgapur,Asansol,09:20,10:00,09:48,10:56,28.6,40,Clear,High,9,False,False,56.5,0h 56m 30s
T101,2024-03-08,Friday,Asansol,Dhanbad,10:00,11:00,10:56,12:05,56.5,60,Fog,Low,10,False,False,65.8,1h 5m 48s
T102,2024-03-08,Friday,Howrah,Bardhaman,09:00,10:30,09:00,10:39,0.0,95,Clear,Medium,9,False,False,9.4,0h 9m 24s
T102,2024-03-08,Friday,Bardhaman,Durgapur,10:30,11:20,10:39,11:40,9.4,55,Clear,Medium,10,False,False,20.1,0h 20m 6s
T102,2024-03-08,Friday,Durgapur,Asansol,11:20,12:00,11:40,12:32,20.1,40,Clear,Low,11,False,False,32.0,0h 32m 0s
T102,2024-03-08,Friday,Asansol,Dhanbad,12:00,13:00,12:32,13:44,32.0,60,Clear,Low,12,False,False,44.6,0h 44m 36s
T103,2024-03-08,Friday,Howrah,Bardhaman,11:00,12:30,11:00,13:02,0.0,95,Clear,Medium,11,False,False,32.4,0h 32m 24s
T103,2024-03-08,Friday,Bardhaman,Durgapur,12:30,13:20,13:02,14:16,32.4,55,Clear,Medium,12,False,False,56.1,0h 56m 6s
T103,2024-03-08,Friday,Durgapur,Asansol,13:20,14:00,14:16,15:10,56.1,40,Clear,Low,13,False,False,70.6,1h 10m 36s
T103,2024-03-08,Friday,Asansol,Dhanbad,14:00,15:00,15:10,16:35,70.6,60,Clear,Medium,14,False,False,95.3,1h 35m 18s
T104,2024-03-08,Friday,Howrah,Bardhaman,13:00,14:30,13:00,14:45,0.0,95,Clear,Medium,13,False,False,15.8,0h 15m 48s
T104,2024-03-08,Friday,Bardhaman,Durgapur,14:30,15:20,14:45,15:48,15.8,55,Rain,Medium,14,False,False,28.0,0h 28m 0s
T104,2024-03-08,Friday,Durgapur,Asansol,15:20,16:00,15:48,16:30,28.0,40,Clear,Medium,15,False,False,30.3,0h 30m 18s
T104,2024-03-08,Friday,Asansol,Dhanbad,16:00,17:00,16:30,17:34,30.3,60,Clear,Medium,16,False,False,34.6,0h 34m 36s
T105,2024-03-08,Friday,Howrah,Bardhaman,15:00,16:30,15:00,16:34,0.0,95,Clear,Low,15,False,False,5.0,0h 5m 0s
T105,2024-03-08,Friday,Bardhaman,Durgapur,16:30,17:20,16:34,17:38,5.0,55,Clear,High,16,False,False,18.9,0h 18m 54s
T105,2024-03-08,Friday,Durgapur,Asansol,17:20,18:00,17:38,18:54,18.9,40,Rain,High,17,False,False,54.5,0h 54m 30s
T105,2024-03-08,Friday,Asansol,Dhanbad,18:00,19:00,18:54,20:17,54.5,60,Fog,Medium,18,False,False,77.4,1h 17m 24s
T106,2024-03-08,Friday,Howrah,Bardhaman,17:00,18:30,17:00,18:45,0.0,95,Clear,Low,17,False,False,15.5,0h 15m 30s
T106,2024-03-08,Friday,Bardhaman,Durgapur,18:30,19:20,18:45,20:04,15.5,55,Fog,Low,18,False,False,44.6,0h 44m 36s
T106,2024-03-08,Friday,Durgapur,Asansol,19:20,20:00,20:04,21:53,44.6,40,Fog,High,19,False,False,113.2,1h 53m 12s
T106,2024-03-08,Friday,Asansol,Dhanbad,20:00,21:00,21:53,23:24,113.2,60,Rain,Low,20,False,False,144.6,2h 24m 36s
T107,2024-03-08,Friday,Howrah,Bardhaman,19:00,20:30,19:00,20:59,0.0,95,Fog,Medium,19,False,False,29.3,0h 29m 18s
T107,2024-03-08,Friday,Bardhaman,Durgapur,20:30,21:20,20:59,22:22,29.3,55,Rain,Medium,20,False,False,62.5,1h 2m 30s
T107,2024-03-08,Friday,Durgapur,Asansol,21:20,22:00,22:22,23:15,62.5,40,Clear,Low,21,False,False,75.4,1h 15m 24s
T107,2024-03-08,Friday,Asansol,Dhanbad,22:00,23:00,23:15,00:27,75.4,60,Clear,Medium,22,False,False,87.5,1h 27m 30s
T100,2024-03-09,Saturday,Howrah,Bardhaman,05:00,06:30,05:00,06:32,0.0,95,Clear,Low,5,True,False,2.0,0h 2m 0s
T100,2024-03-09,Saturday,Bardhaman,Durgapur,06:30,07:20,06:32,07:34,2.0,55,Clear,Medium,6,True,False,15.0,0h 15m 0s
T100,2024-03-09,Saturday,Durgapur,Asansol,07:20,08:00,07:34,08:37,15.0,40,Fog,Medium,7,True,False,37.4,0h 37m 24s
T100,2024-03-09,Saturday,Asansol,Dhanbad,08:00,09:00,08:37,09:46,37.4,60,Clear,Low,8,True,False,46.7,0h 46m 42s
T101,2024-03-09,Saturday,Howrah,Bardhaman,07:00,08:30,07:00,08:41,0.0,95,Clear,Low,7,True,False,11.7,0h 11m 42s
T101,2024-03-09,Saturday,Bardhaman,Durgapur,08:30,09:20,08:41,09:45,11.7,55,Clear,Medium,8,True,False,25.4,0h 25m 24s
T101,2024-03-09,Saturday,Durgapur,Asansol,09:20,10:00,09:45,10:26,25.4,40,Clear,Low,9,True,False,26.4,0h 26m 24s
T101,2024-03-09,Saturday,Asansol,Dhanbad,10:00,11:00,10:26,11:32,26.4,60,Clear,Medium,10,True,False,32.7,0h 32m 42s
T102,2024-03-09,Saturday,Howrah,Bardhaman,09:00,10:30,09:00,10:56,0.0,95,Fog,Medium,9,True,False,26.0,0h 26m 0s
T102,2024-03-09,Saturday,Bardhaman,Durgapur,10:30,11:20,10:56,11:53,26.0,55,Clear,Low,10,True,False,33.4,0h 33m 24s
T102,2024-03-09,Saturday,Durgapur,Asansol,11:20,12:00,11:53,12:44,33.4,40,Clear,Low,11,True,False,44.9,0h 44m 54s
T102,2024-03-09,Saturday,Asansol,Dhanbad,12:00,13:00,12:44,13:51,44.9,60,Clear,Low,12,True,False,51.0,0h 51m 0s
T103,2024-03-09,Saturday,Howrah,Bardhaman,11:00,12:30,11:00,12:55,0.0,95,Clear,Medium,11,True,False,25.0,0h 25m 0s
T103,2024-03-09,Saturday,Bardhaman,Durgapur,12:30,13:20,12:55,14:26,25.0,55,Clear,High,12,True,False,66.1,1h 6m 6s
T103,2024-03-09,Saturday,Durgapur,Asansol,13:20,14:00,14:26,15:25,66.1,40,Clear,Low,13,True,False,85.2,1h 25m 12s
T103,2024-03-09,Saturday,Asansol,Dhanbad,14:00,15:00,15:25,16:44,85.2,60,Clear,Medium,14,True,False,104.8,1h 44m 48s
T104,2024-03-09,Saturday,Howrah,Bardhaman,13:00,14:30,13:00,14:54,0.0,95,Fog,Low,13,True,False,24.6,0h 24m 36s
T104,2024-03-09,Saturday,Bardhaman,Durgapur,14:30,15:20,14:54,16:11,24.6,55,Clear,High,14,True,False,51.3,0h 51m 18s
T104,2024-03-09,Saturday,Durgapur,Asansol,15:20,16:00,16:11,16:51,51.3,40,Clear,Low,15,True,False,51.3,0h 51m 18s
T104,2024-03-09,Saturday,Asansol,Dhanbad,16:00,17:00,16:51,18:11,51.3,60,Clear,High,16,True,False,71.9,1h 11m 54s
T105,2024-03-09,Saturday,Howrah,Bardhaman,15:00,16:30,15:00,16:32,0.0,95,Clear,Low,15,True,False,2.1,0h 2m 6s
T105,2024-03-09,Saturday,Bardhaman,Durgapur,16:30,17:20,16:32,17:22,2.1,55,Clear,Low,16,True,False,2.1,0h 2m 6s
T105,2024-03-09,Saturday,Durgapur,Asansol,17:20,18:00,17:22,18:02,2.1,40,Clear,Low,17,True,False,2.1,0h 2m 6s
T105,2024-03-09,Saturday,Asansol,Dhanbad,18:00,19:00,18:02,19:02,2.1,60,Clear,Low,18,True,False,2.1,0h 2m 6s
T106,2024-03-09,Saturday,Howrah,Bardhaman,17:00,18:30,17:00,18:45,0.0,95,Clear,Medium,17,True,False,15.8,0h 15m 48s
T106,2024-03-09,Saturday,Bardhaman,Durgapur,18:30,19:20,18:45,19:54,15.8,55,Clear,Medium,18,True,False,34.5,0h 34m 30s
T106,2024-03-09,Saturday,Durgapur,Asansol,19:20,20:00,19:54,20:49,34.5,40,Clear,Low,19,True,False,49.6,0h 49m 36s
T106,2024-03-09,Saturday,Asansol,Dhanbad,20:00,21:00,20:49,22:14,49.6,60,Rain,Low,20,True,False,74.2,1h 14m 12s
T107,2024-03-09,Saturday,Howrah,Bardhaman,19:00,20:30,19:00,20:34,0.0,95,Clear,Low,19,True,False,4.5,0h 4m 30s
T107,2024-03-09,Saturday,Bardhaman,Durgapur,20:30,21:20,20:34,21:30,4.5,55,Clear,Low,20,True,False,10.4,0h 10m 24s
T107,2024-03-09,Saturday,Durgapur,Asansol,21:20,22:00,21:30,22:25,10.4,40,Rain,Low,21,True,False,25.4,0h 25m 24s
T107,2024-03-09,Saturday,Asansol,Dhanbad,22:00,23:00,22:25,23:32,25.4,60,Clear,Low,22,True,False,32.6,0h 32m 36s
T100,2024-03-10,Sunday,Howrah,Bardhaman,05:00,06:30,05:00,06:35,0.0,95,Clear,Low,5,True,False,5.5,0h 5m 30s
T100,2024-03-10,Sunday,Bardhaman,Durgapur,06:30,07:20,06:35,07:45,5.5,55,Clear,Medium,6,True,False,25.7,0h 25m 42s
T100,2024-03-10,Sunday,Durgapur,Asansol,07:20,08:00,07:45,08:32,25.7,40,Clear,Low,7,True,False,32.3,0h 32m 18s
T100,2024-03-10,Sunday,Asansol,Dhanbad,08:00,09:00,08:32,09:41,32.3,60,Clear,Medium,8,True,False,41.3,0h 41m 18s
T101,2024-03-10,Sunday,Howrah,Bardhaman,07:00,08:30,07:00,08:44,0.0,95,Rain,Low,7,True,False,14.8,0h 14m 48s
T101,2024-03-10,Sunday,Bardhaman,Durgapur,08:30,09:20,08:44,09:34,14.8,55,Clear,Low,8,True,False,14.8,0h 14m 48s
T101,2024-03-10,Sunday,Durgapur,Asansol,09:20,10:00,09:34,10:22,14.8,40,Clear,Medium,9,True,False,22.0,0h 22m 0s
T101,2024-03-10,Sunday,Asansol,Dhanbad,10:00,11:00,10:22,11:41,22.0,60,Clear,High,10,True,False,41.6,0h 41m 36s
T102,2024-03-10,Sunday,Howrah,Bardhaman,09:00,10:30,09:00,10:56,0.0,95,Rain,Low,9,True,False,26.8,0h 26m 48s
T102,2024-03-10,Sunday,Bardhaman,Durgapur,10:30,11:20,10:56,12:12,26.8,55,Fog,Medium,10,True,False,52.5,0h 52m 30s
T102,2024-03-10,Sunday,Durgapur,Asansol,11:20,12:00,12:12,12:52,52.5,40,Clear,Low,11,True,False,53.0,0h 53m 0s
T102,2024-03-10,Sunday,Asansol,Dhanbad,12:00,13:00,12:52,14:35,53.0,60,Clear,High,12,True,False,95.3,1h 35m 18s
T103,2024-03-10,Sunday,Howrah,Bardhaman,11:00,12:30,11:00,12:46,0.0,95,Clear,Low,11,True,False,16.7,0h 16m 42s
T103,2024-03-10,Sunday,Bardhaman,Durgapur,12:30,13:20,12:46,13:58,16.7,55,Rain,Low,12,True,False,38.0,0h 38m 0s
T103,2024-03-10,Sunday,Durgapur,Asansol,13:20,14:00,13:58,14:50,38.0,40,Clear,Low,13,True,False,50.8,0h 50m 48s
T103,2024-03-10,Sunday,Asansol,Dhanbad,14:00,15:00,14:50,16:04,50.8,60,Clear,Low,14,True,False,64.5,1h 4m 30s
T104,2024-03-10,Sunday,Howrah,Bardhaman,13:00,14:30,13:00,14:39,0.0,95,Rain,Low,13,True,False,9.9,0h 9m 54s
T104,2024-03-10,Sunday,Bardhaman,Durgapur,14:30,15:20,14:39,15:43,9.9,55,Fog,Low,14,True,False,23.9,0h 23m 54s
T104,2024-03-10,Sunday,Durgapur,Asansol,15:20,16:00,15:43,16:38,23.9,40,Fog,Low,15,True,False,38.3,0h 38m 18s
T104,2024-03-10,Sunday,Asansol,Dhanbad,16:00,17:00,16:38,17:38,38.3,60,Clear,Low,16,True,False,38.3,0h 38m 18s
T105,2024-03-10,Sunday,Howrah,Bardhaman,15:00,16:30,15:00,16:30,0.0,95,Clear,Low,15,True,False,0.0,0h 0m 0s
T105,2024-03-10,Sunday,Bardhaman,Durgapur,16:30,17:20,16:30,17:20,0.0,55,Clear,Low,16,True,False,0.0,0h 0m 0s
T105,2024-03-10,Sunday,Durgapur,Asansol,17:20,18:00,17:20,18:08,0.0,40,Clear,Medium,17,True,False,8.4,0h 8m 24s
T105,2024-03-10,Sunday,Asansol,Dhanbad,18:00,19:00,18:08,19:08,8.4,60,Rain,Low,18,True,False,8.4,0h 8m 24s
T106,2024-03-10,Sunday,Howrah,Bardhaman,17:00,18:30,17:00,18:48,0.0,95,Clear,Medium,17,True,False,18.1,0h 18m 6s
T106,2024-03-10,Sunday,Bardhaman,Durgapur,18:30,19:20,18:48,19:45,18.1,55,Clear,Low,18,True,False,25.2,0h 25m 12s
T106,2024-03-10,Sunday,Durgapur,Asansol,19:20,20:00,19:45,20:59,25.2,40,Clear,Medium,19,True,False,59.9,0h 59m 54s
T106,2024-03-10,Sunday,Asansol,Dhanbad,20:00,21:00,20:59,22:27,59.9,60,Clear,Medium,20,True,False,87.9,1h 27m 54s
T107,2024-03-10,Sunday,Howrah,Bardhaman,19:00,20:30,19:00,21:04,0.0,95,Rain,High,19,True,False,34.4,0h 34m 24s
T107,2024-03-10,Sunday,Bardhaman,Durgapur,20:30,21:20,21:04,21:54,34.4,55,Clear,Low,20,True,False,34.4,0h 34m 24s
T107,2024-03-10,Sunday,Durgapur,Asansol,21:20,22:00,21:54,23:02,34.4,40,Fog,Low,21,True,False,62.6,1h 2m 36s
T107,2024-03-10,Sunday,Asansol,Dhanbad,22:00,23:00,23:02,00:25,62.6,60,Rain,Medium,22,True,False,85.1,1h 25m 6s
T100,2024-03-11,Monday,Howrah,Bardhaman,05:00,06:30,05:00,06:54,0.0,95,Rain,Low,5,False,False,24.3,0h 24m 18s
T100,2024-03-11,Monday,Bardhaman,Durgapur,06:30,07:20,06:54,08:10,24.3,55,Clear,Medium,6,False,False,50.3,0h 50m 18s
T100,2024-03-11,Monday,Durgapur,Asansol,07:20,08:00,08:10,09:13,50.3,40,Clear,High,7,False,False,73.3,1h 13m 18s
T100,2024-03-11,Monday,Asansol,Dhanbad,08:00,09:00,09:13,10:28,73.3,60,Clear,Medium,8,False,False,88.1,1h 28m 6s
T101,2024-03-11,Monday,Howrah,Bardhaman,07:00,08:30,07:00,08:47,0.0,95,Clear,Medium,7,False,False,17.4,0h 17m 24s
T101,2024-03-11,Monday,Bardhaman,Durgapur,08:30,09:20,08:47,09:47,17.4,55,Clear,Medium,8,False,False,28.0,0h 28m 0s
T101,2024-03-11,Monday,Durgapur,Asansol,09:20,10:00,09:47,10:47,28.0,40,Clear,High,9,False,False,47.4,0h 47m 24s
T101,2024-03-11,Monday,Asansol,Dhanbad,10:00,11:00,10:47,11:52,47.4,60,Clear,Low,10,False,False,53.0,0h 53m 0s
T102,2024-03-11,Monday,Howrah,Bardhaman,09:00,10:30,09:00,11:01,0.0,95,Clear,High,9,False,False,31.7,0h 31m 42s
T102,2024-03-11,Monday,Bardhaman,Durgapur,10:30,11:20,11:01,12:32,31.7,55,Fog,Low,10,False,False,72.2,1h 12m 12s
T102,2024-03-11,Monday,Durgapur,Asansol,11:20,12:00,12:32,13:18,72.2,40,Clear,Low,11,False,False,78.7,1h 18m 42s
T102,2024-03-11,Monday,Asansol,Dhanbad,12:00,13:00,13:18,14:37,78.7,60,Clear,Medium,12,False,False,97.6,1h 37m 36s
T103,2024-03-11,Monday,Howrah,Bardhaman,11:00,12:30,11:00,12:55,0.0,95,Clear,Medium,11,False,False,26.0,0h 26m 0s
T103,2024-03-11,Monday,Bardhaman,Durgapur,12:30,13:20,12:55,14:25,26.0,55,Clear,High,12,False,False,65.5,1h 5m 30s
T103,2024-03-11,Monday,Durgapur,Asansol,13:20,14:00,14:25,15:22,65.5,40,Clear,Low,13,False,False,82.7,1h 22m 42s
T103,2024-03-11,Monday,Asansol,Dhanbad,14:00,15:00,15:22,16:45,82.7,60,Clear,Medium,14,False,False,105.0,1h 45m 0s
T104,2024-03-11,Monday,Howrah,Bardhaman,13:00,14:30,13:00,14:30,0.0,95,Clear,Low,13,False,False,0.0,0h 0m 0s
T104,2024-03-11,Monday,Bardhaman,Durgapur,14:30,15:20,14:30,15:46,0.0,55,Rain,Medium,14,False,False,26.8,0h 26m 48s
T104,2024-03-11,Monday,Durgapur,Asansol,15:20,16:00,15:46,16:30,26.8,40,Clear,Low,15,False,False,30.4,0h 30m 24s
T104,2024-03-11,Monday,Asansol,Dhanbad,16:00,17:00,16:30,17:30,30.4,60,Clear,Low,16,False,False,30.4,0h 30m 24s
T105,2024-03-11,Monday,Howrah,Bardhaman,15:00,16:30,15:00,16:36,0.0,95,Clear,Medium,15,False,False,6.8,0h 6m 48s
T105,2024-03-11,Monday,Bardhaman,Durgapur,16:30,17:20,16:36,17:37,6.8,55,Clear,Medium,16,False,False,17.0,0h 17m 0s
T105,2024-03-11,Monday,Durgapur,Asansol,17:20,18:00,17:37,18:22,17.0,40,Clear,Low,17,False,False,22.3,0h 22m 18s
T105,2024-03-11,Monday,Asansol,Dhanbad,18:00,19:00,18:22,19:30,22.3,60,Clear,Medium,18,False,False,30.0,0h 30m 0s
T106,2024-03-11,Monday,Howrah,Bardhaman,17:00,18:30,17:00,19:06,0.0,95,Clear,High,17,False,False,36.1,0h 36m 6s
T106,2024-03-11,Monday,Bardhaman,Durgapur,18:30,19:20,19:06,20:21,36.1,55,Rain,High,18,False,False,61.5,1h 1m 30s
T106,2024-03-11,Monday,Durgapur,Asansol,19:20,20:00,20:21,21:45,61.5,40,Clear,High,19,False,False,105.4,1h 45m 24s
T106,2024-03-11,Monday,Asansol,Dhanbad,20:00,21:00,21:45,22:57,105.4,60,Clear,Low,20,False,False,117.3,1h 57m 18s
T107,2024-03-11,Monday,Howrah,Bardhaman,19:00,20:30,19:00,21:13,0.0,95,Clear,High,19,False,False,43.1,0h 43m 6s
T107,2024-03-11,Monday,Bardhaman,Durgapur,20:30,21:20,21:13,22:24,43.1,55,Clear,Medium,20,False,False,64.3,1h 4m 18s
T107,2024-03-11,Monday,Durgapur,Asansol,21:20,22:00,22:24,23:20,64.3,40,Clear,Medium,21,False,False,80.8,1h 20m 48s
T107,2024-03-11,Monday,Asansol,Dhanbad,22:00,23:00,23:20,00:48,80.8,60,Rain,Low,22,False,False,108.5,1h 48m 30s
T100,2024-03-12,Tuesday,Howrah,Bardhaman,05:00,06:30,05:00,06:53,0.0,95,Fog,Low,5,False,False,23.1,0h 23m 6s
T100,2024-03-12,Tuesday,Bardhaman,Durgapur,06:30,07:20,06:53,07:49,23.1,55,Clear,Low,6,False,False,29.6,0h 29m 36s
T100,2024-03-12,Tuesday,Durgapur,Asansol,07:20,08:00,07:49,09:21,29.6,40,Clear,High,7,False,False,81.9,1h 21m 54s
T100,2024-03-12,Tuesday,Asansol,Dhanbad,08:00,09:00,09:21,11:03,81.9,60,Fog,High,8,False,False,123.1,2h 3m 6s
T101,2024-03-12,Tuesday,Howrah,Bardhaman,07:00,08:30,07:00,09:16,0.0,95,Clear,High,7,False,False,46.2,0h 46m 12s
T101,2024-03-12,Tuesday,Bardhaman,Durgapur,08:30,09:20,09:16,10:28,46.2,55,Clear,High,8,False,False,68.1,1h 8m 6s
T101,2024-03-12,Tuesday,Durgapur,Asansol,09:20,10:00,10:28,11:32,68.1,40,Clear,High,9,False,False,92.6,1h 32m 36s
T101,2024-03-12,Tuesday,Asansol,Dhanbad,10:00,11:00,11:32,13:05,92.6,60,Fog,Medium,10,False,False,125.3,2h 5m 18s
T102,2024-03-12,Tuesday,Howrah,Bardhaman,09:00,10:30,09:00,11:06,0.0,95,Fog,High,9,False,False,36.1,0h 36m 6s
T102,2024-03-12,Tuesday,Bardhaman,Durgapur,10:30,11:20,11:06,12:43,36.1,55,Clear,High,10,False,False,83.3,1h 23m 18s
T102,2024-03-12,Tuesday,Durgapur,Asansol,11:20,12:00,12:43,13:32,83.3,40,Clear,Low,11,False,False,92.7,1h 32m 42s
T102,2024-03-12,Tuesday,Asansol,Dhanbad,12:00,13:00,13:32,14:54,92.7,60,Rain,Medium,12,False,False,114.8,1h 54m 48s
T103,2024-03-12,Tuesday,Howrah,Bardhaman,11:00,12:30,11:00,13:19,0.0,95,Rain,Medium,11,False,False,49.7,0h 49m 42s
T103,2024-03-12,Tuesday,Bardhaman,Durgapur,12:30,13:20,13:19,14:24,49.7,55,Clear,Low,12,False,False,64.4,1h 4m 24s
T103,2024-03-12,Tuesday,Durgapur,Asansol,13:20,14:00,14:24,15:30,64.4,40,Clear,High,13,False,False,90.2,1h 30m 12s
T103,2024-03-12,Tuesday,Asansol,Dhanbad,14:00,15:00,15:30,17:13,90.2,60,Clear,High,14,False,False,133.0,2h 13m 0s
T104,2024-03-12,Tuesday,Howrah,Bardhaman,13:00,14:30,13:00,14:35,0.0,95,Clear,Medium,13,False,False,5.2,0h 5m 12s
T104,2024-03-12,Tuesday,Bardhaman,Durgapur,14:30,15:20,14:35,15:35,5.2,55,Clear,Medium,14,False,False,15.1,0h 15m 6s
T104,2024-03-12,Tuesday,Durgapur,Asansol,15:20,16:00,15:35,16:19,15.1,40,Clear,Low,15,False,False,19.8,0h 19m 48s
T104,2024-03-12,Tuesday,Asansol,Dhanbad,16:00,17:00,16:19,17:51,19.8,60,Fog,Medium,16,False,False,51.6,0h 51m 36s
T105,2024-03-12,Tuesday,Howrah,Bardhaman,15:00,16:30,15:00,16:49,0.0,95,Clear,Medium,15,False,False,19.4,0h 19m 24s
T105,2024-03-12,Tuesday,Bardhaman,Durgapur,16:30,17:20,16:49,17:43,19.4,55,Clear,Low,16,False,False,23.6,0h 23m 36s
T105,2024-03-12,Tuesday,Durgapur,Asansol,17:20,18:00,17:43,18:44,23.6,40,Clear,High,17,False,False,44.1,0h 44m 6s
T105,2024-03-12,Tuesday,Asansol,Dhanbad,18:00,19:00,18:44,20:16,44.1,60,Clear,High,18,False,False,76.5,1h 16m 30s
T106,2024-03-12,Tuesday,Howrah,Bardhaman,17:00,18:30,17:00,18:47,0.0,95,Clear,Low,17,False,False,17.5,0h 17m 30s
T106,2024-03-12,Tuesday,Bardhaman,Durgapur,18:30,19:20,18:47,20:37,17.5,55,Rain,High,18,False,False,77.3,1h 17m 18s
T106,2024-03-12,Tuesday,Durgapur,Asansol,19:20,20:00,20:37,21:57,77.3,40,Clear,High,19,False,False,117.7,1h 57m 42s
T106,2024-03-12,Tuesday,Asansol,Dhanbad,20:00,21:00,21:57,23:10,117.7,60,Clear,Low,20,False,False,130.2,2h 10m 12s
T107,2024-03-12,Tuesday,Howrah,Bardhaman,19:00,20:30,19:00,21:05,0.0,95,Rain,High,19,False,False,35.2,0h 35m 12s
T107,2024-03-12,Tuesday,Bardhaman,Durgapur,20:30,21:20,21:05,22:21,35.2,55,Fog,Low,20,False,False,61.9,1h 1m 54s
T107,2024-03-12,Tuesday,Durgapur,Asansol,21:20,22:00,22:21,23:19,61.9,40,Clear,Medium,21,False,False,79.6,1h 19m 36s
T107,2024-03-12,Tuesday,Asansol,Dhanbad,22:00,23:00,23:19,00:33,79.6,60,Clear,Low,22,False,False,93.5,1h 33m 30s
T100,2024-03-13,Wednesday,Howrah,Bardhaman,05:00,06:30,05:00,07:01,0.0,95,Clear,High,5,False,False,31.3,0h 31m 18s
T100,2024-03-13,Wednesday,Bardhaman,Durgapur,06:30,07:20,07:01,07:58,31.3,55,Clear,Low,6,False,False,38.2,0h 38m 12s
T100,2024-03-13,Wednesday,Durgapur,Asansol,07:20,08:00,07:58,09:03,38.2,40,Rain,Medium,7,False,False,63.9,1h 3m 54s
T100,2024-03-13,Wednesday,Asansol,Dhanbad,08:00,09:00,09:03,10:37,63.9,60,Fog,Medium,8,False,False,97.7,1h 37m 42s
T101,2024-03-13,Wednesday,Howrah,Bardhaman,07:00,08:30,07:00,08:42,0.0,95,Clear,Medium,7,False,False,12.8,0h 12m 48s
T101,2024-03-13,Wednesday,Bardhaman,Durgapur,08:30,09:20,08:42,09:46,12.8,55,Clear,High,8,False,False,26.7,0h 26m 42s
T101,2024-03-13,Wednesday,Durgapur,Asansol,09:20,10:00,09:46,10:42,26.7,40,Clear,High,9,False,False,42.2,0h 42m 12s
T101,2024-03-13,Wednesday,Asansol,Dhanbad,10:00,11:00,10:42,11:47,42.2,60,Clear,Low,10,False,False,47.1,0h 47m 6s
T102,2024-03-13,Wednesday,Howrah,Bardhaman,09:00,10:30,09:00,10:58,0.0,95,Fog,High,9,False,False,28.8,0h 28m 48s
T102,2024-03-13,Wednesday,Bardhaman,Durgapur,10:30,11:20,10:58,12:22,28.8,55,Clear,High,10,False,False,62.4,1h 2m 24s
T102,2024-03-13,Wednesday,Durgapur,Asansol,11:20,12:00,12:22,13:15,62.4,40,Clear,Low,11,False,False,75.8,1h 15m 48s
T102,2024-03-13,Wednesday,Asansol,Dhanbad,12:00,13:00,13:15,14:36,75.8,60,Clear,Medium,12,False,False,96.8,1h 36m 48s
T103,2024-03-13,Wednesday,Howrah,Bardhaman,11:00,12:30,11:00,12:56,0.0,95,Rain,Medium,11,False,False,26.5,0h 26m 30s
T103,2024-03-13,Wednesday,Bardhaman,Durgapur,12:30,13:20,12:56,14:07,26.5,55,Clear,Low,12,False,False,47.9,0h 47m 54s
T103,2024-03-13,Wednesday,Durgapur,Asansol,13:20,14:00,14:07,15:10,47.9,40,Clear,Medium,13,False,False,70.6,1h 10m 36s
T103,2024-03-13,Wednesday,Asansol,Dhanbad,14:00,15:00,15:10,16:34,70.6,60,Clear,Medium,14,False,False,94.4,1h 34m 24s
T104,2024-03-13,Wednesday,Howrah,Bardhaman,13:00,14:30,13:00,14:52,0.0,95,Clear,Medium,13,False,False,22.7,0h 22m 42s
T104,2024-03-13,Wednesday,Bardhaman,Durgapur,14:30,15:20,14:52,15:54,22.7,55,Clear,Medium,14,False,False,34.1,0h 34m 6s
T104,2024-03-13,Wednesday,Durgapur,Asansol,15:20,16:00,15:54,16:43,34.1,40,Clear,Medium,15,False,False,43.6,0h 43m 36s
T104,2024-03-13,Wednesday,Asansol,Dhanbad,16:00,17:00,16:43,17:48,43.6,60,Clear,Low,16,False,False,48.4,0h 48m 24s
T105,2024-03-13,Wednesday,Howrah,Bardhaman,15:00,16:30,15:00,16:38,0.0,95,Clear,Low,15,False,False,8.9,0h 8m 54s
T105,2024-03-13,Wednesday,Bardhaman,Durgapur,16:30,17:20,16:38,17:46,8.9,55,Clear,Medium,16,False,False,26.9,0h 26m 54s
T105,2024-03-13,Wednesday,Durgapur,Asansol,17:20,18:00,17:46,18:40,26.9,40,Clear,Medium,17,False,False,40.5,0h 40m 30s
T105,2024-03-13,Wednesday,Asansol,Dhanbad,18:00,19:00,18:40,20:04,40.5,60,Rain,Medium,18,False,False,64.7,1h 4m 42s
T106,2024-03-13,Wednesday,Howrah,Bardhaman,17:00,18:30,17:00,18:49,0.0,95,Clear,Low,17,False,False,19.9,0h 19m 54s
T106,2024-03-13,Wednesday,Bardhaman,Durgapur,18:30,19:20,18:49,19:54,19.9,55,Clear,Low,18,False,False,35.0,0h 35m 0s
T106,2024-03-13,Wednesday,Durgapur,Asansol,19:20,20:00,19:54,21:16,35.0,40,Rain,Medium,19,False,False,76.5,1h 16m 30s
T106,2024-03-13,Wednesday,Asansol,Dhanbad,20:00,21:00,21:16,22:28,76.5,60,Clear,Low,20,False,False,88.9,1h 28m 54s
T107,2024-03-13,Wednesday,Howrah,Bardhaman,19:00,20:30,19:00,20:50,0.0,95,Rain,Low,19,False,False,20.7,0h 20m 42s
T107,2024-03-13,Wednesday,Bardhaman,Durgapur,20:30,21:20,20:50,22:05,20.7,55,Clear,High,20,False,False,45.8,0h 45m 48s
T107,2024-03-13,Wednesday,Durgapur,Asansol,21:20,22:00,22:05,23:14,45.8,40,Rain,Medium,21,False,False,74.2,1h 14m 12s
T107,2024-03-13,Wednesday,Asansol,Dhanbad,22:00,23:00,23:14,00:41,74.2,60,Clear,Medium,22,False,False,101.0,1h 41m 0s
T100,2024-03-14,Thursday,Howrah,Bardhaman,05:00,06:30,05:00,06:46,0.0,95,Rain,Medium,5,False,False,16.7,0h 16m 42s
T100,2024-03-14,Thursday,Bardhaman,Durgapur,06:30,07:20,06:46,08:00,16.7,55,Fog,Low,6,False,False,40.8,0h 40m 48s
T100,2024-03-14,Thursday,Durgapur,Asansol,07:20,08:00,08:00,09:25,40.8,40,Clear,High,7,False,False,85.3,1h 25m 18s
T100,2024-03-14,Thursday,Asansol,Dhanbad,08:00,09:00,09:25,10:42,85.3,60,Clear,Medium,8,False,False,103.0,1h 43m 0s
T101,2024-03-14,Thursday,Howrah,Bardhaman,07:00,08:30,07:00,08:52,0.0,95,Clear,High,7,False,False,22.4,0h 22m 24s
T101,2024-03-14,Thursday,Bardhaman,Durgapur,08:30,09:20,08:52,10:07,22.4,55,Clear,High,8,False,False,47.5,0h 47m 30s
T101,2024-03-14,Thursday,Durgapur,Asansol,09:20,10:00,10:07,11:19,47.5,40,Rain,Medium,9,False,False,79.4,1h 19m 24s
T101,2024-03-14,Thursday,Asansol,Dhanbad,10:00,11:00,11:19,12:21,79.4,60,Fog,Low,10,False,False,81.8,1h 21m 48s
T102,2024-03-14,Thursday,Howrah,Bardhaman,09:00,10:30,09:00,10:55,0.0,95,Clear,High,9,False,False,25.6,0h 25m 36s
T102,2024-03-14,Thursday,Bardhaman,Durgapur,10:30,11:20,10:55,11:56,25.6,55,Clear,Low,10,False,False,36.9,0h 36m 54s
T102,2024-03-14,Thursday,Durgapur,Asansol,11:20,12:00,11:56,13:10,36.9,40,Fog,Low,11,False,False,70.6,1h 10m 36s
T102,2024-03-14,Thursday,Asansol,Dhanbad,12:00,13:00,13:10,14:26,70.6,60,Clear,High,12,False,False,86.1,1h 26m 6s
T103,2024-03-14,Thursday,Howrah,Bardhaman,11:00,12:30,11:00,12:49,0.0,95,Clear,Medium,11,False,False,19.2,0h 19m 12s
T103,2024-03-14,Thursday,Bardhaman,Durgapur,12:30,13:20,12:49,14:20,19.2,55,Fog,Low,12,False,False,60.9,1h 0m 54s
T103,2024-03-14,Thursday,Durgapur,Asansol,13:20,14:00,14:20,15:19,60.9,40,Clear,High,13,False,False,79.6,1h 19m 36s
T103,2024-03-14,Thursday,Asansol,Dhanbad,14:00,15:00,15:19,16:49,79.6,60,Clear,Medium,14,False,False,109.7,1h 49m 42s
T104,2024-03-14,Thursday,Howrah,Bardhaman,13:00,14:30,13:00,14:33,0.0,95,Clear,Low,13,False,False,3.8,0h 3m 48s
T104,2024-03-14,Thursday,Bardhaman,Durgapur,14:30,15:20,14:33,15:37,3.8,55,Rain,Low,14,False,False,17.6,0h 17m 36s
T104,2024-03-14,Thursday,Durgapur,Asansol,15:20,16:00,15:37,16:19,17.6,40,Clear,Low,15,False,False,20.0,0h 20m 0s
T104,2024-03-14,Thursday,Asansol,Dhanbad,16:00,17:00,16:19,17:29,20.0,60,Clear,Medium,16,False,False,29.9,0h 29m 54s
T105,2024-03-14,Thursday,Howrah,Bardhaman,15:00,16:30,15:00,16:38,0.0,95,Clear,Low,15,False,False,8.5,0h 8m 30s
T105,2024-03-14,Thursday,Bardhaman,Durgapur,16:30,17:20,16:38,17:30,8.5,55,Clear,Low,16,False,False,10.4,0h 10m 24s
T105,2024-03-14,Thursday,Durgapur,Asansol,17:20,18:00,17:30,18:38,10.4,40,Clear,High,17,False,False,38.6,0h 38m 36s
T105,2024-03-14,Thursday,Asansol,Dhanbad,18:00,19:00,18:38,19:50,38.6,60,Rain,Low,18,False,False,50.9,0h 50m 54s
T106,2024-03-14,Thursday,Howrah,Bardhaman,17:00,18:30,17:00,18:55,0.0,95,Clear,Medium,17,False,False,25.0,0h 25m 0s
T106,2024-03-14,Thursday,Bardhaman,Durgapur,18:30,19:20,18:55,20:07,25.0,55,Clear,Low,18,False,False,47.0,0h 47m 0s
T106,2024-03-14,Thursday,Durgapur,Asansol,19:20,20:00,20:07,21:28,47.0,40,Rain,Medium,19,False,False,88.0,1h 28m 0s
T106,2024-03-14,Thursday,Asansol,Dhanbad,20:00,21:00,21:28,22:58,88.0,60,Rain,Low,20,False,False,118.7,1h 58m 42s
T107,2024-03-14,Thursday,Howrah,Bardhaman,19:00,20:30,19:00,20:53,0.0,95,Clear,Medium,19,False,False,23.6,0h 23m 36s
T107,2024-03-14,Thursday,Bardhaman,Durgapur,20:30,21:20,20:53,21:57,23.6,55,Clear,Low,20,False,False,37.9,0h 37m 54s
T107,2024-03-14,Thursday,Durgapur,Asansol,21:20,22:00,21:57,22:57,37.9,40,Clear,Medium,21,False,False,57.8,0h 57m 48s
T107,2024-03-14,Thursday,Asansol,Dhanbad,22:00,23:00,22:57,00:13,57.8,60,Clear,Low,22,False,False,73.8,1h 13m 48s
T100,2024-03-15,Friday,Howrah,Bardhaman,05:00,06:30,05:00,06:54,0.0,95,Clear,High,5,False,False,24.0,0h 24m 0s
T100,2024-03-15,Friday,Bardhaman,Durgapur,06:30,07:20,06:54,07:47,24.0,55,Clear,Low,6,False,False,27.6,0h 27m 36s
T100,2024-03-15,Friday,Durgapur,Asansol,07:20,08:00,07:47,08:49,27.6,40,Rain,Medium,7,False,False,49.1,0h 49m 6s
T100,2024-03-15,Friday,Asansol,Dhanbad,08:00,09:00,08:49,10:24,49.1,60,Clear,High,8,False,False,84.9,1h 24m 54s
T101,2024-03-15,Friday,Howrah,Bardhaman,07:00,08:30,07:00,08:44,0.0,95,Clear,High,7,False,False,14.8,0h 14m 48s
T101,2024-03-15,Friday,Bardhaman,Durgapur,08:30,09:20,08:44,10:01,14.8,55,Clear,High,8,False,False,41.9,0h 41m 54s
T101,2024-03-15,Friday,Durgapur,Asansol,09:20,10:00,10:01,11:06,41.9,40,Rain,Medium,9,False,False,66.8,1h 6m 48s
T101,2024-03-15,Friday,Asansol,Dhanbad,10:00,11:00,11:06,12:11,66.8,60,Clear,Low,10,False,False,71.9,1h 11m 54s
T102,2024-03-15,Friday,Howrah,Bardhaman,09:00,10:30,09:00,11:06,0.0,95,Clear,High,9,False,False,36.2,0h 36m 12s
T102,2024-03-15,Friday,Bardhaman,Durgapur,10:30,11:20,11:06,12:22,36.2,55,Rain,Low,10,False,False,63.0,1h 3m 0s
T102,2024-03-15,Friday,Durgapur,Asansol,11:20,12:00,12:22,13:20,63.0,40,Clear,Medium,11,False,False,80.7,1h 20m 42s
T102,2024-03-15,Friday,Asansol,Dhanbad,12:00,13:00,13:20,14:31,80.7,60,Clear,Low,12,False,False,91.2,1h 31m 12s
T103,2024-03-15,Friday,Howrah,Bardhaman,11:00,12:30,11:00,13:15,0.0,95,Clear,High,11,False,False,45.7,0h 45m 42s
T103,2024-03-15,Friday,Bardhaman,Durgapur,12:30,13:20,13:15,14:28,45.7,55,Clear,Low,12,False,False,68.5,1h 8m 30s
T103,2024-03-15,Friday,Durgapur,Asansol,13:20,14:00,14:28,15:42,68.5,40,Fog,Low,13,False,False,102.7,1h 42m 42s
T103,2024-03-15,Friday,Asansol,Dhanbad,14:00,15:00,15:42,17:21,102.7,60,Clear,High,14,False,False,141.4,2h 21m 24s
T104,2024-03-15,Friday,Howrah,Bardhaman,13:00,14:30,13:00,14:44,0.0,95,Clear,Medium,13,False,False,14.3,0h 14m 18s
T104,2024-03-15,Friday,Bardhaman,Durgapur,14:30,15:20,14:44,15:45,14.3,55,Rain,Low,14,False,False,25.9,0h 25m 54s
T104,2024-03-15,Friday,Durgapur,Asansol,15:20,16:00,15:45,16:45,25.9,40,Rain,High,15,False,False,45.8,0h 45m 48s
T104,2024-03-15,Friday,Asansol,Dhanbad,16:00,17:00,16:45,18:27,45.8,60,Fog,Medium,16,False,False,87.4,1h 27m 24s
T105,2024-03-15,Friday,Howrah,Bardhaman,15:00,16:30,15:00,16:42,0.0,95,Clear,Medium,15,False,False,12.2,0h 12m 12s
T105,2024-03-15,Friday,Bardhaman,Durgapur,16:30,17:20,16:42,17:34,12.2,55,Clear,Low,16,False,False,14.1,0h 14m 6s
T105,2024-03-15,Friday,Durgapur,Asansol,17:20,18:00,17:34,18:30,14.1,40,Clear,Medium,17,False,False,30.8,0h 30m 48s
T105,2024-03-15,Friday,Asansol,Dhanbad,18:00,19:00,18:30,20:03,30.8,60,Fog,Medium,18,False,False,63.6,1h 3m 36s
T106,2024-03-15,Friday,Howrah,Bardhaman,17:00,18:30,17:00,18:54,0.0,95,Rain,Low,17,False,False,24.9,0h 24m 54s
T106,2024-03-15,Friday,Bardhaman,Durgapur,18:30,19:20,18:54,20:03,24.9,55,Clear,Low,18,False,False,43.5,0h 43m 30s
T106,2024-03-15,Friday,Durgapur,Asansol,19:20,20:00,20:03,21:23,43.5,40,Clear,Medium,19,False,False,83.5,1h 23m 30s
T106,2024-03-15,Friday,Asansol,Dhanbad,20:00,21:00,21:23,22:57,83.5,60,Clear,High,20,False,False,117.2,1h 57m 12s
T107,2024-03-15,Friday,Howrah,Bardhaman,19:00,20:30,19:00,20:45,0.0,95,Clear,High,19,False,False,15.6,0h 15m 36s
T107,2024-03-15,Friday,Bardhaman,Durgapur,20:30,21:20,20:45,21:56,15.6,55,Clear,Medium,20,False,False,36.5,0h 36m 30s
T107,2024-03-15,Friday,Durgapur,Asansol,21:20,22:00,21:56,22:47,36.5,40,Clear,Low,21,False,False,47.9,0h 47m 54s
T107,2024-03-15,Friday,Asansol,Dhanbad,22:00,23:00,22:47,00:10,47.9,60,Clear,Medium,22,False,False,70.3,1h 10m 18s
T100,2024-03-16,Saturday,Howrah,Bardhaman,05:00,06:30,05:00,06:32,0.0,95,Clear,Low,5,True,False,2.9,0h 2m 54s
T100,2024-03-16,Saturday,Bardhaman,Durgapur,06:30,07:20,06:32,07:48,2.9,55,Rain,Medium,6,True,False,28.6,0h 28m 36s
T100,2024-03-16,Saturday,Durgapur,Asansol,07:20,08:00,07:48,08:53,28.6,40,Rain,Medium,7,True,False,53.8,0h 53m 48s
T100,2024-03-16,Saturday,Asansol,Dhanbad,08:00,09:00,08:53,10:02,53.8,60,Clear,Low,8,True,False,62.0,1h 2m 0s
T101,2024-03-16,Saturday,Howrah,Bardhaman,07:00,08:30,07:00,08:59,0.0,95,Fog,Medium,7,True,False,29.2,0h 29m 12s
T101,2024-03-16,Saturday,Bardhaman,Durgapur,08:30,09:20,08:59,09:49,29.2,55,Clear,Low,8,True,False,29.2,0h 29m 12s
T101,2024-03-16,Saturday,Durgapur,Asansol,09:20,10:00,09:49,10:55,29.2,40,Clear,High,9,True,False,55.1,0h 55m 6s
T101,2024-03-16,Saturday,Asansol,Dhanbad,10:00,11:00,10:55,12:01,55.1,60,Clear,Medium,10,True,False,61.5,1h 1m 30s
T102,2024-03-16,Saturday,Howrah,Bardhaman,09:00,10:30,09:00,10:50,0.0,95,Clear,High,9,True,False,21.0,0h 21m 0s
T102,2024-03-16,Saturday,Bardhaman,Durgapur,10:30,11:20,10:50,12:22,21.0,55,Clear,High,10,True,False,62.1,1h 2m 6s
T102,2024-03-16,Saturday,Durgapur,Asansol,11:20,12:00,12:22,13:06,62.1,40,Clear,Low,11,True,False,66.4,1h 6m 24s
T102,2024-03-16,Saturday,Asansol,Dhanbad,12:00,13:00,13:06,14:33,66.4,60,Clear,High,12,True,False,93.0,1h 33m 0s
T103,2024-03-16,Saturday,Howrah,Bardhaman,11:00,12:30,11:00,12:38,0.0,95,Clear,Low,11,True,False,8.3,0h 8m 18s
T103,2024-03-16,Saturday,Bardhaman,Durgapur,12:30,13:20,12:38,13:45,8.3,55,Clear,Low,12,True,False,25.8,0h 25m 48s
T103,2024-03-16,Saturday,Durgapur,Asansol,13:20,14:00,13:45,14:37,25.8,40,Clear,Low,13,True,False,38.0,0h 38m 0s
T103,2024-03-16,Saturday,Asansol,Dhanbad,14:00,15:00,14:37,16:12,38.0,60,Clear,High,14,True,False,72.6,1h 12m 36s
T104,2024-03-16,Saturday,Howrah,Bardhaman,13:00,14:30,13:00,14:30,0.0,95,Clear,Low,13,True,False,0.0,0h 0m 0s
T104,2024-03-16,Saturday,Bardhaman,Durgapur,14:30,15:20,14:30,15:56,0.0,55,Fog,Medium,14,True,False,36.7,0h 36m 42s
T104,2024-03-16,Saturday,Durgapur,Asansol,15:20,16:00,15:56,16:39,36.7,40,Clear,Medium,15,True,False,40.0,0h 40m 0s
T104,2024-03-16,Saturday,Asansol,Dhanbad,16:00,17:00,16:39,17:39,40.0,60,Clear,Low,16,True,False,40.0,0h 40m 0s
T105,2024-03-16,Saturday,Howrah,Bardhaman,15:00,16:30,15:00,16:43,0.0,95,Rain,Low,15,True,False,13.7,0h 13m 42s
T105,2024-03-16,Saturday,Bardhaman,Durgapur,16:30,17:20,16:43,17:41,13.7,55,Clear,Medium,16,True,False,21.3,0h 21m 18s
T105,2024-03-16,Saturday,Durgapur,Asansol,17:20,18:00,17:41,18:30,21.3,40,Rain,Low,17,True,False,30.9,0h 30m 54s
T105,2024-03-16,Saturday,Asansol,Dhanbad,18:00,19:00,18:30,19:31,30.9,60,Clear,Medium,18,True,False,31.0,0h 31m 0s
T106,2024-03-16,Saturday,Howrah,Bardhaman,17:00,18:30,17:00,18:52,0.0,95,Clear,Low,17,True,False,22.1,0h 22m 6s
T106,2024-03-16,Saturday,Bardhaman,Durgapur,18:30,19:20,18:52,20:08,22.1,55,Fog,Low,18,True,False,48.2,0h 48m 12s
T106,2024-03-16,Saturday,Durgapur,Asansol,19:20,20:00,20:08,21:00,48.2,40,Clear,Low,19,True,False,60.9,1h 0m 54s
T106,2024-03-16,Saturday,Asansol,Dhanbad,20:00,21:00,21:00,22:14,60.9,60,Clear,Low,20,True,False,74.1,1h 14m 6s
T107,2024-03-16,Saturday,Howrah,Bardhaman,19:00,20:30,19:00,20:41,0.0,95,Clear,High,19,True,False,11.9,0h 11m 54s
T107,2024-03-16,Saturday,Bardhaman,Durgapur,20:30,21:20,20:41,21:47,11.9,55,Rain,Low,20,True,False,27.1,0h 27m 6s
T107,2024-03-16,Saturday,Durgapur,Asansol,21:20,22:00,21:47,22:33,27.1,40,Clear,Low,21,True,False,33.5,0h 33m 30s
T107,2024-03-16,Saturday,Asansol,Dhanbad,22:00,23:00,22:33,00:02,33.5,60,Rain,Medium,22,True,False,62.0,1h 2m 0s
T100,2024-03-17,Sunday,Howrah,Bardhaman,05:00,06:30,05:00,06:32,0.0,95,Clear,Low,5,True,False,2.8,0h 2m 48s
T100,2024-03-17,Sunday,Bardhaman,Durgapur,06:30,07:20,06:32,07:25,2.8,55,Clear,Low,6,True,False,5.5,0h 5m 30s
T100,2024-03-17,Sunday,Durgapur,Asansol,07:20,08:00,07:25,08:44,5.5,40,Clear,High,7,True,False,44.7,0h 44m 42s
T100,2024-03-17,Sunday,Asansol,Dhanbad,08:00,09:00,08:44,09:56,44.7,60,Clear,Medium,8,True,False,56.1,0h 56m 6s
T101,2024-03-17,Sunday,Howrah,Bardhaman,07:00,08:30,07:00,08:30,0.0,95,Clear,Medium,7,True,False,0.0,0h 0m 0s
T101,2024-03-17,Sunday,Bardhaman,Durgapur,08:30,09:20,08:30,09:48,0.0,55,Clear,High,8,True,False,28.2,0h 28m 12s
T101,2024-03-17,Sunday,Durgapur,Asansol,09:20,10:00,09:48,10:46,28.2,40,Fog,Low,9,True,False,46.7,0h 46m 42s
T101,2024-03-17,Sunday,Asansol,Dhanbad,10:00,11:00,10:46,11:57,46.7,60,Clear,Medium,10,True,False,57.0,0h 57m 0s
T102,2024-03-17,Sunday,Howrah,Bardhaman,09:00,10:30,09:00,10:35,0.0,95,Clear,Low,9,True,False,5.9,0h 5m 54s
T102,2024-03-17,Sunday,Bardhaman,Durgapur,10:30,11:20,10:35,11:41,5.9,55,Clear,Medium,10,True,False,21.5,0h 21m 30s
T102,2024-03-17,Sunday,Durgapur,Asansol,11:20,12:00,11:41,12:36,21.5,40,Clear,Medium,11,True,False,36.3,0h 36m 18s
T102,2024-03-17,Sunday,Asansol,Dhanbad,12:00,13:00,12:36,13:49,36.3,60,Rain,Medium,12,True,False,49.8,0h 49m 48s
T103,2024-03-17,Sunday,Howrah,Bardhaman,11:00,12:30,11:00,12:50,0.0,95,Clear,Low,11,True,False,20.2,0h 20m 12s
T103,2024-03-17,Sunday,Bardhaman,Durgapur,12:30,13:20,12:50,13:54,20.2,55,Clear,Low,12,True,False,34.3,0h 34m 18s
T103,2024-03-17,Sunday,Durgapur,Asansol,13:20,14:00,13:54,15:05,34.3,40,Rain,Medium,13,True,False,65.7,1h 5m 42s
T103,2024-03-17,Sunday,Asansol,Dhanbad,14:00,15:00,15:05,16:22,65.7,60,Clear,High,14,True,False,82.5,1h 22m 30s
T104,2024-03-17,Sunday,Howrah,Bardhaman,13:00,14:30,13:00,14:50,0.0,95,Clear,High,13,True,False,20.4,0h 20m 24s
T104,2024-03-17,Sunday,Bardhaman,Durgapur,14:30,15:20,14:50,15:40,20.4,55,Clear,Low,14,True,False,20.4,0h 20m 24s
T104,2024-03-17,Sunday,Durgapur,Asansol,15:20,16:00,15:40,16:23,20.4,40,Rain,Low,15,True,False,23.6,0h 23m 36s
T104,2024-03-17,Sunday,Asansol,Dhanbad,16:00,17:00,16:23,17:29,23.6,60,Clear,Medium,16,True,False,29.9,0h 29m 54s
T105,2024-03-17,Sunday,Howrah,Bardhaman,15:00,16:30,15:00,16:46,0.0,95,Clear,Medium,15,True,False,16.3,0h 16m 18s
T105,2024-03-17,Sunday,Bardhaman,Durgapur,16:30,17:20,16:46,17:49,16.3,55,Clear,High,16,True,False,29.9,0h 29m 54s
T105,2024-03-17,Sunday,Durgapur,Asansol,17:20,18:00,17:49,18:32,29.9,40,Clear,Low,17,True,False,32.6,0h 32m 36s
T105,2024-03-17,Sunday,Asansol,Dhanbad,18:00,19:00,18:32,19:48,32.6,60,Rain,Medium,18,True,False,48.0,0h 48m 0s
T106,2024-03-17,Sunday,Howrah,Bardhaman,17:00,18:30,17:00,18:43,0.0,95,Clear,Low,17,True,False,13.5,0h 13m 30s
T106,2024-03-17,Sunday,Bardhaman,Durgapur,18:30,19:20,18:43,19:55,13.5,55,Clear,Medium,18,True,False,35.6,0h 35m 36s
T106,2024-03-17,Sunday,Durgapur,Asansol,19:20,20:00,19:55,20:52,35.6,40,Clear,Medium,19,True,False,52.8,0h 52m 48s
T106,2024-03-17,Sunday,Asansol,Dhanbad,20:00,21:00,20:52,22:10,52.8,60,Clear,Medium,20,True,False,70.1,1h 10m 6s
T107,2024-03-17,Sunday,Howrah,Bardhaman,19:00,20:30,19:00,20:35,0.0,95,Clear,Low,19,True,False,5.2,0h 5m 12s
T107,2024-03-17,Sunday,Bardhaman,Durgapur,20:30,21:20,20:35,21:32,5.2,55,Clear,Low,20,True,False,12.7,0h 12m 42s
T107,2024-03-17,Sunday,Durgapur,Asansol,21:20,22:00,21:32,22:38,12.7,40,Fog,Low,21,True,False,38.6,0h 38m 36s
T107,2024-03-17,Sunday,Asansol,Dhanbad,22:00,23:00,22:38,00:16,38.6,60,Clear,High,22,True,False,76.8,1h 16m 48s
T100,2024-03-18,Monday,Howrah,Bardhaman,05:00,06:30,05:00,06:45,0.0,95,Clear,Medium,5,False,False,15.8,0h 15m 48s
T100,2024-03-18,Monday,Bardhaman,Durgapur,06:30,07:20,06:45,07:53,15.8,55,Clear,Medium,6,False,False,33.7,0h 33m 42s
T100,2024-03-18,Monday,Durgapur,Asansol,07:20,08:00,07:53,09:16,33.7,40,Rain,High,7,False,False,76.9,1h 16m 54s
T100,2024-03-18,Monday,Asansol,Dhanbad,08:00,09:00,09:16,10:47,76.9,60,Clear,High,8,False,False,107.4,1h 47m 24s
T101,2024-03-18,Monday,Howrah,Bardhaman,07:00,08:30,07:00,08:41,0.0,95,Clear,High,7,False,False,11.1,0h 11m 6s
T101,2024-03-18,Monday,Bardhaman,Durgapur,08:30,09:20,08:41,10:03,11.1,55,Clear,High,8,False,False,43.3,0h 43m 18s
T101,2024-03-18,Monday,Durgapur,Asansol,09:20,10:00,10:03,10:47,43.3,40,Clear,Medium,9,False,False,47.2,0h 47m 12s
T101,2024-03-18,Monday,Asansol,Dhanbad,10:00,11:00,10:47,12:19,47.2,60,Fog,High,10,False,False,79.5,1h 19m 30s
T102,2024-03-18,Monday,Howrah,Bardhaman,09:00,10:30,09:00,10:47,0.0,95,Clear,Medium,9,False,False,18.0,0h 18m 0s
T102,2024-03-18,Monday,Bardhaman,Durgapur,10:30,11:20,10:47,11:56,18.0,55,Clear,Medium,10,False,False,36.9,0h 36m 54s
T102,2024-03-18,Monday,Durgapur,Asansol,11:20,12:00,11:56,12:45,36.9,40,Clear,Low,11,False,False,45.3,0h 45m 18s
T102,2024-03-18,Monday,Asansol,Dhanbad,12:00,13:00,12:45,14:08,45.3,60,Clear,Medium,12,False,False,68.6,1h 8m 36s
T103,2024-03-18,Monday,Howrah,Bardhaman,11:00,12:30,11:00,12:44,0.0,95,Clear,Low,11,False,False,14.7,0h 14m 42s
T103,2024-03-18,Monday,Bardhaman,Durgapur,12:30,13:20,12:44,13:55,14.7,55,Clear,Medium,12,False,False,35.4,0h 35m 24s
T103,2024-03-18,Monday,Durgapur,Asansol,13:20,14:00,13:55,14:52,35.4,40,Clear,Low,13,False,False,52.3,0h 52m 18s
T103,2024-03-18,Monday,Asansol,Dhanbad,14:00,15:00,14:52,16:39,52.3,60,Fog,Low,14,False,False,99.9,1h 39m 54s
T104,2024-03-18,Monday,Howrah,Bardhaman,13:00,14:30,13:00,14:38,0.0,95,Clear,Medium,13,False,False,8.9,0h 8m 54s
T104,2024-03-18,Monday,Bardhaman,Durgapur,14:30,15:20,14:38,15:49,8.9,55,Clear,High,14,False,False,29.3,0h 29m 18s
T104,2024-03-18,Monday,Durgapur,Asansol,15:20,16:00,15:49,16:31,29.3,40,Clear,Low,15,False,False,31.7,0h 31m 42s
T104,2024-03-18,Monday,Asansol,Dhanbad,16:00,17:00,16:31,17:34,31.7,60,Clear,Medium,16,False,False,34.1,0h 34m 6s
T105,2024-03-18,Monday,Howrah,Bardhaman,15:00,16:30,15:00,16:44,0.0,95,Clear,Medium,15,False,False,14.6,0h 14m 36s
T105,2024-03-18,Monday,Bardhaman,Durgapur,16:30,17:20,16:44,17:40,14.6,55,Clear,Medium,16,False,False,20.8,0h 20m 48s
T105,2024-03-18,Monday,Durgapur,Asansol,17:20,18:00,17:40,18:57,20.8,40,Clear,High,17,False,False,57.1,0h 57m 6s
T105,2024-03-18,Monday,Asansol,Dhanbad,18:00,19:00,18:57,20:36,57.1,60,Clear,High,18,False,False,96.6,1h 36m 36s
T106,2024-03-18,Monday,Howrah,Bardhaman,17:00,18:30,17:00,19:08,0.0,95,Fog,Low,17,False,False,38.5,0h 38m 30s
T106,2024-03-18,Monday,Bardhaman,Durgapur,18:30,19:20,19:08,21:08,38.5,55,Fog,High,18,False,False,108.1,1h 48m 6s
T106,2024-03-18,Monday,Durgapur,Asansol,19:20,20:00,21:08,22:38,108.1,40,Clear,High,19,False,False,158.1,2h 38m 6s
T106,2024-03-18,Monday,Asansol,Dhanbad,20:00,21:00,22:38,00:17,158.1,60,Clear,High,20,False,False,197.5,3h 17m 30s
T107,2024-03-18,Monday,Howrah,Bardhaman,19:00,20:30,19:00,21:26,0.0,95,Rain,High,19,False,False,56.4,0h 56m 24s
T107,2024-03-18,Monday,Bardhaman,Durgapur,20:30,21:20,21:26,22:35,56.4,55,Rain,Medium,20,False,False,75.3,1h 15m 18s
T107,2024-03-18,Monday,Durgapur,Asansol,21:20,22:00,22:35,23:41,75.3,40,Rain,Low,21,False,False,101.7,1h 41m 42s
T107,2024-03-18,Monday,Asansol,Dhanbad,22:00,23:00,23:41,00:58,101.7,60,Clear,Medium,22,False,False,118.8,1h 58m 48s
T100,2024-03-19,Tuesday,Howrah,Bardhaman,05:00,06:30,05:00,06:30,0.0,95,Clear,Low,5,False,False,0.9,0h 0m 54s
T100,2024-03-19,Tuesday,Bardhaman,Durgapur,06:30,07:20,06:30,07:43,0.9,55,Rain,Low,6,False,False,23.8,0h 23m 48s
T100,2024-03-19,Tuesday,Durgapur,Asansol,07:20,08:00,07:43,08:49,23.8,40,Clear,High,7,False,False,49.5,0h 49m 30s
T100,2024-03-19,Tuesday,Asansol,Dhanbad,08:00,09:00,08:49,10:43,49.5,60,Rain,High,8,False,False,103.3,1h 43m 18s
T101,2024-03-19,Tuesday,Howrah,Bardhaman,07:00,08:30,07:00,09:10,0.0,95,Rain,High,7,False,False,40.6,0h 40m 36s
T101,2024-03-19,Tuesday,Bardhaman,Durgapur,08:30,09:20,09:10,10:14,40.6,55,Clear,Medium,8,False,False,54.5,0h 54m 30s
T101,2024-03-19,Tuesday,Durgapur,Asansol,09:20,10:00,10:14,11:06,54.5,40,Clear,Medium,9,False,False,66.6,1h 6m 36s
T101,2024-03-19,Tuesday,Asansol,Dhanbad,10:00,11:00,11:06,12:21,66.6,60,Clear,Medium,10,False,False,82.0,1h 22m 0s
T102,2024-03-19,Tuesday,Howrah,Bardhaman,09:00,10:30,09:00,10:45,0.0,95,Clear,Medium,9,False,False,16.0,0h 16m 0s
T102,2024-03-19,Tuesday,Bardhaman,Durgapur,10:30,11:20,10:45,11:59,16.0,55,Fog,Low,10,False,False,39.8,0h 39m 48s
T102,2024-03-19,Tuesday,Durgapur,Asansol,11:20,12:00,11:59,12:53,39.8,40,Fog,Low,11,False,False,53.8,0h 53m 48s
T102,2024-03-19,Tuesday,Asansol,Dhanbad,12:00,13:00,12:53,14:03,53.8,60,Clear,Low,12,False,False,63.7,1h 3m 42s
T103,2024-03-19,Tuesday,Howrah,Bardhaman,11:00,12:30,11:00,12:54,0.0,95,Clear,Low,11,False,False,24.8,0h 24m 48s
T103,2024-03-19,Tuesday,Bardhaman,Durgapur,12:30,13:20,12:54,14:41,24.8,55,Fog,High,12,False,False,81.3,1h 21m 18s
T103,2024-03-19,Tuesday,Durgapur,Asansol,13:20,14:00,14:41,15:35,81.3,40,Clear,Medium,13,False,False,95.4,1h 35m 24s
T103,2024-03-19,Tuesday,Asansol,Dhanbad,14:00,15:00,15:35,17:17,95.4,60,Fog,Medium,14,False,False,137.6,2h 17m 36s
T104,2024-03-19,Tuesday,Howrah,Bardhaman,13:00,14:30,13:00,14:30,0.0,95,Clear,Low,13,False,False,0.0,0h 0m 0s
T104,2024-03-19,Tuesday,Bardhaman,Durgapur,14:30,15:20,14:30,15:27,0.0,55,Clear,Medium,14,False,False,7.2,0h 7m 12s
T104,2024-03-19,Tuesday,Durgapur,Asansol,15:20,16:00,15:27,16:07,7.2,40,Clear,Low,15,False,False,7.2,0h 7m 12s
T104,2024-03-19,Tuesday,Asansol,Dhanbad,16:00,17:00,16:07,17:21,7.2,60,Rain,Medium,16,False,False,21.0,0h 21m 0s
T105,2024-03-19,Tuesday,Howrah,Bardhaman,15:00,16:30,15:00,16:51,0.0,95,Rain,Low,15,False,False,21.5,0h 21m 30s
T105,2024-03-19,Tuesday,Bardhaman,Durgapur,16:30,17:20,16:51,17:45,21.5,55,Clear,Low,16,False,False,25.4,0h 25m 24s
T105,2024-03-19,Tuesday,Durgapur,Asansol,17:20,18:00,17:45,18:37,25.4,40,Clear,Medium,17,False,False,37.3,0h 37m 18s
T105,2024-03-19,Tuesday,Asansol,Dhanbad,18:00,19:00,18:37,19:47,37.3,60,Clear,Medium,18,False,False,47.6,0h 47m 36s
T106,2024-03-19,Tuesday,Howrah,Bardhaman,17:00,18:30,17:00,18:50,0.0,95,Clear,Medium,17,False,False,20.7,0h 20m 42s
T106,2024-03-19,Tuesday,Bardhaman,Durgapur,18:30,19:20,18:50,20:07,20.7,55,Clear,Medium,18,False,False,47.9,0h 47m 54s
T106,2024-03-19,Tuesday,Durgapur,Asansol,19:20,20:00,20:07,21:32,47.9,40,Clear,High,19,False,False,92.3,1h 32m 18s
T106,2024-03-19,Tuesday,Asansol,Dhanbad,20:00,21:00,21:32,22:50,92.3,60,Clear,Medium,20,False,False,111.0,1h 51m 0s
T107,2024-03-19,Tuesday,Howrah,Bardhaman,19:00,20:30,19:00,20:55,0.0,95,Clear,High,19,False,False,25.8,0h 25m 48s
T107,2024-03-19,Tuesday,Bardhaman,Durgapur,20:30,21:20,20:55,21:57,25.8,55,Clear,Low,20,False,False,38.0,0h 38m 0s
T107,2024-03-19,Tuesday,Durgapur,Asansol,21:20,22:00,21:57,23:24,38.0,40,Fog,High,21,False,False,84.5,1h 24m 30s
T107,2024-03-19,Tuesday,Asansol,Dhanbad,22:00,23:00,23:24,00:46,84.5,60,Rain,Low,22,False,False,106.6,1h 46m 36s
T100,2024-03-20,Wednesday,Howrah,Bardhaman,05:00,06:30,05:00,06:40,0.0,95,Clear,Low,5,False,False,10.0,0h 10m 0s
T100,2024-03-20,Wednesday,Bardhaman,Durgapur,06:30,07:20,06:40,07:37,10.0,55,Clear,Low,6,False,False,17.7,0h 17m 42s
T100,2024-03-20,Wednesday,Durgapur,Asansol,07:20,08:00,07:37,09:08,17.7,40,Clear,High,7,False,False,68.3,1h 8m 18s
T100,2024-03-20,Wednesday,Asansol,Dhanbad,08:00,09:00,09:08,10:39,68.3,60,Clear,High,8,False,False,99.9,1h 39m 54s
T101,2024-03-20,Wednesday,Howrah,Bardhaman,07:00,08:30,07:00,08:41,0.0,95,Clear,Medium,7,False,False,11.4,0h 11m 24s
T101,2024-03-20,Wednesday,Bardhaman,Durgapur,08:30,09:20,08:41,10:08,11.4,55,Clear,High,8,False,False,48.4,0h 48m 24s
T101,2024-03-20,Wednesday,Durgapur,Asansol,09:20,10:00,10:08,11:06,48.4,40,Clear,High,9,False,False,66.3,1h 6m 18s
T101,2024-03-20,Wednesday,Asansol,Dhanbad,10:00,11:00,11:06,12:08,66.3,60,Clear,Low,10,False,False,68.9,1h 8m 54s
T102,2024-03-20,Wednesday,Howrah,Bardhaman,09:00,10:30,09:00,10:42,0.0,95,Clear,Low,9,False,False,12.1,0h 12m 6s
T102,2024-03-20,Wednesday,Bardhaman,Durgapur,10:30,11:20,10:42,11:45,12.1,55,Clear,Low,10,False,False,25.4,0h 25m 24s
T102,2024-03-20,Wednesday,Durgapur,Asansol,11:20,12:00,11:45,12:35,25.4,40,Clear,Low,11,False,False,35.8,0h 35m 48s
T102,2024-03-20,Wednesday,Asansol,Dhanbad,12:00,13:00,12:35,13:56,35.8,60,Clear,Medium,12,False,False,56.9,0h 56m 54s
T103,2024-03-20,Wednesday,Howrah,Bardhaman,11:00,12:30,11:00,12:59,0.0,95,Fog,Medium,11,False,False,29.4,0h 29m 24s
T103,2024-03-20,Wednesday,Bardhaman,Durgapur,12:30,13:20,12:59,14:14,29.4,55,Clear,Medium,12,False,False,54.1,0h 54m 6s
T103,2024-03-20,Wednesday,Durgapur,Asansol,13:20,14:00,14:14,15:21,54.1,40,Fog,Low,13,False,False,81.6,1h 21m 36s
T103,2024-03-20,Wednesday,Asansol,Dhanbad,14:00,15:00,15:21,16:48,81.6,60,Rain,Medium,14,False,False,108.3,1h 48m 18s
T104,2024-03-20,Wednesday,Howrah,Bardhaman,13:00,14:30,13:00,14:46,0.0,95,Clear,Medium,13,False,False,16.2,0h 16m 12s
T104,2024-03-20,Wednesday,Bardhaman,Durgapur,14:30,15:20,14:46,16:06,16.2,55,Rain,Medium,14,False,False,46.1,0h 46m 6s
T104,2024-03-20,Wednesday,Durgapur,Asansol,15:20,16:00,16:06,16:49,46.1,40,Clear,Low,15,False,False,49.1,0h 49m 6s
T104,2024-03-20,Wednesday,Asansol,Dhanbad,16:00,17:00,16:49,17:50,49.1,60,Clear,Low,16,False,False,50.8,0h 50m 48s
T105,2024-03-20,Wednesday,Howrah,Bardhaman,15:00,16:30,15:00,16:42,0.0,95,Clear,High,15,False,False,12.2,0h 12m 12s
T105,2024-03-20,Wednesday,Bardhaman,Durgapur,16:30,17:20,16:42,17:37,12.2,55,Clear,Medium,16,False,False,17.7,0h 17m 42s
T105,2024-03-20,Wednesday,Durgapur,Asansol,17:20,18:00,17:37,18:42,17.7,40,Rain,Medium,17,False,False,42.8,0h 42m 48s
T105,2024-03-20,Wednesday,Asansol,Dhanbad,18:00,19:00,18:42,20:03,42.8,60,Clear,High,18,False,False,63.9,1h 3m 54s
T106,2024-03-20,Wednesday,Howrah,Bardhaman,17:00,18:30,17:00,19:17,0.0,95,Clear,High,17,False,False,47.8,0h 47m 48s
T106,2024-03-20,Wednesday,Bardhaman,Durgapur,18:30,19:20,19:17,20:55,47.8,55,Rain,High,18,False,False,95.2,1h 35m 12s
T106,2024-03-20,Wednesday,Durgapur,Asansol,19:20,20:00,20:55,22:02,95.2,40,Clear,Medium,19,False,False,122.7,2h 2m 42s
T106,2024-03-20,Wednesday,Asansol,Dhanbad,20:00,21:00,22:02,23:38,122.7,60,Rain,Medium,20,False,False,158.9,2h 38m 54s
T107,2024-03-20,Wednesday,Howrah,Bardhaman,19:00,20:30,19:00,20:57,0.0,95,Rain,High,19,False,False,27.2,0h 27m 12s
T107,2024-03-20,Wednesday,Bardhaman,Durgapur,20:30,21:20,20:57,22:18,27.2,55,Rain,Medium,20,False,False,58.0,0h 58m 0s
T107,2024-03-20,Wednesday,Durgapur,Asansol,21:20,22:00,22:18,23:11,58.0,40,Clear,Low,21,False,False,72.0,1h 12m 0s
T107,2024-03-20,Wednesday,Asansol,Dhanbad,22:00,23:00,23:11,00:51,72.0,60,Fog,Low,22,False,False,111.4,1h 51m 24s
T100,2024-03-21,Thursday,Howrah,Bardhaman,05:00,06:30,05:00,07:05,0.0,95,Rain,High,5,False,False,35.2,0h 35m 12s
T100,2024-03-21,Thursday,Bardhaman,Durgapur,06:30,07:20,07:05,08:12,35.2,55,Clear,High,6,False,False,52.0,0h 52m 0s
T100,2024-03-21,Thursday,Durgapur,Asansol,07:20,08:00,08:12,08:59,52.0,40,Clear,Low,7,False,False,59.8,0h 59m 48s
T100,2024-03-21,Thursday,Asansol,Dhanbad,08:00,09:00,08:59,10:11,59.8,60,Clear,Medium,8,False,False,71.9,1h 11m 54s
T101,2024-03-21,Thursday,Howrah,Bardhaman,07:00,08:30,07:00,08:39,0.0,95,Clear,Low,7,False,False,9.7,0h 9m 42s
T101,2024-03-21,Thursday,Bardhaman,Durgapur,08:30,09:20,08:39,09:40,9.7,55,Clear,High,8,False,False,20.8,0h 20m 48s
T101,2024-03-21,Thursday,Durgapur,Asansol,09:20,10:00,09:40,10:39,20.8,40,Clear,High,9,False,False,39.6,0h 39m 36s
T101,2024-03-21,Thursday,Asansol,Dhanbad,10:00,11:00,10:39,12:02,39.6,60,Clear,High,10,False,False,62.4,1h 2m 24s
T102,2024-03-21,Thursday,Howrah,Bardhaman,09:00,10:30,09:00,11:06,0.0,95,Clear,High,9,False,False,36.4,0h 36m 24s
T102,2024-03-21,Thursday,Bardhaman,Durgapur,10:30,11:20,11:06,12:07,36.4,55,Clear,Low,10,False,False,47.1,0h 47m 6s
T102,2024-03-21,Thursday,Durgapur,Asansol,11:20,12:00,12:07,13:24,47.1,40,Clear,High,11,False,False,84.1,1h 24m 6s
T102,2024-03-21,Thursday,Asansol,Dhanbad,12:00,13:00,13:24,14:44,84.1,60,Rain,Low,12,False,False,104.1,1h 44m 6s
T103,2024-03-21,Thursday,Howrah,Bardhaman,11:00,12:30,11:00,12:45,0.0,95,Clear,Low,11,False,False,15.3,0h 15m 18s
T103,2024-03-21,Thursday,Bardhaman,Durgapur,12:30,13:20,12:45,13:54,15.3,55,Clear,Low,12,False,False,34.2,0h 34m 12s
T103,2024-03-21,Thursday,Durgapur,Asansol,13:20,14:00,13:54,14:55,34.2,40,Clear,Low,13,False,False,55.0,0h 55m 0s
T103,2024-03-21,Thursday,Asansol,Dhanbad,14:00,15:00,14:55,16:11,55.0,60,Clear,Low,14,False,False,71.0,1h 11m 0s
T104,2024-03-21,Thursday,Howrah,Bardhaman,13:00,14:30,13:00,14:39,0.0,95,Clear,Low,13,False,False,9.6,0h 9m 36s
T104,2024-03-21,Thursday,Bardhaman,Durgapur,14:30,15:20,14:39,15:34,9.6,55,Clear,Low,14,False,False,14.2,0h 14m 12s
T104,2024-03-21,Thursday,Durgapur,Asansol,15:20,16:00,15:34,16:30,14.2,40,Fog,Medium,15,False,False,30.8,0h 30m 48s
T104,2024-03-21,Thursday,Asansol,Dhanbad,16:00,17:00,16:30,17:41,30.8,60,Clear,Medium,16,False,False,41.6,0h 41m 36s
T105,2024-03-21,Thursday,Howrah,Bardhaman,15:00,16:30,15:00,16:57,0.0,95,Rain,Medium,15,False,False,27.2,0h 27m 12s
T105,2024-03-21,Thursday,Bardhaman,Durgapur,16:30,17:20,16:57,18:07,27.2,55,Fog,Medium,16,False,False,47.9,0h 47m 54s
T105,2024-03-21,Thursday,Durgapur,Asansol,17:20,18:00,18:07,19:16,47.9,40,Clear,High,17,False,False,76.2,1h 16m 12s
T105,2024-03-21,Thursday,Asansol,Dhanbad,18:00,19:00,19:16,20:29,76.2,60,Clear,Medium,18,False,False,89.3,1h 29m 18s
T106,2024-03-21,Thursday,Howrah,Bardhaman,17:00,18:30,17:00,19:13,0.0,95,Clear,High,17,False,False,43.8,0h 43m 48s
T106,2024-03-21,Thursday,Bardhaman,Durgapur,18:30,19:20,19:13,20:25,43.8,55,Clear,Medium,18,False,False,65.7,1h 5m 42s
T106,2024-03-21,Thursday,Durgapur,Asansol,19:20,20:00,20:25,21:35,65.7,40,Clear,High,19,False,False,95.8,1h 35m 48s
T106,2024-03-21,Thursday,Asansol,Dhanbad,20:00,21:00,21:35,23:26,95.8,60,Rain,High,20,False,False,147.0,2h 27m 0s
T107,2024-03-21,Thursday,Howrah,Bardhaman,19:00,20:30,19:00,20:43,0.0,95,Clear,Low,19,False,False,13.1,0h 13m 6s
T107,2024-03-21,Thursday,Bardhaman,Durgapur,20:30,21:20,20:43,21:55,13.1,55,Clear,Medium,20,False,False,35.5,0h 35m 30s
T107,2024-03-21,Thursday,Durgapur,Asansol,21:20,22:00,21:55,23:09,35.5,40,Clear,High,21,False,False,69.6,1h 9m 36s
T107,2024-03-21,Thursday,Asansol,Dhanbad,22:00,23:00,23:09,00:35,69.6,60,Fog,Low,22,False,False,95.8,1h 35m 48s
T100,2024-03-22,Friday,Howrah,Bardhaman,05:00,06:30,05:00,06:43,0.0,95,Clear,Medium,5,False,False,13.9,0h 13m 54s
T100,2024-03-22,Friday,Bardhaman,Durgapur,06:30,07:20,06:43,08:09,13.9,55,Rain,High,6,False,False,49.8,0h 49m 48s
T100,2024-03-22,Friday,Durgapur,Asansol,07:20,08:00,08:09,09:08,49.8,40,Clear,Medium,7,False,False,68.8,1h 8m 48s
T100,2024-03-22,Friday,Asansol,Dhanbad,08:00,09:00,09:08,10:52,68.8,60,Rain,High,8,False,False,112.1,1h 52m 6s
T101,2024-03-22,Friday,Howrah,Bardhaman,07:00,08:30,07:00,08:43,0.0,95,Clear,High,7,False,False,13.9,0h 13m 54s
T101,2024-03-22,Friday,Bardhaman,Durgapur,08:30,09:20,08:43,09:48,13.9,55,Clear,Medium,8,False,False,28.5,0h 28m 30s
T101,2024-03-22,Friday,Durgapur,Asansol,09:20,10:00,09:48,10:32,28.5,40,Clear,Low,9,False,False,32.8,0h 32m 48s
T101,2024-03-22,Friday,Asansol,Dhanbad,10:00,11:00,10:32,11:43,32.8,60,Rain,Low,10,False,False,43.7,0h 43m 42s
T102,2024-03-22,Friday,Howrah,Bardhaman,09:00,10:30,09:00,10:50,0.0,95,Clear,High,9,False,False,20.8,0h 20m 48s
T102,2024-03-22,Friday,Bardhaman,Durgapur,10:30,11:20,10:50,12:09,20.8,55,Rain,Low,10,False,False,49.8,0h 49m 48s
T102,2024-03-22,Friday,Durgapur,Asansol,11:20,12:00,12:09,13:25,49.8,40,Fog,Medium,11,False,False,85.2,1h 25m 12s
T102,2024-03-22,Friday,Asansol,Dhanbad,12:00,13:00,13:25,14:50,85.2,60,Fog,Low,12,False,False,110.0,1h 50m 0s
T103,2024-03-22,Friday,Howrah,Bardhaman,11:00,12:30,11:00,12:51,0.0,95,Clear,Low,11,False,False,21.8,0h 21m 48s
T103,2024-03-22,Friday,Bardhaman,Durgapur,12:30,13:20,12:51,14:11,21.8,55,Clear,Medium,12,False,False,51.1,0h 51m 6s
T103,2024-03-22,Friday,Durgapur,Asansol,13:20,14:00,14:11,15:10,51.1,40,Clear,Low,13,False,False,70.7,1h 10m 42s
T103,2024-03-22,Friday,Asansol,Dhanbad,14:00,15:00,15:10,16:30,70.7,60,Clear,Low,14,False,False,90.9,1h 30m 54s
T104,2024-03-22,Friday,Howrah,Bardhaman,13:00,14:30,13:00,14:44,0.0,95,Clear,Medium,13,False,False,14.7,0h 14m 42s
T104,2024-03-22,Friday,Bardhaman,Durgapur,14:30,15:20,14:44,15:39,14.7,55,Clear,Medium,14,False,False,19.3,0h 19m 18s
T104,2024-03-22,Friday,Durgapur,Asansol,15:20,16:00,15:39,16:47,19.3,40,Clear,High,15,False,False,47.5,0h 47m 30s
T104,2024-03-22,Friday,Asansol,Dhanbad,16:00,17:00,16:47,17:54,47.5,60,Clear,Low,16,False,False,54.4,0h 54m 24s
T105,2024-03-22,Friday,Howrah,Bardhaman,15:00,16:30,15:00,16:56,0.0,95,Fog,Medium,15,False,False,26.2,0h 26m 12s
T105,2024-03-22,Friday,Bardhaman,Durgapur,16:30,17:20,16:56,17:52,26.2,55,Clear,Low,16,False,False,32.1,0h 32m 6s
T105,2024-03-22,Friday,Durgapur,Asansol,17:20,18:00,17:52,19:00,32.1,40,Clear,High,17,False,False,60.4,1h 0m 24s
T105,2024-03-22,Friday,Asansol,Dhanbad,18:00,19:00,19:00,20:27,60.4,60,Fog,Low,18,False,False,88.0,1h 28m 0s
T106,2024-03-22,Friday,Howrah,Bardhaman,17:00,18:30,17:00,18:59,0.0,95,Rain,High,17,False,False,29.8,0h 29m 48s
T106,2024-03-22,Friday,Bardhaman,Durgapur,18:30,19:20,18:59,20:26,29.8,55,Clear,High,18,False,False,66.8,1h 6m 48s
T106,2024-03-22,Friday,Durgapur,Asansol,19:20,20:00,20:26,21:39,66.8,40,Clear,Medium,19,False,False,99.3,1h 39m 18s
T106,2024-03-22,Friday,Asansol,Dhanbad,20:00,21:00,21:39,22:55,99.3,60,Clear,Low,20,False,False,116.0,1h 56m 0s
T107,2024-03-22,Friday,Howrah,Bardhaman,19:00,20:30,19:00,21:09,0.0,95,Rain,High,19,False,False,39.6,0h 39m 36s
T107,2024-03-22,Friday,Bardhaman,Durgapur,20:30,21:20,21:09,22:19,39.6,55,Clear,Medium,20,False,False,59.8,0h 59m 48s
T107,2024-03-22,Friday,Durgapur,Asansol,21:20,22:00,22:19,23:09,59.8,40,Clear,Low,21,False,False,69.8,1h 9m 48s
T107,2024-03-22,Friday,Asansol,Dhanbad,22:00,23:00,23:09,00:24,69.8,60,Clear,Medium,22,False,False,84.8,1h 24m 48s
T100,2024-03-23,Saturday,Howrah,Bardhaman,05:00,06:30,05:00,06:33,0.0,95,Clear,Low,5,True,False,3.6,0h 3m 36s
T100,2024-03-23,Saturday,Bardhaman,Durgapur,06:30,07:20,06:33,07:36,3.6,55,Clear,Medium,6,True,False,16.7,0h 16m 42s
T100,2024-03-23,Saturday,Durgapur,Asansol,07:20,08:00,07:36,08:25,16.7,40,Rain,Medium,7,True,False,25.7,0h 25m 42s
T100,2024-03-23,Saturday,Asansol,Dhanbad,08:00,09:00,08:25,09:39,25.7,60,Rain,Low,8,True,False,39.6,0h 39m 36s
T101,2024-03-23,Saturday,Howrah,Bardhaman,07:00,08:30,07:00,08:31,0.0,95,Clear,Low,7,True,False,1.4,0h 1m 24s
T101,2024-03-23,Saturday,Bardhaman,Durgapur,08:30,09:20,08:31,09:23,1.4,55,Clear,Low,8,True,False,3.1,0h 3m 6s
T101,2024-03-23,Saturday,Durgapur,Asansol,09:20,10:00,09:23,10:03,3.1,40,Clear,Medium,9,True,False,3.1,0h 3m 6s
T101,2024-03-23,Saturday,Asansol,Dhanbad,10:00,11:00,10:03,11:12,3.1,60,Clear,High,10,True,False,12.0,0h 12m 0s
T102,2024-03-23,Saturday,Howrah,Bardhaman,09:00,10:30,09:00,10:46,0.0,95,Rain,Low,9,True,False,16.4,0h 16m 24s
T102,2024-03-23,Saturday,Bardhaman,Durgapur,10:30,11:20,10:46,11:47,16.4,55,Rain,Low,10,True,False,27.3,0h 27m 18s
T102,2024-03-23,Saturday,Durgapur,Asansol,11:20,12:00,11:47,12:42,27.3,40,Clear,Medium,11,True,False,42.2,0h 42m 12s
T102,2024-03-23,Saturday,Asansol,Dhanbad,12:00,13:00,12:42,13:48,42.2,60,Clear,Low,12,True,False,48.8,0h 48m 48s
T103,2024-03-23,Saturday,Howrah,Bardhaman,11:00,12:30,11:00,12:47,0.0,95,Rain,Low,11,True,False,17.3,0h 17m 18s
T103,2024-03-23,Saturday,Bardhaman,Durgapur,12:30,13:20,12:47,13:52,17.3,55,Clear,Medium,12,True,False,32.7,0h 32m 42s
T103,2024-03-23,Saturday,Durgapur,Asansol,13:20,14:00,13:52,15:01,32.7,40,Clear,High,13,True,False,61.8,1h 1m 48s
T103,2024-03-23,Saturday,Asansol,Dhanbad,14:00,15:00,15:01,16:40,61.8,60,Fog,Low,14,True,False,100.1,1h 40m 6s
T104,2024-03-23,Saturday,Howrah,Bardhaman,13:00,14:30,13:00,14:59,0.0,95,Rain,Medium,13,True,False,29.1,0h 29m 6s
T104,2024-03-23,Saturday,Bardhaman,Durgapur,14:30,15:20,14:59,16:02,29.1,55,Clear,Medium,14,True,False,42.3,0h 42m 18s
T104,2024-03-23,Saturday,Durgapur,Asansol,15:20,16:00,16:02,16:49,42.3,40,Rain,Low,15,True,False,49.7,0h 49m 42s
T104,2024-03-23,Saturday,Asansol,Dhanbad,16:00,17:00,16:49,18:04,49.7,60,Clear,High,16,True,False,64.9,1h 4m 54s
T105,2024-03-23,Saturday,Howrah,Bardhaman,15:00,16:30,15:00,16:40,0.0,95,Clear,Medium,15,True,False,10.6,0h 10m 36s
T105,2024-03-23,Saturday,Bardhaman,Durgapur,16:30,17:20,16:40,17:30,10.6,55,Fog,Low,16,True,False,10.6,0h 10m 36s
T105,2024-03-23,Saturday,Durgapur,Asansol,17:20,18:00,17:30,18:10,10.6,40,Rain,Low,17,True,False,10.6,0h 10m 36s
T105,2024-03-23,Saturday,Asansol,Dhanbad,18:00,19:00,18:10,19:15,10.6,60,Clear,Low,18,True,False,15.8,0h 15m 48s
T106,2024-03-23,Saturday,Howrah,Bardhaman,17:00,18:30,17:00,18:40,0.0,95,Clear,Low,17,True,False,10.8,0h 10m 48s
T106,2024-03-23,Saturday,Bardhaman,Durgapur,18:30,19:20,18:40,19:43,10.8,55,Clear,Low,18,True,False,23.2,0h 23m 12s
T106,2024-03-23,Saturday,Durgapur,Asansol,19:20,20:00,19:43,21:03,23.2,40,Clear,High,19,True,False,63.3,1h 3m 18s
T106,2024-03-23,Saturday,Asansol,Dhanbad,20:00,21:00,21:03,22:22,63.3,60,Clear,Low,20,True,False,82.1,1h 22m 6s
T107,2024-03-23,Saturday,Howrah,Bardhaman,19:00,20:30,19:00,20:37,0.0,95,Clear,Low,19,True,False,7.2,0h 7m 12s
T107,2024-03-23,Saturday,Bardhaman,Durgapur,20:30,21:20,20:37,21:53,7.2,55,Fog,Low,20,True,False,33.7,0h 33m 42s
T107,2024-03-23,Saturday,Durgapur,Asansol,21:20,22:00,21:53,22:47,33.7,40,Rain,Low,21,True,False,47.0,0h 47m 0s
T107,2024-03-23,Saturday,Asansol,Dhanbad,22:00,23:00,22:47,00:22,47.0,60,Fog,High,22,True,False,82.3,1h 22m 18s
T100,2024-03-24,Sunday,Howrah,Bardhaman,05:00,06:30,05:00,06:42,0.0,95,Clear,Medium,5,True,False,12.3,0h 12m 18s
T100,2024-03-24,Sunday,Bardhaman,Durgapur,06:30,07:20,06:42,07:40,12.3,55,Clear,Low,6,True,False,20.4,0h 20m 24s
T100,2024-03-24,Sunday,Durgapur,Asansol,07:20,08:00,07:40,08:35,20.4,40,Clear,Medium,7,True,False,35.6,0h 35m 36s
T100,2024-03-24,Sunday,Asansol,Dhanbad,08:00,09:00,08:35,09:41,35.6,60,Rain,Low,8,True,False,41.5,0h 41m 30s
T101,2024-03-24,Sunday,Howrah,Bardhaman,07:00,08:30,07:00,08:41,0.0,95,Rain,Medium,7,True,False,11.8,0h 11m 48s
T101,2024-03-24,Sunday,Bardhaman,Durgapur,08:30,09:20,08:41,09:40,11.8,55,Clear,Medium,8,True,False,20.1,0h 20m 6s
T101,2024-03-24,Sunday,Durgapur,Asansol,09:20,10:00,09:40,10:34,20.1,40,Rain,Low,9,True,False,34.7,0h 34m 42s
T101,2024-03-24,Sunday,Asansol,Dhanbad,10:00,11:00,10:34,11:36,34.7,60,Clear,Low,10,True,False,36.0,0h 36m 0s
T102,2024-03-24,Sunday,Howrah,Bardhaman,09:00,10:30,09:00,10:43,0.0,95,Clear,Medium,9,True,False,14.0,0h 14m 0s
T102,2024-03-24,Sunday,Bardhaman,Durgapur,10:30,11:20,10:43,11:46,14.0,55,Clear,Medium,10,True,False,26.8,0h 26m 48s
T102,2024-03-24,Sunday,Durgapur,Asansol,11:20,12:00,11:46,12:41,26.8,40,Rain,Low,11,True,False,41.8,0h 41m 48s
T102,2024-03-24,Sunday,Asansol,Dhanbad,12:00,13:00,12:41,14:04,41.8,60,Fog,Medium,12,True,False,64.6,1h 4m 36s
T103,2024-03-24,Sunday,Howrah,Bardhaman,11:00,12:30,11:00,12:46,0.0,95,Clear,Low,11,True,False,16.6,0h 16m 36s
T103,2024-03-24,Sunday,Bardhaman,Durgapur,12:30,13:20,12:46,13:48,16.6,55,Clear,Low,12,True,False,28.4,0h 28m 24s
T103,2024-03-24,Sunday,Durgapur,Asansol,13:20,14:00,13:48,15:04,28.4,40,Fog,Low,13,True,False,64.2,1h 4m 12s
T103,2024-03-24,Sunday,Asansol,Dhanbad,14:00,15:00,15:04,16:44,64.2,60,Fog,Low,14,True,False,104.0,1h 44m 0s
T104,2024-03-24,Sunday,Howrah,Bardhaman,13:00,14:30,13:00,14:36,0.0,95,Fog,Low,13,True,False,7.0,0h 7m 0s
T104,2024-03-24,Sunday,Bardhaman,Durgapur,14:30,15:20,14:36,15:29,7.0,55,Rain,Low,14,True,False,9.5,0h 9m 30s
T104,2024-03-24,Sunday,Durgapur,Asansol,15:20,16:00,15:29,16:27,9.5,40,Fog,Low,15,True,False,27.7,0h 27m 42s
T104,2024-03-24,Sunday,Asansol,Dhanbad,16:00,17:00,16:27,17:34,27.7,60,Fog,Low,16,True,False,34.2,0h 34m 12s
T105,2024-03-24,Sunday,Howrah,Bardhaman,15:00,16:30,15:00,16:48,0.0,95,Rain,Medium,15,True,False,18.8,0h 18m 48s
T105,2024-03-24,Sunday,Bardhaman,Durgapur,16:30,17:20,16:48,18:00,18.8,55,Fog,Medium,16,True,False,40.2,0h 40m 12s
T105,2024-03-24,Sunday,Durgapur,Asansol,17:20,18:00,18:00,18:44,40.2,40,Clear,Medium,17,True,False,44.3,0h 44m 18s
T105,2024-03-24,Sunday,Asansol,Dhanbad,18:00,19:00,18:44,19:45,44.3,60,Clear,Low,18,True,False,45.8,0h 45m 48s
T106,2024-03-24,Sunday,Howrah,Bardhaman,17:00,18:30,17:00,18:55,0.0,95,Fog,Medium,17,True,False,25.2,0h 25m 12s
T106,2024-03-24,Sunday,Bardhaman,Durgapur,18:30,19:20,18:55,20:14,25.2,55,Clear,Medium,18,True,False,54.6,0h 54m 36s
T106,2024-03-24,Sunday,Durgapur,Asansol,19:20,20:00,20:14,21:05,54.6,40,Clear,Low,19,True,False,65.2,1h 5m 12s
T106,2024-03-24,Sunday,Asansol,Dhanbad,20:00,21:00,21:05,22:18,65.2,60,Clear,Low,20,True,False,78.6,1h 18m 36s
T107,2024-03-24,Sunday,Howrah,Bardhaman,19:00,20:30,19:00,21:11,0.0,95,Rain,High,19,True,False,41.7,0h 41m 42s
T107,2024-03-24,Sunday,Bardhaman,Durgapur,20:30,21:20,21:11,22:11,41.7,55,Clear,Low,20,True,False,51.9,0h 51m 54s
T107,2024-03-24,Sunday,Durgapur,Asansol,21:20,22:00,22:11,23:26,51.9,40,Clear,High,21,True,False,86.5,1h 26m 30s
T107,2024-03-24,Sunday,Asansol,Dhanbad,22:00,23:00,23:26,00:50,86.5,60,Rain,Medium,22,True,False,110.7,1h 50m 42s
T100,2024-03-25,Monday,Howrah,Bardhaman,05:00,06:30,05:00,07:00,0.0,95,Clear,High,5,False,False,30.2,0h 30m 12s
T100,2024-03-25,Monday,Bardhaman,Durgapur,06:30,07:20,07:00,08:03,30.2,55,Rain,Low,6,False,False,43.9,0h 43m 54s
T100,2024-03-25,Monday,Durgapur,Asansol,07:20,08:00,08:03,09:10,43.9,40,Clear,High,7,False,False,70.5,1h 10m 30s
T100,2024-03-25,Monday,Asansol,Dhanbad,08:00,09:00,09:10,10:49,70.5,60,Clear,High,8,False,False,109.6,1h 49m 36s
T101,2024-03-25,Monday,Howrah,Bardhaman,07:00,08:30,07:00,08:56,0.0,95,Clear,High,7,False,False,26.8,0h 26m 48s
T101,2024-03-25,Monday,Bardhaman,Durgapur,08:30,09:20,08:56,10:11,26.8,55,Clear,High,8,False,False,51.5,0h 51m 30s
T101,2024-03-25,Monday,Durgapur,Asansol,09:20,10:00,10:11,10:57,51.5,40,Clear,Low,9,False,False,57.2,0h 57m 12s
T101,2024-03-25,Monday,Asansol,Dhanbad,10:00,11:00,10:57,11:59,57.2,60,Clear,Low,10,False,False,59.8,0h 59m 48s
T102,2024-03-25,Monday,Howrah,Bardhaman,09:00,10:30,09:00,11:02,0.0,95,Clear,High,9,False,False,32.5,0h 32m 30s
T102,2024-03-25,Monday,Bardhaman,Durgapur,10:30,11:20,11:02,12:03,32.5,55,Clear,Low,10,False,False,43.7,0h 43m 42s
T102,2024-03-25,Monday,Durgapur,Asansol,11:20,12:00,12:03,13:09,43.7,40,Clear,Medium,11,False,False,69.0,1h 9m 0s
T102,2024-03-25,Monday,Asansol,Dhanbad,12:00,13:00,13:09,14:30,69.0,60,Clear,Medium,12,False,False,91.0,1h 31m 0s
T103,2024-03-25,Monday,Howrah,Bardhaman,11:00,12:30,11:00,13:01,0.0,95,Rain,Low,11,False,False,31.8,0h 31m 48s
T103,2024-03-25,Monday,Bardhaman,Durgapur,12:30,13:20,13:01,14:16,31.8,55,Clear,Medium,12,False,False,56.5,0h 56m 30s
T103,2024-03-25,Monday,Durgapur,Asansol,13:20,14:00,14:16,15:10,56.5,40,Clear,Low,13,False,False,70.3,1h 10m 18s
T103,2024-03-25,Monday,Asansol,Dhanbad,14:00,15:00,15:10,16:37,70.3,60,Clear,Medium,14,False,False,97.1,1h 37m 6s
T104,2024-03-25,Monday,Howrah,Bardhaman,13:00,14:30,13:00,15:10,0.0,95,Rain,High,13,False,False,40.1,0h 40m 6s
T104,2024-03-25,Monday,Bardhaman,Durgapur,14:30,15:20,15:10,16:04,40.1,55,Clear,Low,14,False,False,45.0,0h 45m 0s
T104,2024-03-25,Monday,Durgapur,Asansol,15:20,16:00,16:04,17:09,45.0,40,Fog,Medium,15,False,False,69.0,1h 9m 0s
T104,2024-03-25,Monday,Asansol,Dhanbad,16:00,17:00,17:09,18:10,69.0,60,Clear,Low,16,False,False,70.5,1h 10m 30s
T105,2024-03-25,Monday,Howrah,Bardhaman,15:00,16:30,15:00,16:47,0.0,95,Clear,Medium,15,False,False,17.4,0h 17m 24s
T105,2024-03-25,Monday,Bardhaman,Durgapur,16:30,17:20,16:47,17:37,17.4,55,Clear,Low,16,False,False,17.4,0h 17m 24s
T105,2024-03-25,Monday,Durgapur,Asansol,17:20,18:00,17:37,18:54,17.4,40,Rain,High,17,False,False,54.9,0h 54m 54s
T105,2024-03-25,Monday,Asansol,Dhanbad,18:00,19:00,18:54,20:26,54.9,60,Fog,High,18,False,False,86.4,1h 26m 24s
T106,2024-03-25,Monday,Howrah,Bardhaman,17:00,18:30,17:00,18:55,0.0,95,Clear,High,17,False,False,25.3,0h 25m 18s
T106,2024-03-25,Monday,Bardhaman,Durgapur,18:30,19:20,18:55,20:37,25.3,55,Clear,High,18,False,False,77.1,1h 17m 6s
T106,2024-03-25,Monday,Durgapur,Asansol,19:20,20:00,20:37,21:34,77.1,40,Clear,Low,19,False,False,94.8,1h 34m 48s
T106,2024-03-25,Monday,Asansol,Dhanbad,20:00,21:00,21:34,22:50,94.8,60,Clear,Low,20,False,False,110.3,1h 50m 18s
T107,2024-03-25,Monday,Howrah,Bardhaman,19:00,20:30,19:00,21:10,0.0,95,Clear,High,19,False,False,40.7,0h 40m 42s
T107,2024-03-25,Monday,Bardhaman,Durgapur,20:30,21:20,21:10,22:10,40.7,55,Clear,Medium,20,False,False,50.9,0h 50m 54s
T107,2024-03-25,Monday,Durgapur,Asansol,21:20,22:00,22:10,23:03,50.9,40,Clear,Low,21,False,False,63.1,1h 3m 6s
T107,2024-03-25,Monday,Asansol,Dhanbad,22:00,23:00,23:03,00:14,63.1,60,Clear,Low,22,False,False,75.0,1h 15m 0s
T100,2024-03-26,Tuesday,Howrah,Bardhaman,05:00,06:30,05:00,06:34,0.0,95,Clear,Low,5,False,False,4.3,0h 4m 18s
T100,2024-03-26,Tuesday,Bardhaman,Durgapur,06:30,07:20,06:34,07:31,4.3,55,Clear,Low,6,False,False,11.2,0h 11m 12s
T100,2024-03-26,Tuesday,Durgapur,Asansol,07:20,08:00,07:31,08:42,11.2,40,Clear,High,7,False,False,42.4,0h 42m 24s
T100,2024-03-26,Tuesday,Asansol,Dhanbad,08:00,09:00,08:42,09:53,42.4,60,Clear,High,8,False,False,53.3,0h 53m 18s
T101,2024-03-26,Tuesday,Howrah,Bardhaman,07:00,08:30,07:00,08:55,0.0,95,Rain,High,7,False,False,25.2,0h 25m 12s
T101,2024-03-26,Tuesday,Bardhaman,Durgapur,08:30,09:20,08:55,10:12,25.2,55,Clear,High,8,False,False,52.7,0h 52m 42s
T101,2024-03-26,Tuesday,Durgapur,Asansol,09:20,10:00,10:12,11:03,52.7,40,Clear,Medium,9,False,False,63.4,1h 3m 24s
T101,2024-03-26,Tuesday,Asansol,Dhanbad,10:00,11:00,11:03,12:09,63.4,60,Clear,Low,10,False,False,69.8,1h 9m 48s
T102,2024-03-26,Tuesday,Howrah,Bardhaman,09:00,10:30,09:00,10:53,0.0,95,Clear,High,9,False,False,23.8,0h 23m 48s
T102,2024-03-26,Tuesday,Bardhaman,Durgapur,10:30,11:20,10:53,11:58,23.8,55,Clear,Low,10,False,False,38.2,0h 38m 12s
T102,2024-03-26,Tuesday,Durgapur,Asansol,11:20,12:00,11:58,13:00,38.2,40,Clear,Medium,11,False,False,60.3,1h 0m 18s
T102,2024-03-26,Tuesday,Asansol,Dhanbad,12:00,13:00,13:00,14:19,60.3,60,Clear,Medium,12,False,False,79.3,1h 19m 18s
T103,2024-03-26,Tuesday,Howrah,Bardhaman,11:00,12:30,11:00,13:04,0.0,95,Rain,Medium,11,False,False,34.2,0h 34m 12s
T103,2024-03-26,Tuesday,Bardhaman,Durgapur,12:30,13:20,13:04,14:10,34.2,55,Clear,Low,12,False,False,50.6,0h 50m 36s
T103,2024-03-26,Tuesday,Durgapur,Asansol,13:20,14:00,14:10,15:14,50.6,40,Clear,Medium,13,False,False,74.7,1h 14m 42s
T103,2024-03-26,Tuesday,Asansol,Dhanbad,14:00,15:00,15:14,16:31,74.7,60,Clear,Low,14,False,False,91.3,1h 31m 18s
T104,2024-03-26,Tuesday,Howrah,Bardhaman,13:00,14:30,13:00,14:35,0.0,95,Clear,Low,13,False,False,5.3,0h 5m 18s
T104,2024-03-26,Tuesday,Bardhaman,Durgapur,14:30,15:20,14:35,15:42,5.3,55,Rain,Medium,14,False,False,22.1,0h 22m 6s
T104,2024-03-26,Tuesday,Durgapur,Asansol,15:20,16:00,15:42,16:23,22.1,40,Clear,Low,15,False,False,23.0,0h 23m 0s
T104,2024-03-26,Tuesday,Asansol,Dhanbad,16:00,17:00,16:23,17:27,23.0,60,Clear,Low,16,False,False,27.5,0h 27m 30s
T105,2024-03-26,Tuesday,Howrah,Bardhaman,15:00,16:30,15:00,16:42,0.0,95,Clear,Medium,15,False,False,12.8,0h 12m 48s
T105,2024-03-26,Tuesday,Bardhaman,Durgapur,16:30,17:20,16:42,17:38,12.8,55,Clear,Medium,16,False,False,18.3,0h 18m 18s
T105,2024-03-26,Tuesday,Durgapur,Asansol,17:20,18:00,17:38,18:38,18.3,40,Rain,Medium,17,False,False,38.3,0h 38m 18s
T105,2024-03-26,Tuesday,Asansol,Dhanbad,18:00,19:00,18:38,19:47,38.3,60,Clear,Medium,18,False,False,47.9,0h 47m 54s
T106,2024-03-26,Tuesday,Howrah,Bardhaman,17:00,18:30,17:00,19:08,0.0,95,Clear,High,17,False,False,38.2,0h 38m 12s
T106,2024-03-26,Tuesday,Bardhaman,Durgapur,18:30,19:20,19:08,20:32,38.2,55,Clear,High,18,False,False,72.3,1h 12m 18s
T106,2024-03-26,Tuesday,Durgapur,Asansol,19:20,20:00,20:32,21:58,72.3,40,Rain,High,19,False,False,118.5,1h 58m 30s
T106,2024-03-26,Tuesday,Asansol,Dhanbad,20:00,21:00,21:58,23:18,118.5,60,Clear,Low,20,False,False,138.5,2h 18m 30s
T107,2024-03-26,Tuesday,Howrah,Bardhaman,19:00,20:30,19:00,20:43,0.0,95,Clear,Medium,19,False,False,13.5,0h 13m 30s
T107,2024-03-26,Tuesday,Bardhaman,Durgapur,20:30,21:20,20:43,21:56,13.5,55,Clear,High,20,False,False,36.5,0h 36m 30s
T107,2024-03-26,Tuesday,Durgapur,Asansol,21:20,22:00,21:56,23:19,36.5,40,Clear,High,21,False,False,79.6,1h 19m 36s
T107,2024-03-26,Tuesday,Asansol,Dhanbad,22:00,23:00,23:19,00:30,79.6,60,Clear,Medium,22,False,False,90.1,1h 30m 6s
T100,2024-03-27,Wednesday,Howrah,Bardhaman,05:00,06:30,05:00,06:35,0.0,95,Clear,Low,5,False,False,5.8,0h 5m 48s
T100,2024-03-27,Wednesday,Bardhaman,Durgapur,06:30,07:20,06:35,08:06,5.8,55,Rain,High,6,False,False,46.5,0h 46m 30s
T100,2024-03-27,Wednesday,Durgapur,Asansol,07:20,08:00,08:06,09:24,46.5,40,Clear,High,7,False,False,84.6,1h 24m 36s
T100,2024-03-27,Wednesday,Asansol,Dhanbad,08:00,09:00,09:24,10:33,84.6,60,Clear,Low,8,False,False,93.9,1h 33m 54s
T101,2024-03-27,Wednesday,Howrah,Bardhaman,07:00,08:30,07:00,09:03,0.0,95,Rain,High,7,False,False,33.0,0h 33m 0s
T101,2024-03-27,Wednesday,Bardhaman,Durgapur,08:30,09:20,09:03,10:12,33.0,55,Clear,High,8,False,False,52.3,0h 52m 18s
T101,2024-03-27,Wednesday,Durgapur,Asansol,09:20,10:00,10:12,11:04,52.3,40,Clear,Medium,9,False,False,64.6,1h 4m 36s
T101,2024-03-27,Wednesday,Asansol,Dhanbad,10:00,11:00,11:04,12:06,64.6,60,Clear,Medium,10,False,False,66.6,1h 6m 36s
T102,2024-03-27,Wednesday,Howrah,Bardhaman,09:00,10:30,09:00,10:51,0.0,95,Fog,Medium,9,False,False,21.2,0h 21m 12s
T102,2024-03-27,Wednesday,Bardhaman,Durgapur,10:30,11:20,10:51,11:48,21.2,55,Clear,Low,10,False,False,28.1,0h 28m 6s
T102,2024-03-27,Wednesday,Durgapur,Asansol,11:20,12:00,11:48,12:38,28.1,40,Clear,Medium,11,False,False,38.6,0h 38m 36s
T102,2024-03-27,Wednesday,Asansol,Dhanbad,12:00,13:00,12:38,13:51,38.6,60,Clear,Low,12,False,False,51.0,0h 51m 0s
T103,2024-03-27,Wednesday,Howrah,Bardhaman,11:00,12:30,11:00,12:50,0.0,95,Rain,Medium,11,False,False,20.5,0h 20m 30s
T103,2024-03-27,Wednesday,Bardhaman,Durgapur,12:30,13:20,12:50,14:27,20.5,55,Fog,High,12,False,False,67.9,1h 7m 54s
T103,2024-03-27,Wednesday,Durgapur,Asansol,13:20,14:00,14:27,15:25,67.9,40,Clear,Low,13,False,False,85.2,1h 25m 12s
T103,2024-03-27,Wednesday,Asansol,Dhanbad,14:00,15:00,15:25,16:45,85.2,60,Clear,Low,14,False,False,105.6,1h 45m 36s
T104,2024-03-27,Wednesday,Howrah,Bardhaman,13:00,14:30,13:00,14:44,0.0,95,Rain,Medium,13,False,False,14.3,0h 14m 18s
T104,2024-03-27,Wednesday,Bardhaman,Durgapur,14:30,15:20,14:44,15:37,14.3,55,Clear,Low,14,False,False,17.2,0h 17m 12s
T104,2024-03-27,Wednesday,Durgapur,Asansol,15:20,16:00,15:37,16:23,17.2,40,Clear,Medium,15,False,False,23.2,0h 23m 12s
T104,2024-03-27,Wednesday,Asansol,Dhanbad,16:00,17:00,16:23,17:37,23.2,60,Clear,Medium,16,False,False,37.9,0h 37m 54s
T105,2024-03-27,Wednesday,Howrah,Bardhaman,15:00,16:30,15:00,16:32,0.0,95,Clear,Low,15,False,False,2.8,0h 2m 48s
T105,2024-03-27,Wednesday,Bardhaman,Durgapur,16:30,17:20,16:32,17:32,2.8,55,Clear,Medium,16,False,False,12.2,0h 12m 12s
T105,2024-03-27,Wednesday,Durgapur,Asansol,17:20,18:00,17:32,18:47,12.2,40,Rain,High,17,False,False,47.2,0h 47m 12s
T105,2024-03-27,Wednesday,Asansol,Dhanbad,18:00,19:00,18:47,19:47,47.2,60,Clear,Low,18,False,False,47.2,0h 47m 12s
T106,2024-03-27,Wednesday,Howrah,Bardhaman,17:00,18:30,17:00,19:26,0.0,95,Fog,High,17,False,False,57.0,0h 57m 0s
T106,2024-03-27,Wednesday,Bardhaman,Durgapur,18:30,19:20,19:26,20:47,57.0,55,Clear,High,18,False,False,87.2,1h 27m 12s
T106,2024-03-27,Wednesday,Durgapur,Asansol,19:20,20:00,20:47,22:03,87.2,40,Clear,High,19,False,False,123.3,2h 3m 18s
T106,2024-03-27,Wednesday,Asansol,Dhanbad,20:00,21:00,22:03,23:33,123.3,60,Clear,Medium,20,False,False,153.1,2h 33m 6s
T107,2024-03-27,Wednesday,Howrah,Bardhaman,19:00,20:30,19:00,21:04,0.0,95,Clear,High,19,False,False,34.5,0h 34m 30s
T107,2024-03-27,Wednesday,Bardhaman,Durgapur,20:30,21:20,21:04,22:28,34.5,55,Clear,High,20,False,False,68.9,1h 8m 54s
T107,2024-03-27,Wednesday,Durgapur,Asansol,21:20,22:00,22:28,23:26,68.9,40,Clear,Medium,21,False,False,86.7,1h 26m 42s
T107,2024-03-27,Wednesday,Asansol,Dhanbad,22:00,23:00,23:26,00:50,86.7,60,Rain,Low,22,False,False,110.9,1h 50m 54s
T100,2024-03-28,Thursday,Howrah,Bardhaman,05:00,06:30,05:00,06:43,0.0,95,Clear,Low,5,False,False,13.2,0h 13m 12s
T100,2024-03-28,Thursday,Bardhaman,Durgapur,06:30,07:20,06:43,07:42,13.2,55,Clear,Medium,6,False,False,22.9,0h 22m 54s
T100,2024-03-28,Thursday,Durgapur,Asansol,07:20,08:00,07:42,08:41,22.9,40,Clear,Medium,7,False,False,41.6,0h 41m 36s
T100,2024-03-28,Thursday,Asansol,Dhanbad,08:00,09:00,08:41,09:53,41.6,60,Clear,Low,8,False,False,53.3,0h 53m 18s
T101,2024-03-28,Thursday,Howrah,Bardhaman,07:00,08:30,07:00,08:40,0.0,95,Clear,Medium,7,False,False,10.0,0h 10m 0s
T101,2024-03-28,Thursday,Bardhaman,Durgapur,08:30,09:20,08:40,09:43,10.0,55,Clear,High,8,False,False,23.7,0h 23m 42s
T101,2024-03-28,Thursday,Durgapur,Asansol,09:20,10:00,09:43,10:39,23.7,40,Clear,Medium,9,False,False,39.9,0h 39m 54s
T101,2024-03-28,Thursday,Asansol,Dhanbad,10:00,11:00,10:39,11:48,39.9,60,Clear,Low,10,False,False,48.9,0h 48m 54s
T102,2024-03-28,Thursday,Howrah,Bardhaman,09:00,10:30,09:00,11:09,0.0,95,Fog,High,9,False,False,39.3,0h 39m 18s
T102,2024-03-28,Thursday,Bardhaman,Durgapur,10:30,11:20,11:09,12:13,39.3,55,Clear,Low,10,False,False,53.9,0h 53m 54s
T102,2024-03-28,Thursday,Durgapur,Asansol,11:20,12:00,12:13,13:03,53.9,40,Clear,Low,11,False,False,63.1,1h 3m 6s
T102,2024-03-28,Thursday,Asansol,Dhanbad,12:00,13:00,13:03,14:31,63.1,60,Clear,High,12,False,False,91.8,1h 31m 48s
T103,2024-03-28,Thursday,Howrah,Bardhaman,11:00,12:30,11:00,13:11,0.0,95,Fog,Medium,11,False,False,41.0,0h 41m 0s
T103,2024-03-28,Thursday,Bardhaman,Durgapur,12:30,13:20,13:11,14:29,41.0,55,Clear,High,12,False,False,69.3,1h 9m 18s
T103,2024-03-28,Thursday,Durgapur,Asansol,13:20,14:00,14:29,15:38,69.3,40,Fog,Low,13,False,False,98.8,1h 38m 48s
T103,2024-03-28,Thursday,Asansol,Dhanbad,14:00,15:00,15:38,17:20,98.8,60,Fog,Medium,14,False,False,140.6,2h 20m 36s
T104,2024-03-28,Thursday,Howrah,Bardhaman,13:00,14:30,13:00,14:49,0.0,95,Clear,High,13,False,False,19.1,0h 19m 6s
T104,2024-03-28,Thursday,Bardhaman,Durgapur,14:30,15:20,14:49,15:57,19.1,55,Fog,Low,14,False,False,37.6,0h 37m 36s
T104,2024-03-28,Thursday,Durgapur,Asansol,15:20,16:00,15:57,16:46,37.6,40,Clear,Medium,15,False,False,46.5,0h 46m 30s
T104,2024-03-28,Thursday,Asansol,Dhanbad,16:00,17:00,16:46,17:56,46.5,60,Clear,Medium,16,False,False,56.3,0h 56m 18s
T105,2024-03-28,Thursday,Howrah,Bardhaman,15:00,16:30,15:00,17:03,0.0,95,Fog,Medium,15,False,False,33.5,0h 33m 30s
T105,2024-03-28,Thursday,Bardhaman,Durgapur,16:30,17:20,17:03,18:16,33.5,55,Clear,High,16,False,False,56.5,0h 56m 30s
T105,2024-03-28,Thursday,Durgapur,Asansol,17:20,18:00,18:16,19:00,56.5,40,Clear,Low,17,False,False,60.2,1h 0m 12s
T105,2024-03-28,Thursday,Asansol,Dhanbad,18:00,19:00,19:00,20:06,60.2,60,Clear,Medium,18,False,False,66.7,1h 6m 42s
T106,2024-03-28,Thursday,Howrah,Bardhaman,17:00,18:30,17:00,18:51,0.0,95,Clear,Medium,17,False,False,21.3,0h 21m 18s
T106,2024-03-28,Thursday,Bardhaman,Durgapur,18:30,19:20,18:51,20:04,21.3,55,Clear,High,18,False,False,44.4,0h 44m 24s
T106,2024-03-28,Thursday,Durgapur,Asansol,19:20,20:00,20:04,21:35,44.4,40,Clear,High,19,False,False,95.3,1h 35m 18s
T106,2024-03-28,Thursday,Asansol,Dhanbad,20:00,21:00,21:35,23:26,95.3,60,Fog,Medium,20,False,False,146.0,2h 26m 0s
T107,2024-03-28,Thursday,Howrah,Bardhaman,19:00,20:30,19:00,21:09,0.0,95,Fog,High,19,False,False,39.4,0h 39m 24s
T107,2024-03-28,Thursday,Bardhaman,Durgapur,20:30,21:20,21:09,22:30,39.4,55,Fog,Medium,20,False,False,70.6,1h 10m 36s
T107,2024-03-28,Thursday,Durgapur,Asansol,21:20,22:00,22:30,23:38,70.6,40,Rain,Low,21,False,False,98.2,1h 38m 12s
T107,2024-03-28,Thursday,Asansol,Dhanbad,22:00,23:00,23:38,00:51,98.2,60,Clear,Medium,22,False,False,111.4,1h 51m 24s
T100,2024-03-29,Friday,Howrah,Bardhaman,05:00,06:30,05:00,07:04,0.0,95,Clear,High,5,False,False,34.6,0h 34m 36s
T100,2024-03-29,Friday,Bardhaman,Durgapur,06:30,07:20,07:04,08:22,34.6,55,Fog,Medium,6,False,False,62.4,1h 2m 24s
T100,2024-03-29,Friday,Durgapur,Asansol,07:20,08:00,08:22,09:37,62.4,40,Rain,High,7,False,False,97.0,1h 37m 0s
T100,2024-03-29,Friday,Asansol,Dhanbad,08:00,09:00,09:37,10:45,97.0,60,Clear,Low,8,False,False,105.6,1h 45m 36s
T101,2024-03-29,Friday,Howrah,Bardhaman,07:00,08:30,07:00,08:55,0.0,95,Clear,High,7,False,False,25.0,0h 25m 0s
T101,2024-03-29,Friday,Bardhaman,Durgapur,08:30,09:20,08:55,09:49,25.0,55,Clear,Medium,8,False,False,29.6,0h 29m 36s
T101,2024-03-29,Friday,Durgapur,Asansol,09:20,10:00,09:49,10:42,29.6,40,Clear,Medium,9,False,False,42.6,0h 42m 36s
T101,2024-03-29,Friday,Asansol,Dhanbad,10:00,11:00,10:42,11:57,42.6,60,Clear,Medium,10,False,False,57.0,0h 57m 0s
T102,2024-03-29,Friday,Howrah,Bardhaman,09:00,10:30,09:00,10:57,0.0,95,Fog,Medium,9,False,False,27.4,0h 27m 24s
T102,2024-03-29,Friday,Bardhaman,Durgapur,10:30,11:20,10:57,12:03,27.4,55,Clear,Medium,10,False,False,43.5,0h 43m 30s
T102,2024-03-29,Friday,Durgapur,Asansol,11:20,12:00,12:03,12:54,43.5,40,Fog,Low,11,False,False,54.1,0h 54m 6s
T102,2024-03-29,Friday,Asansol,Dhanbad,12:00,13:00,12:54,14:13,54.1,60,Clear,Medium,12,False,False,73.5,1h 13m 30s
T103,2024-03-29,Friday,Howrah,Bardhaman,11:00,12:30,11:00,12:41,0.0,95,Clear,Low,11,False,False,11.3,0h 11m 18s
T103,2024-03-29,Friday,Bardhaman,Durgapur,12:30,13:20,12:41,13:44,11.3,55,Clear,Low,12,False,False,24.7,0h 24m 42s
T103,2024-03-29,Friday,Durgapur,Asansol,13:20,14:00,13:44,15:14,24.7,40,Clear,High,13,False,False,74.5,1h 14m 30s
T103,2024-03-29,Friday,Asansol,Dhanbad,14:00,15:00,15:14,16:39,74.5,60,Clear,Medium,14,False,False,99.2,1h 39m 12s
T104,2024-03-29,Friday,Howrah,Bardhaman,13:00,14:30,13:00,14:42,0.0,95,Clear,Medium,13,False,False,12.6,0h 12m 36s
T104,2024-03-29,Friday,Bardhaman,Durgapur,14:30,15:20,14:42,15:56,12.6,55,Fog,Low,14,False,False,36.2,0h 36m 12s
T104,2024-03-29,Friday,Durgapur,Asansol,15:20,16:00,15:56,16:41,36.2,40,Clear,Low,15,False,False,41.2,0h 41m 12s
T104,2024-03-29,Friday,Asansol,Dhanbad,16:00,17:00,16:41,17:41,41.2,60,Clear,Low,16,False,False,41.2,0h 41m 12s
T105,2024-03-29,Friday,Howrah,Bardhaman,15:00,16:30,15:00,16:30,0.0,95,Clear,Medium,15,False,False,0.0,0h 0m 0s
T105,2024-03-29,Friday,Bardhaman,Durgapur,16:30,17:20,16:30,17:37,0.0,55,Clear,Medium,16,False,False,18.0,0h 18m 0s
T105,2024-03-29,Friday,Durgapur,Asansol,17:20,18:00,17:37,18:40,18.0,40,Rain,High,17,False,False,40.9,0h 40m 54s
T105,2024-03-29,Friday,Asansol,Dhanbad,18:00,19:00,18:40,19:43,40.9,60,Clear,Low,18,False,False,43.8,0h 43m 48s
T106,2024-03-29,Friday,Howrah,Bardhaman,17:00,18:30,17:00,19:05,0.0,95,Clear,High,17,False,False,35.0,0h 35m 0s
T106,2024-03-29,Friday,Bardhaman,Durgapur,18:30,19:20,19:05,20:44,35.0,55,Clear,High,18,False,False,84.2,1h 24m 12s
T106,2024-03-29,Friday,Durgapur,Asansol,19:20,20:00,20:44,22:08,84.2,40,Fog,High,19,False,False,128.5,2h 8m 30s
T106,2024-03-29,Friday,Asansol,Dhanbad,20:00,21:00,22:08,23:39,128.5,60,Clear,Medium,20,False,False,159.9,2h 39m 54s
T107,2024-03-29,Friday,Howrah,Bardhaman,19:00,20:30,19:00,21:11,0.0,95,Clear,High,19,False,False,41.5,0h 41m 30s
T107,2024-03-29,Friday,Bardhaman,Durgapur,20:30,21:20,21:11,22:26,41.5,55,Clear,High,20,False,False,66.4,1h 6m 24s
T107,2024-03-29,Friday,Durgapur,Asansol,21:20,22:00,22:26,23:36,66.4,40,Clear,High,21,False,False,96.2,1h 36m 12s
T107,2024-03-29,Friday,Asansol,Dhanbad,22:00,23:00,23:36,00:56,96.2,60,Clear,Medium,22,False,False,116.7,1h 56m 42s
T100,2024-03-30,Saturday,Howrah,Bardhaman,05:00,06:30,05:00,06:58,0.0,95,Clear,High,5,True,False,28.1,0h 28m 6s
T100,2024-03-30,Saturday,Bardhaman,Durgapur,06:30,07:20,06:58,07:51,28.1,55,Clear,Low,6,True,False,31.3,0h 31m 18s
T100,2024-03-30,Saturday,Durgapur,Asansol,07:20,08:00,07:51,08:33,31.3,40,Clear,Low,7,True,False,33.9,0h 33m 54s
T100,2024-03-30,Saturday,Asansol,Dhanbad,08:00,09:00,08:33,09:53,33.9,60,Clear,Medium,8,True,False,53.2,0h 53m 12s
T101,2024-03-30,Saturday,Howrah,Bardhaman,07:00,08:30,07:00,08:37,0.0,95,Clear,Low,7,True,False,7.9,0h 7m 54s
T101,2024-03-30,Saturday,Bardhaman,Durgapur,08:30,09:20,08:37,09:28,7.9,55,Clear,Low,8,True,False,8.3,0h 8m 18s
T101,2024-03-30,Saturday,Durgapur,Asansol,09:20,10:00,09:28,10:09,8.3,40,Clear,Low,9,True,False,9.2,0h 9m 12s
T101,2024-03-30,Saturday,Asansol,Dhanbad,10:00,11:00,10:09,11:21,9.2,60,Clear,Medium,10,True,False,21.1,0h 21m 6s
T102,2024-03-30,Saturday,Howrah,Bardhaman,09:00,10:30,09:00,11:04,0.0,95,Clear,High,9,True,False,34.8,0h 34m 48s
T102,2024-03-30,Saturday,Bardhaman,Durgapur,10:30,11:20,11:04,12:01,34.8,55,Clear,Low,10,True,False,41.2,0h 41m 12s
T102,2024-03-30,Saturday,Durgapur,Asansol,11:20,12:00,12:01,12:45,41.2,40,Clear,Low,11,True,False,45.7,0h 45m 42s
T102,2024-03-30,Saturday,Asansol,Dhanbad,12:00,13:00,12:45,14:18,45.7,60,Rain,Medium,12,True,False,78.5,1h 18m 30s
T103,2024-03-30,Saturday,Howrah,Bardhaman,11:00,12:30,11:00,13:06,0.0,95,Clear,High,11,True,False,36.6,0h 36m 36s
T103,2024-03-30,Saturday,Bardhaman,Durgapur,12:30,13:20,13:06,14:17,36.6,55,Clear,Medium,12,True,False,57.6,0h 57m 36s
T103,2024-03-30,Saturday,Durgapur,Asansol,13:20,14:00,14:17,15:07,57.6,40,Clear,Low,13,True,False,67.2,1h 7m 12s
T103,2024-03-30,Saturday,Asansol,Dhanbad,14:00,15:00,15:07,16:38,67.2,60,Clear,Medium,14,True,False,98.5,1h 38m 30s
T104,2024-03-30,Saturday,Howrah,Bardhaman,13:00,14:30,13:00,14:30,0.0,95,Clear,Medium,13,True,False,0.0,0h 0m 0s
T104,2024-03-30,Saturday,Bardhaman,Durgapur,14:30,15:20,14:30,15:20,0.0,55,Clear,Low,14,True,False,0.0,0h 0m 0s
T104,2024-03-30,Saturday,Durgapur,Asansol,15:20,16:00,15:20,16:02,0.0,40,Clear,Low,15,True,False,2.3,0h 2m 18s
T104,2024-03-30,Saturday,Asansol,Dhanbad,16:00,17:00,16:02,17:05,2.3,60,Clear,Medium,16,True,False,5.2,0h 5m 12s
T105,2024-03-30,Saturday,Howrah,Bardhaman,15:00,16:30,15:00,16:39,0.0,95,Clear,Low,15,True,False,9.2,0h 9m 12s
T105,2024-03-30,Saturday,Bardhaman,Durgapur,16:30,17:20,16:39,17:29,9.2,55,Clear,Low,16,True,False,9.2,0h 9m 12s
T105,2024-03-30,Saturday,Durgapur,Asansol,17:20,18:00,17:29,18:22,9.2,40,Clear,High,17,True,False,22.4,0h 22m 24s
T105,2024-03-30,Saturday,Asansol,Dhanbad,18:00,19:00,18:22,19:23,22.4,60,Clear,Low,18,True,False,23.4,0h 23m 24s
T106,2024-03-30,Saturday,Howrah,Bardhaman,17:00,18:30,17:00,18:53,0.0,95,Rain,Low,17,True,False,23.3,0h 23m 18s
T106,2024-03-30,Saturday,Bardhaman,Durgapur,18:30,19:20,18:53,19:59,23.3,55,Clear,Medium,18,True,False,40.0,0h 40m 0s
T106,2024-03-30,Saturday,Durgapur,Asansol,19:20,20:00,19:59,21:14,40.0,40,Fog,Low,19,True,False,74.8,1h 14m 48s
T106,2024-03-30,Saturday,Asansol,Dhanbad,20:00,21:00,21:14,22:25,74.8,60,Clear,Low,20,True,False,85.3,1h 25m 18s
T107,2024-03-30,Saturday,Howrah,Bardhaman,19:00,20:30,19:00,20:41,0.0,95,Clear,Low,19,True,False,11.1,0h 11m 6s
T107,2024-03-30,Saturday,Bardhaman,Durgapur,20:30,21:20,20:41,21:38,11.1,55,Clear,Low,20,True,False,18.5,0h 18m 30s
T107,2024-03-30,Saturday,Durgapur,Asansol,21:20,22:00,21:38,22:31,18.5,40,Rain,Low,21,True,False,31.3,0h 31m 18s
T107,2024-03-30,Saturday,Asansol,Dhanbad,22:00,23:00,22:31,00:18,31.3,60,Clear,High,22,True,False,78.2,1h 18m 12s
